[14-Aug-2026 20:37:36 Africa/Lagos] PHP Warning:  Constant DB_HOST already defined in C:\laragon\www\skill\config\database.php on line 7
[14-Aug-2026 20:37:36 Africa/Lagos] PHP Warning:  Constant DB_NAME already defined in C:\laragon\www\skill\config\database.php on line 8
[14-Aug-2026 20:37:36 Africa/Lagos] PHP Warning:  Constant DB_USER already defined in C:\laragon\www\skill\config\database.php on line 9
[14-Aug-2026 20:37:36 Africa/Lagos] PHP Warning:  Constant DB_PASS already defined in C:\laragon\www\skill\config\database.php on line 10
[14-Aug-2026 20:37:36 Africa/Lagos] PHP Warning:  Constant DB_CHARSET already defined in C:\laragon\www\skill\config\database.php on line 11
[14-Aug-2026 20:37:36 Africa/Lagos] PHP Fatal error:  Cannot declare class Database, because the name is already in use in C:\laragon\www\skill\config\database.php on line 13
[15-Aug-2026 12:04:04 Africa/Lagos] PHP Warning:  Constant DB_HOST already defined in C:\laragon\www\skill\config\database.php on line 7
[15-Aug-2026 12:04:04 Africa/Lagos] PHP Warning:  Constant DB_NAME already defined in C:\laragon\www\skill\config\database.php on line 8
[15-Aug-2026 12:04:04 Africa/Lagos] PHP Warning:  Constant DB_USER already defined in C:\laragon\www\skill\config\database.php on line 9
[15-Aug-2026 12:04:04 Africa/Lagos] PHP Warning:  Constant DB_PASS already defined in C:\laragon\www\skill\config\database.php on line 10
[15-Aug-2026 12:04:04 Africa/Lagos] PHP Warning:  Constant DB_CHARSET already defined in C:\laragon\www\skill\config\database.php on line 11
[15-Aug-2026 12:04:04 Africa/Lagos] PHP Fatal error:  Cannot declare class Database, because the name is already in use in C:\laragon\www\skill\config\database.php on line 13
[15-Aug-2026 12:07:05 Africa/Lagos] Autoload failed: Class 'User' not found in models/ or controllers/
[15-Aug-2026 12:07:05 Africa/Lagos] PHP Fatal error:  Uncaught Error: Class "User" not found in C:\laragon\www\skill\controllers\AuthController.php:33
Stack trace:
#0 C:\laragon\www\skill\index.php(189): AuthController->__construct()
#1 {main}
  thrown in C:\laragon\www\skill\controllers\AuthController.php on line 33
[15-Aug-2026 12:23:55 Africa/Lagos] PHP Warning:  require_once(C:\laragon\www\skill\controllers/../models/User.php): Failed to open stream: No such file or directory in C:\laragon\www\skill\controllers\AuthController.php on line 3
[15-Aug-2026 12:23:55 Africa/Lagos] PHP Fatal error:  Uncaught Error: Failed opening required 'C:\laragon\www\skill\controllers/../models/User.php' (include_path='.;C:/laragon/etc/php/pear') in C:\laragon\www\skill\controllers\AuthController.php:3
Stack trace:
#0 C:\laragon\www\skill\bootstrap.php(219): require_once()
#1 [internal function]: {closure}('AuthController')
#2 C:\laragon\www\skill\index.php(184): class_exists('AuthController')
#3 {main}
  thrown in C:\laragon\www\skill\controllers\AuthController.php on line 3
[15-Aug-2026 12:26:34 Africa/Lagos] PHP Warning:  require_once(../config/database.php): Failed to open stream: No such file or directory in C:\laragon\www\skill\controllers\AuthController.php on line 2
[15-Aug-2026 12:26:34 Africa/Lagos] PHP Fatal error:  Uncaught Error: Failed opening required '../config/database.php' (include_path='.;C:/laragon/etc/php/pear') in C:\laragon\www\skill\controllers\AuthController.php:2
Stack trace:
#0 C:\laragon\www\skill\bootstrap.php(219): require_once()
#1 [internal function]: {closure}('AuthController')
#2 C:\laragon\www\skill\index.php(184): class_exists('AuthController')
#3 {main}
  thrown in C:\laragon\www\skill\controllers\AuthController.php on line 2
[15-Aug-2026 12:26:54 Africa/Lagos] PHP Warning:  require_once(../models/User.php): Failed to open stream: No such file or directory in C:\laragon\www\skill\controllers\AuthController.php on line 3
[15-Aug-2026 12:26:54 Africa/Lagos] PHP Fatal error:  Uncaught Error: Failed opening required '../models/User.php' (include_path='.;C:/laragon/etc/php/pear') in C:\laragon\www\skill\controllers\AuthController.php:3
Stack trace:
#0 C:\laragon\www\skill\bootstrap.php(219): require_once()
#1 [internal function]: {closure}('AuthController')
#2 C:\laragon\www\skill\index.php(184): class_exists('AuthController')
#3 {main}
  thrown in C:\laragon\www\skill\controllers\AuthController.php on line 3
[15-Aug-2026 12:27:03 Africa/Lagos] PHP Warning:  require_once(models/User.php): Failed to open stream: No such file or directory in C:\laragon\www\skill\controllers\AuthController.php on line 3
[15-Aug-2026 12:27:03 Africa/Lagos] PHP Fatal error:  Uncaught Error: Failed opening required 'models/User.php' (include_path='.;C:/laragon/etc/php/pear') in C:\laragon\www\skill\controllers\AuthController.php:3
Stack trace:
#0 C:\laragon\www\skill\bootstrap.php(219): require_once()
#1 [internal function]: {closure}('AuthController')
#2 C:\laragon\www\skill\index.php(184): class_exists('AuthController')
#3 {main}
  thrown in C:\laragon\www\skill\controllers\AuthController.php on line 3
[15-Aug-2026 12:27:53 Africa/Lagos] Autoload failed: Class 'Profile' not found in models/ or controllers/
[15-Aug-2026 12:27:53 Africa/Lagos] PHP Fatal error:  Uncaught Error: Class "Profile" not found in C:\laragon\www\skill\controllers\AuthController.php:36
Stack trace:
#0 C:\laragon\www\skill\index.php(189): AuthController->__construct()
#1 {main}
  thrown in C:\laragon\www\skill\controllers\AuthController.php on line 36
[15-Aug-2026 12:28:44 Africa/Lagos] Routing Error: Action 'index' not found in controller 'AuthController'.
[15-Aug-2026 12:28:56 Africa/Lagos] Routing Error: Action 'index' not found in controller 'AuthController'.
[15-Aug-2026 12:29:20 Africa/Lagos] Routing Error: Action 'index' not found in controller 'AuthController'.
[15-Aug-2026 12:29:46 Africa/Lagos] Routing Error: Action 'index' not found in controller 'AuthController'.
[15-Aug-2026 13:01:14 Africa/Lagos] Autoload failed: Class 'User' not found.
[15-Aug-2026 13:01:14 Africa/Lagos] PHP Fatal error:  Uncaught Error: Class "User" not found in C:\laragon\www\skill\controllers\AuthController.php:36
Stack trace:
#0 C:\laragon\www\skill\index.php(189): AuthController->__construct()
#1 {main}
  thrown in C:\laragon\www\skill\controllers\AuthController.php on line 36
[15-Aug-2026 13:09:09 Africa/Lagos] Autoload failed: Class 'User' not found.
[15-Aug-2026 13:09:09 Africa/Lagos] PHP Fatal error:  Uncaught Error: Class "User" not found in C:\laragon\www\skill\controllers\AuthController.php:36
Stack trace:
#0 C:\laragon\www\skill\index.php(189): AuthController->__construct()
#1 {main}
  thrown in C:\laragon\www\skill\controllers\AuthController.php on line 36
[15-Aug-2026 13:48:46 Africa/Lagos] Autoload failed: Class 'Database' not found in models/ or controllers/
[15-Aug-2026 13:50:38 Africa/Lagos] Autoload failed: Class 'Database' not found in models/ or controllers/
[15-Aug-2026 13:50:38 Africa/Lagos] Routing Error: Action 'index' not found in controller 'AuthController'.
[15-Aug-2026 13:52:11 Africa/Lagos] Autoload failed: Class 'Database' not found in models/ or controllers/
[15-Aug-2026 14:01:19 Africa/Lagos] Autoload failed: Class 'Database' not found in models/ or controllers/
[15-Aug-2026 14:01:29 Africa/Lagos] Autoload failed: Class 'Database' not found in models/ or controllers/
[15-Aug-2026 14:02:38 Africa/Lagos] Autoload failed: Class 'Database' not found in models/ or controllers/
[15-Aug-2026 14:02:38 Africa/Lagos] Autoload failed: Class 'Database' not found in models/ or controllers/
[15-Aug-2026 14:02:38 Africa/Lagos] Autoload failed: Class 'Profile' not found in models/ or controllers/
[15-Aug-2026 14:02:38 Africa/Lagos] PHP Fatal error:  Uncaught Error: Class "Profile" not found in C:\laragon\www\skillswap\controllers\DashboardController.php:63
Stack trace:
#0 C:\laragon\www\skillswap\index.php(189): DashboardController->__construct()
#1 {main}
  thrown in C:\laragon\www\skillswap\controllers\DashboardController.php on line 63
[15-Aug-2026 18:33:03 Africa/Lagos] Autoload failed: Class 'Database' not found in models/ or controllers/
[15-Aug-2026 18:33:03 Africa/Lagos] Autoload failed: Class 'Database' not found in models/ or controllers/
[15-Aug-2026 18:33:34 Africa/Lagos] Autoload failed: Class 'Database' not found in models/ or controllers/
[15-Aug-2026 18:33:34 Africa/Lagos] Autoload failed: Class 'Database' not found in models/ or controllers/
[15-Aug-2026 18:33:34 Africa/Lagos] Autoload failed: Class 'Profile' not found in models/ or controllers/
[15-Aug-2026 18:33:34 Africa/Lagos] PHP Fatal error:  Uncaught Error: Class "Profile" not found in C:\laragon\www\skillswap\controllers\DashboardController.php:63
Stack trace:
#0 C:\laragon\www\skillswap\index.php(189): DashboardController->__construct()
#1 {main}
  thrown in C:\laragon\www\skillswap\controllers\DashboardController.php on line 63
[15-Aug-2026 18:36:36 Africa/Lagos] Autoload failed: Class 'Database' not found in models/ or controllers/
[15-Aug-2026 18:36:36 Africa/Lagos] Autoload failed: Class 'profile' not found in models/ or controllers/
[15-Aug-2026 18:36:36 Africa/Lagos] PHP Fatal error:  Uncaught Error: Class "profile" not found in C:\laragon\www\skillswap\controllers\DashboardController.php:63
Stack trace:
#0 C:\laragon\www\skillswap\index.php(189): DashboardController->__construct()
#1 {main}
  thrown in C:\laragon\www\skillswap\controllers\DashboardController.php on line 63
[15-Aug-2026 18:42:50 Africa/Lagos] Autoload failed: Class 'Database' not found in models/ or controllers/
[15-Aug-2026 18:42:50 Africa/Lagos] Autoload failed: Class 'Skill' not found in models/ or controllers/
[15-Aug-2026 18:42:50 Africa/Lagos] PHP Fatal error:  Uncaught Error: Class "Skill" not found in C:\laragon\www\skillswap\controllers\DashboardController.php:64
Stack trace:
#0 C:\laragon\www\skillswap\index.php(189): DashboardController->__construct()
#1 {main}
  thrown in C:\laragon\www\skillswap\controllers\DashboardController.php on line 64
[15-Aug-2026 18:43:25 Africa/Lagos] Autoload failed: Class 'Database' not found in models/ or controllers/
[15-Aug-2026 18:43:25 Africa/Lagos] Autoload failed: Class 'Skill' not found in models/ or controllers/
[15-Aug-2026 18:43:25 Africa/Lagos] PHP Fatal error:  Uncaught Error: Class "Skill" not found in C:\laragon\www\skillswap\controllers\DashboardController.php:64
Stack trace:
#0 C:\laragon\www\skillswap\index.php(189): DashboardController->__construct()
#1 {main}
  thrown in C:\laragon\www\skillswap\controllers\DashboardController.php on line 64
[15-Aug-2026 18:43:26 Africa/Lagos] Autoload failed: Class 'Database' not found in models/ or controllers/
[15-Aug-2026 18:43:26 Africa/Lagos] Autoload failed: Class 'Skill' not found in models/ or controllers/
[15-Aug-2026 18:43:26 Africa/Lagos] PHP Fatal error:  Uncaught Error: Class "Skill" not found in C:\laragon\www\skillswap\controllers\DashboardController.php:64
Stack trace:
#0 C:\laragon\www\skillswap\index.php(189): DashboardController->__construct()
#1 {main}
  thrown in C:\laragon\www\skillswap\controllers\DashboardController.php on line 64
[15-Aug-2026 18:44:30 Africa/Lagos] Autoload failed: Class 'Database' not found in models/ or controllers/
[15-Aug-2026 18:44:30 Africa/Lagos] Autoload failed: Class 'Exchange' not found in models/ or controllers/
[15-Aug-2026 18:44:30 Africa/Lagos] PHP Fatal error:  Uncaught Error: Class "Exchange" not found in C:\laragon\www\skillswap\controllers\DashboardController.php:66
Stack trace:
#0 C:\laragon\www\skillswap\index.php(189): DashboardController->__construct()
#1 {main}
  thrown in C:\laragon\www\skillswap\controllers\DashboardController.php on line 66
[15-Aug-2026 18:44:55 Africa/Lagos] Autoload failed: Class 'Database' not found in models/ or controllers/
[15-Aug-2026 18:44:55 Africa/Lagos] Autoload failed: Class 'Message' not found in models/ or controllers/
[15-Aug-2026 18:44:55 Africa/Lagos] PHP Fatal error:  Uncaught Error: Class "Message" not found in C:\laragon\www\skillswap\controllers\DashboardController.php:67
Stack trace:
#0 C:\laragon\www\skillswap\index.php(189): DashboardController->__construct()
#1 {main}
  thrown in C:\laragon\www\skillswap\controllers\DashboardController.php on line 67
[15-Aug-2026 18:45:54 Africa/Lagos] Autoload failed: Class 'Database' not found in models/ or controllers/
[15-Aug-2026 18:45:54 Africa/Lagos] Autoload failed: Class 'MatchModel' not found in models/ or controllers/
[15-Aug-2026 18:45:54 Africa/Lagos] PHP Fatal error:  Uncaught Error: Class "MatchModel" not found in C:\laragon\www\skillswap\controllers\DashboardController.php:65
Stack trace:
#0 C:\laragon\www\skillswap\index.php(189): DashboardController->__construct()
#1 {main}
  thrown in C:\laragon\www\skillswap\controllers\DashboardController.php on line 65
[15-Aug-2026 18:45:56 Africa/Lagos] Autoload failed: Class 'Database' not found in models/ or controllers/
[15-Aug-2026 18:45:56 Africa/Lagos] Autoload failed: Class 'MatchModel' not found in models/ or controllers/
[15-Aug-2026 18:45:56 Africa/Lagos] PHP Fatal error:  Uncaught Error: Class "MatchModel" not found in C:\laragon\www\skillswap\controllers\DashboardController.php:65
Stack trace:
#0 C:\laragon\www\skillswap\index.php(189): DashboardController->__construct()
#1 {main}
  thrown in C:\laragon\www\skillswap\controllers\DashboardController.php on line 65
[15-Aug-2026 18:46:15 Africa/Lagos] Autoload failed: Class 'Database' not found in models/ or controllers/
[15-Aug-2026 18:46:15 Africa/Lagos] Get Profile Stats Error: SQLSTATE[HY093]: Invalid parameter number
[15-Aug-2026 18:46:15 Africa/Lagos] Get Top Matches Error: SQLSTATE[HY093]: Invalid parameter number
[15-Aug-2026 18:46:15 Africa/Lagos] Get Recent Conversations Error: SQLSTATE[HY093]: Invalid parameter number
[15-Aug-2026 18:46:15 Africa/Lagos] Get Exchange Stats Error: SQLSTATE[HY093]: Invalid parameter number
[15-Aug-2026 18:46:15 Africa/Lagos] PHP Warning:  Undefined array key "skills_offered" in C:\laragon\www\skillswap\views\dashboard.php on line 50
[15-Aug-2026 18:46:15 Africa/Lagos] PHP Warning:  Undefined array key "skills_wanted" in C:\laragon\www\skillswap\views\dashboard.php on line 63
[15-Aug-2026 18:46:15 Africa/Lagos] PHP Warning:  Undefined array key "matches" in C:\laragon\www\skillswap\views\dashboard.php on line 76
[15-Aug-2026 18:46:15 Africa/Lagos] PHP Warning:  Undefined array key "unread_messages" in C:\laragon\www\skillswap\views\dashboard.php on line 274
[15-Aug-2026 18:46:15 Africa/Lagos] Autoload failed: Class 'Database' not found in models/ or controllers/
[15-Aug-2026 18:46:15 Africa/Lagos] PHP Warning:  require_once(C:\laragon\www\skillswap\controllers/../models/UserModel.php): Failed to open stream: No such file or directory in C:\laragon\www\skillswap\controllers\AuthController.php on line 3
[15-Aug-2026 18:46:15 Africa/Lagos] PHP Fatal error:  Uncaught Error: Failed opening required 'C:\laragon\www\skillswap\controllers/../models/UserModel.php' (include_path='.;C:/laragon/etc/php/pear') in C:\laragon\www\skillswap\controllers\AuthController.php:3
Stack trace:
#0 C:\laragon\www\skillswap\bootstrap.php(133): require_once()
#1 [internal function]: {closure}('AuthController')
#2 C:\laragon\www\skillswap\index.php(184): class_exists('AuthController')
#3 {main}
  thrown in C:\laragon\www\skillswap\controllers\AuthController.php on line 3
[15-Aug-2026 18:46:15 Africa/Lagos] Autoload failed: Class 'Database' not found in models/ or controllers/
[15-Aug-2026 18:46:15 Africa/Lagos] PHP Warning:  require_once(C:\laragon\www\skillswap\controllers/../models/UserModel.php): Failed to open stream: No such file or directory in C:\laragon\www\skillswap\controllers\AuthController.php on line 3
[15-Aug-2026 18:46:15 Africa/Lagos] PHP Fatal error:  Uncaught Error: Failed opening required 'C:\laragon\www\skillswap\controllers/../models/UserModel.php' (include_path='.;C:/laragon/etc/php/pear') in C:\laragon\www\skillswap\controllers\AuthController.php:3
Stack trace:
#0 C:\laragon\www\skillswap\bootstrap.php(133): require_once()
#1 [internal function]: {closure}('AuthController')
#2 C:\laragon\www\skillswap\index.php(184): class_exists('AuthController')
#3 {main}
  thrown in C:\laragon\www\skillswap\controllers\AuthController.php on line 3
[15-Aug-2026 18:46:15 Africa/Lagos] Autoload failed: Class 'Database' not found in models/ or controllers/
[15-Aug-2026 18:46:25 Africa/Lagos] Autoload failed: Class 'Database' not found in models/ or controllers/
[15-Aug-2026 18:46:27 Africa/Lagos] Autoload failed: Class 'Database' not found in models/ or controllers/
[15-Aug-2026 18:46:27 Africa/Lagos] PHP Warning:  require_once(C:\laragon\www\skillswap\controllers/../models/UserModel.php): Failed to open stream: No such file or directory in C:\laragon\www\skillswap\controllers\AuthController.php on line 3
[15-Aug-2026 18:46:27 Africa/Lagos] PHP Fatal error:  Uncaught Error: Failed opening required 'C:\laragon\www\skillswap\controllers/../models/UserModel.php' (include_path='.;C:/laragon/etc/php/pear') in C:\laragon\www\skillswap\controllers\AuthController.php:3
Stack trace:
#0 C:\laragon\www\skillswap\bootstrap.php(133): require_once()
#1 [internal function]: {closure}('AuthController')
#2 C:\laragon\www\skillswap\index.php(184): class_exists('AuthController')
#3 {main}
  thrown in C:\laragon\www\skillswap\controllers\AuthController.php on line 3
[15-Aug-2026 18:46:28 Africa/Lagos] Autoload failed: Class 'Database' not found in models/ or controllers/
[15-Aug-2026 18:46:28 Africa/Lagos] PHP Warning:  require_once(C:\laragon\www\skillswap\controllers/../models/UserModel.php): Failed to open stream: No such file or directory in C:\laragon\www\skillswap\controllers\AuthController.php on line 3
[15-Aug-2026 18:46:28 Africa/Lagos] PHP Fatal error:  Uncaught Error: Failed opening required 'C:\laragon\www\skillswap\controllers/../models/UserModel.php' (include_path='.;C:/laragon/etc/php/pear') in C:\laragon\www\skillswap\controllers\AuthController.php:3
Stack trace:
#0 C:\laragon\www\skillswap\bootstrap.php(133): require_once()
#1 [internal function]: {closure}('AuthController')
#2 C:\laragon\www\skillswap\index.php(184): class_exists('AuthController')
#3 {main}
  thrown in C:\laragon\www\skillswap\controllers\AuthController.php on line 3
[15-Aug-2026 18:47:05 Africa/Lagos] Autoload failed: Class 'Database' not found in models/ or controllers/
[15-Aug-2026 18:47:05 Africa/Lagos] PHP Warning:  require_once(C:\laragon\www\skillswap\controllers/../models/ProfileModel.php): Failed to open stream: No such file or directory in C:\laragon\www\skillswap\controllers\AuthController.php on line 4
[15-Aug-2026 18:47:05 Africa/Lagos] PHP Fatal error:  Uncaught Error: Failed opening required 'C:\laragon\www\skillswap\controllers/../models/ProfileModel.php' (include_path='.;C:/laragon/etc/php/pear') in C:\laragon\www\skillswap\controllers\AuthController.php:4
Stack trace:
#0 C:\laragon\www\skillswap\bootstrap.php(133): require_once()
#1 [internal function]: {closure}('AuthController')
#2 C:\laragon\www\skillswap\index.php(184): class_exists('AuthController')
#3 {main}
  thrown in C:\laragon\www\skillswap\controllers\AuthController.php on line 4
[15-Aug-2026 18:47:15 Africa/Lagos] Autoload failed: Class 'Database' not found in models/ or controllers/
[15-Aug-2026 18:47:15 Africa/Lagos] Get Profile Stats Error: SQLSTATE[HY093]: Invalid parameter number
[15-Aug-2026 18:47:15 Africa/Lagos] Get Top Matches Error: SQLSTATE[HY093]: Invalid parameter number
[15-Aug-2026 18:47:15 Africa/Lagos] Get Recent Conversations Error: SQLSTATE[HY093]: Invalid parameter number
[15-Aug-2026 18:47:15 Africa/Lagos] Get Exchange Stats Error: SQLSTATE[HY093]: Invalid parameter number
[15-Aug-2026 18:47:15 Africa/Lagos] PHP Warning:  Undefined array key "skills_offered" in C:\laragon\www\skillswap\views\dashboard.php on line 50
[15-Aug-2026 18:47:15 Africa/Lagos] PHP Warning:  Undefined array key "skills_wanted" in C:\laragon\www\skillswap\views\dashboard.php on line 63
[15-Aug-2026 18:47:15 Africa/Lagos] PHP Warning:  Undefined array key "matches" in C:\laragon\www\skillswap\views\dashboard.php on line 76
[15-Aug-2026 18:47:15 Africa/Lagos] PHP Warning:  Undefined array key "unread_messages" in C:\laragon\www\skillswap\views\dashboard.php on line 274
[15-Aug-2026 18:47:15 Africa/Lagos] Autoload failed: Class 'Database' not found in models/ or controllers/
[15-Aug-2026 18:47:15 Africa/Lagos] PHP Warning:  require_once(C:\laragon\www\skillswap\controllers/../models/ProfileModel.php): Failed to open stream: No such file or directory in C:\laragon\www\skillswap\controllers\AuthController.php on line 4
[15-Aug-2026 18:47:15 Africa/Lagos] PHP Fatal error:  Uncaught Error: Failed opening required 'C:\laragon\www\skillswap\controllers/../models/ProfileModel.php' (include_path='.;C:/laragon/etc/php/pear') in C:\laragon\www\skillswap\controllers\AuthController.php:4
Stack trace:
#0 C:\laragon\www\skillswap\bootstrap.php(133): require_once()
#1 [internal function]: {closure}('AuthController')
#2 C:\laragon\www\skillswap\index.php(184): class_exists('AuthController')
#3 {main}
  thrown in C:\laragon\www\skillswap\controllers\AuthController.php on line 4
[15-Aug-2026 18:47:15 Africa/Lagos] Autoload failed: Class 'Database' not found in models/ or controllers/
[15-Aug-2026 18:47:15 Africa/Lagos] PHP Warning:  require_once(C:\laragon\www\skillswap\controllers/../models/ProfileModel.php): Failed to open stream: No such file or directory in C:\laragon\www\skillswap\controllers\AuthController.php on line 4
[15-Aug-2026 18:47:15 Africa/Lagos] PHP Fatal error:  Uncaught Error: Failed opening required 'C:\laragon\www\skillswap\controllers/../models/ProfileModel.php' (include_path='.;C:/laragon/etc/php/pear') in C:\laragon\www\skillswap\controllers\AuthController.php:4
Stack trace:
#0 C:\laragon\www\skillswap\bootstrap.php(133): require_once()
#1 [internal function]: {closure}('AuthController')
#2 C:\laragon\www\skillswap\index.php(184): class_exists('AuthController')
#3 {main}
  thrown in C:\laragon\www\skillswap\controllers\AuthController.php on line 4
[15-Aug-2026 18:47:15 Africa/Lagos] Autoload failed: Class 'Database' not found in models/ or controllers/
[15-Aug-2026 18:47:15 Africa/Lagos] Autoload failed: Class 'Database' not found in models/ or controllers/
[15-Aug-2026 18:47:15 Africa/Lagos] PHP Warning:  require_once(C:\laragon\www\skillswap\controllers/../models/ProfileModel.php): Failed to open stream: No such file or directory in C:\laragon\www\skillswap\controllers\AuthController.php on line 4
[15-Aug-2026 18:47:15 Africa/Lagos] PHP Fatal error:  Uncaught Error: Failed opening required 'C:\laragon\www\skillswap\controllers/../models/ProfileModel.php' (include_path='.;C:/laragon/etc/php/pear') in C:\laragon\www\skillswap\controllers\AuthController.php:4
Stack trace:
#0 C:\laragon\www\skillswap\bootstrap.php(133): require_once()
#1 [internal function]: {closure}('AuthController')
#2 C:\laragon\www\skillswap\index.php(184): class_exists('AuthController')
#3 {main}
  thrown in C:\laragon\www\skillswap\controllers\AuthController.php on line 4
[15-Aug-2026 18:47:23 Africa/Lagos] Autoload failed: Class 'Database' not found in models/ or controllers/
[15-Aug-2026 18:47:23 Africa/Lagos] PHP Warning:  require_once(C:\laragon\www\skillswap\controllers/../models/ProfileModel.php): Failed to open stream: No such file or directory in C:\laragon\www\skillswap\controllers\AuthController.php on line 4
[15-Aug-2026 18:47:23 Africa/Lagos] PHP Fatal error:  Uncaught Error: Failed opening required 'C:\laragon\www\skillswap\controllers/../models/ProfileModel.php' (include_path='.;C:/laragon/etc/php/pear') in C:\laragon\www\skillswap\controllers\AuthController.php:4
Stack trace:
#0 C:\laragon\www\skillswap\bootstrap.php(133): require_once()
#1 [internal function]: {closure}('AuthController')
#2 C:\laragon\www\skillswap\index.php(184): class_exists('AuthController')
#3 {main}
  thrown in C:\laragon\www\skillswap\controllers\AuthController.php on line 4
[15-Aug-2026 18:48:04 Africa/Lagos] Autoload failed: Class 'Database' not found in models/ or controllers/
[15-Aug-2026 18:48:04 Africa/Lagos] Autoload failed: Class 'Database' not found in models/ or controllers/
[15-Aug-2026 18:48:04 Africa/Lagos] Get Profile Stats Error: SQLSTATE[HY093]: Invalid parameter number
[15-Aug-2026 18:48:04 Africa/Lagos] Get Top Matches Error: SQLSTATE[HY093]: Invalid parameter number
[15-Aug-2026 18:48:04 Africa/Lagos] Get Recent Conversations Error: SQLSTATE[HY093]: Invalid parameter number
[15-Aug-2026 18:48:04 Africa/Lagos] Get Exchange Stats Error: SQLSTATE[HY093]: Invalid parameter number
[15-Aug-2026 18:48:04 Africa/Lagos] PHP Warning:  Undefined array key "skills_offered" in C:\laragon\www\skillswap\views\dashboard.php on line 50
[15-Aug-2026 18:48:04 Africa/Lagos] PHP Warning:  Undefined array key "skills_wanted" in C:\laragon\www\skillswap\views\dashboard.php on line 63
[15-Aug-2026 18:48:04 Africa/Lagos] PHP Warning:  Undefined array key "matches" in C:\laragon\www\skillswap\views\dashboard.php on line 76
[15-Aug-2026 18:48:04 Africa/Lagos] PHP Warning:  Undefined array key "unread_messages" in C:\laragon\www\skillswap\views\dashboard.php on line 274
[15-Aug-2026 18:48:04 Africa/Lagos] Autoload failed: Class 'Database' not found in models/ or controllers/
[15-Aug-2026 18:48:04 Africa/Lagos] Autoload failed: Class 'Database' not found in models/ or controllers/
[15-Aug-2026 18:48:04 Africa/Lagos] Get Profile Stats Error: SQLSTATE[HY093]: Invalid parameter number
[15-Aug-2026 18:48:04 Africa/Lagos] Get Top Matches Error: SQLSTATE[HY093]: Invalid parameter number
[15-Aug-2026 18:48:04 Africa/Lagos] Get Recent Conversations Error: SQLSTATE[HY093]: Invalid parameter number
[15-Aug-2026 18:48:04 Africa/Lagos] Get Exchange Stats Error: SQLSTATE[HY093]: Invalid parameter number
[15-Aug-2026 18:48:04 Africa/Lagos] PHP Warning:  Undefined array key "skills_offered" in C:\laragon\www\skillswap\views\dashboard.php on line 50
[15-Aug-2026 18:48:04 Africa/Lagos] PHP Warning:  Undefined array key "skills_wanted" in C:\laragon\www\skillswap\views\dashboard.php on line 63
[15-Aug-2026 18:48:04 Africa/Lagos] PHP Warning:  Undefined array key "matches" in C:\laragon\www\skillswap\views\dashboard.php on line 76
[15-Aug-2026 18:48:04 Africa/Lagos] PHP Warning:  Undefined array key "unread_messages" in C:\laragon\www\skillswap\views\dashboard.php on line 274
[15-Aug-2026 18:48:04 Africa/Lagos] Autoload failed: Class 'Database' not found in models/ or controllers/
[15-Aug-2026 18:48:07 Africa/Lagos] Autoload failed: Class 'Database' not found in models/ or controllers/
[15-Aug-2026 18:48:07 Africa/Lagos] Autoload failed: Class 'Database' not found in models/ or controllers/
[15-Aug-2026 18:48:07 Africa/Lagos] Get Profile Stats Error: SQLSTATE[HY093]: Invalid parameter number
[15-Aug-2026 18:48:07 Africa/Lagos] Get Top Matches Error: SQLSTATE[HY093]: Invalid parameter number
[15-Aug-2026 18:48:07 Africa/Lagos] Get Recent Conversations Error: SQLSTATE[HY093]: Invalid parameter number
[15-Aug-2026 18:48:07 Africa/Lagos] Get Exchange Stats Error: SQLSTATE[HY093]: Invalid parameter number
[15-Aug-2026 18:48:07 Africa/Lagos] PHP Warning:  Undefined array key "skills_offered" in C:\laragon\www\skillswap\views\dashboard.php on line 50
[15-Aug-2026 18:48:07 Africa/Lagos] PHP Warning:  Undefined array key "skills_wanted" in C:\laragon\www\skillswap\views\dashboard.php on line 63
[15-Aug-2026 18:48:07 Africa/Lagos] PHP Warning:  Undefined array key "matches" in C:\laragon\www\skillswap\views\dashboard.php on line 76
[15-Aug-2026 18:48:07 Africa/Lagos] PHP Warning:  Undefined array key "unread_messages" in C:\laragon\www\skillswap\views\dashboard.php on line 274
[15-Aug-2026 18:48:08 Africa/Lagos] Autoload failed: Class 'Database' not found in models/ or controllers/
[15-Aug-2026 18:48:08 Africa/Lagos] Autoload failed: Class 'Database' not found in models/ or controllers/
[15-Aug-2026 18:48:19 Africa/Lagos] Autoload failed: Class 'Database' not found in models/ or controllers/
[15-Aug-2026 18:48:19 Africa/Lagos] Autoload failed: Class 'Database' not found in models/ or controllers/
[15-Aug-2026 18:48:19 Africa/Lagos] Get Profile Stats Error: SQLSTATE[HY093]: Invalid parameter number
[15-Aug-2026 18:48:19 Africa/Lagos] Get Top Matches Error: SQLSTATE[HY093]: Invalid parameter number
[15-Aug-2026 18:48:19 Africa/Lagos] Get Recent Conversations Error: SQLSTATE[HY093]: Invalid parameter number
[15-Aug-2026 18:48:19 Africa/Lagos] Get Exchange Stats Error: SQLSTATE[HY093]: Invalid parameter number
[15-Aug-2026 18:48:19 Africa/Lagos] PHP Warning:  Undefined array key "skills_offered" in C:\laragon\www\skillswap\views\dashboard.php on line 50
[15-Aug-2026 18:48:19 Africa/Lagos] PHP Warning:  Undefined array key "skills_wanted" in C:\laragon\www\skillswap\views\dashboard.php on line 63
[15-Aug-2026 18:48:19 Africa/Lagos] PHP Warning:  Undefined array key "matches" in C:\laragon\www\skillswap\views\dashboard.php on line 76
[15-Aug-2026 18:48:19 Africa/Lagos] PHP Warning:  Undefined array key "unread_messages" in C:\laragon\www\skillswap\views\dashboard.php on line 274
[15-Aug-2026 18:48:19 Africa/Lagos] Autoload failed: Class 'Database' not found in models/ or controllers/
[15-Aug-2026 18:48:19 Africa/Lagos] Autoload failed: Class 'Database' not found in models/ or controllers/
[15-Aug-2026 18:48:19 Africa/Lagos] Get Profile Stats Error: SQLSTATE[HY093]: Invalid parameter number
[15-Aug-2026 18:48:19 Africa/Lagos] Get Top Matches Error: SQLSTATE[HY093]: Invalid parameter number
[15-Aug-2026 18:48:20 Africa/Lagos] Get Recent Conversations Error: SQLSTATE[HY093]: Invalid parameter number
[15-Aug-2026 18:48:20 Africa/Lagos] Get Exchange Stats Error: SQLSTATE[HY093]: Invalid parameter number
[15-Aug-2026 18:48:20 Africa/Lagos] PHP Warning:  Undefined array key "skills_offered" in C:\laragon\www\skillswap\views\dashboard.php on line 50
[15-Aug-2026 18:48:20 Africa/Lagos] PHP Warning:  Undefined array key "skills_wanted" in C:\laragon\www\skillswap\views\dashboard.php on line 63
[15-Aug-2026 18:48:20 Africa/Lagos] PHP Warning:  Undefined array key "matches" in C:\laragon\www\skillswap\views\dashboard.php on line 76
[15-Aug-2026 18:48:20 Africa/Lagos] PHP Warning:  Undefined array key "unread_messages" in C:\laragon\www\skillswap\views\dashboard.php on line 274
[15-Aug-2026 18:48:20 Africa/Lagos] Autoload failed: Class 'Database' not found in models/ or controllers/
[15-Aug-2026 18:48:30 Africa/Lagos] Autoload failed: Class 'Database' not found in models/ or controllers/
[15-Aug-2026 18:48:40 Africa/Lagos] Autoload failed: Class 'Database' not found in models/ or controllers/
[15-Aug-2026 18:48:50 Africa/Lagos] Autoload failed: Class 'Database' not found in models/ or controllers/
[15-Aug-2026 18:49:00 Africa/Lagos] Autoload failed: Class 'Database' not found in models/ or controllers/
[15-Aug-2026 18:49:10 Africa/Lagos] Autoload failed: Class 'Database' not found in models/ or controllers/
[15-Aug-2026 18:49:20 Africa/Lagos] Autoload failed: Class 'Database' not found in models/ or controllers/
[15-Aug-2026 18:49:30 Africa/Lagos] Autoload failed: Class 'Database' not found in models/ or controllers/
[15-Aug-2026 18:49:40 Africa/Lagos] Autoload failed: Class 'Database' not found in models/ or controllers/
[15-Aug-2026 18:49:50 Africa/Lagos] Autoload failed: Class 'Database' not found in models/ or controllers/
[15-Aug-2026 18:50:00 Africa/Lagos] Autoload failed: Class 'Database' not found in models/ or controllers/
[15-Aug-2026 18:50:10 Africa/Lagos] Autoload failed: Class 'Database' not found in models/ or controllers/
[15-Aug-2026 18:50:20 Africa/Lagos] Autoload failed: Class 'Database' not found in models/ or controllers/
[15-Aug-2026 18:50:39 Africa/Lagos] Autoload failed: Class 'Database' not found in models/ or controllers/
[15-Aug-2026 18:51:39 Africa/Lagos] Autoload failed: Class 'Database' not found in models/ or controllers/
[15-Aug-2026 18:52:39 Africa/Lagos] Autoload failed: Class 'Database' not found in models/ or controllers/
[15-Aug-2026 18:53:30 Africa/Lagos] Autoload failed: Class 'Database' not found in models/ or controllers/
[15-Aug-2026 18:53:33 Africa/Lagos] Autoload failed: Class 'Database' not found in models/ or controllers/
[15-Aug-2026 18:53:33 Africa/Lagos] Get Profile Stats Error: SQLSTATE[HY093]: Invalid parameter number
[15-Aug-2026 18:53:33 Africa/Lagos] Get Top Matches Error: SQLSTATE[HY093]: Invalid parameter number
[15-Aug-2026 18:53:33 Africa/Lagos] Get Recent Conversations Error: SQLSTATE[HY093]: Invalid parameter number
[15-Aug-2026 18:53:33 Africa/Lagos] Get Exchange Stats Error: SQLSTATE[HY093]: Invalid parameter number
[15-Aug-2026 18:53:33 Africa/Lagos] PHP Warning:  Undefined array key "skills_wanted" in C:\laragon\www\skillswap\views\dashboard.php on line 63
[15-Aug-2026 18:53:33 Africa/Lagos] PHP Warning:  Undefined array key "matches" in C:\laragon\www\skillswap\views\dashboard.php on line 76
[15-Aug-2026 18:53:33 Africa/Lagos] PHP Warning:  Undefined array key "unread_messages" in C:\laragon\www\skillswap\views\dashboard.php on line 274
[15-Aug-2026 18:53:33 Africa/Lagos] Autoload failed: Class 'Database' not found in models/ or controllers/
[15-Aug-2026 18:53:34 Africa/Lagos] Autoload failed: Class 'Database' not found in models/ or controllers/
[15-Aug-2026 18:53:34 Africa/Lagos] Get Profile Stats Error: SQLSTATE[HY093]: Invalid parameter number
[15-Aug-2026 18:53:34 Africa/Lagos] Get Top Matches Error: SQLSTATE[HY093]: Invalid parameter number
[15-Aug-2026 18:53:34 Africa/Lagos] Get Recent Conversations Error: SQLSTATE[HY093]: Invalid parameter number
[15-Aug-2026 18:53:34 Africa/Lagos] Get Exchange Stats Error: SQLSTATE[HY093]: Invalid parameter number
[15-Aug-2026 18:53:34 Africa/Lagos] PHP Warning:  Undefined array key "skills_wanted" in C:\laragon\www\skillswap\views\dashboard.php on line 63
[15-Aug-2026 18:53:34 Africa/Lagos] PHP Warning:  Undefined array key "matches" in C:\laragon\www\skillswap\views\dashboard.php on line 76
[15-Aug-2026 18:53:34 Africa/Lagos] PHP Warning:  Undefined array key "unread_messages" in C:\laragon\www\skillswap\views\dashboard.php on line 274
[15-Aug-2026 18:53:34 Africa/Lagos] Autoload failed: Class 'Database' not found in models/ or controllers/
[15-Aug-2026 18:53:34 Africa/Lagos] Autoload failed: Class 'Database' not found in models/ or controllers/
[15-Aug-2026 18:53:34 Africa/Lagos] Get Profile Stats Error: SQLSTATE[HY093]: Invalid parameter number
[15-Aug-2026 18:53:34 Africa/Lagos] Get Top Matches Error: SQLSTATE[HY093]: Invalid parameter number
[15-Aug-2026 18:53:34 Africa/Lagos] Get Recent Conversations Error: SQLSTATE[HY093]: Invalid parameter number
[15-Aug-2026 18:53:34 Africa/Lagos] Get Exchange Stats Error: SQLSTATE[HY093]: Invalid parameter number
[15-Aug-2026 18:53:34 Africa/Lagos] PHP Warning:  Undefined array key "skills_wanted" in C:\laragon\www\skillswap\views\dashboard.php on line 63
[15-Aug-2026 18:53:34 Africa/Lagos] PHP Warning:  Undefined array key "matches" in C:\laragon\www\skillswap\views\dashboard.php on line 76
[15-Aug-2026 18:53:34 Africa/Lagos] PHP Warning:  Undefined array key "unread_messages" in C:\laragon\www\skillswap\views\dashboard.php on line 274
[15-Aug-2026 18:53:34 Africa/Lagos] Autoload failed: Class 'Database' not found in models/ or controllers/
[15-Aug-2026 18:53:44 Africa/Lagos] Autoload failed: Class 'Database' not found in models/ or controllers/
[15-Aug-2026 18:53:55 Africa/Lagos] Autoload failed: Class 'Database' not found in models/ or controllers/
[15-Aug-2026 18:54:05 Africa/Lagos] Autoload failed: Class 'Database' not found in models/ or controllers/
[15-Aug-2026 18:54:15 Africa/Lagos] Autoload failed: Class 'Database' not found in models/ or controllers/
[15-Aug-2026 18:54:25 Africa/Lagos] Autoload failed: Class 'Database' not found in models/ or controllers/
[15-Aug-2026 18:54:35 Africa/Lagos] Autoload failed: Class 'Database' not found in models/ or controllers/
[15-Aug-2026 18:54:45 Africa/Lagos] Autoload failed: Class 'Database' not found in models/ or controllers/
[15-Aug-2026 18:54:48 Africa/Lagos] Autoload failed: Class 'Database' not found in models/ or controllers/
[15-Aug-2026 18:54:48 Africa/Lagos] Get Profile Stats Error: SQLSTATE[HY093]: Invalid parameter number
[15-Aug-2026 18:54:48 Africa/Lagos] Get Top Matches Error: SQLSTATE[HY093]: Invalid parameter number
[15-Aug-2026 18:54:48 Africa/Lagos] Get Recent Conversations Error: SQLSTATE[HY093]: Invalid parameter number
[15-Aug-2026 18:54:48 Africa/Lagos] Get Exchange Stats Error: SQLSTATE[HY093]: Invalid parameter number
[15-Aug-2026 18:54:48 Africa/Lagos] PHP Warning:  Undefined array key "unread_messages" in C:\laragon\www\skillswap\views\dashboard.php on line 274
[15-Aug-2026 18:54:48 Africa/Lagos] Autoload failed: Class 'Database' not found in models/ or controllers/
[15-Aug-2026 18:54:48 Africa/Lagos] Autoload failed: Class 'Database' not found in models/ or controllers/
[15-Aug-2026 18:54:48 Africa/Lagos] Get Profile Stats Error: SQLSTATE[HY093]: Invalid parameter number
[15-Aug-2026 18:54:48 Africa/Lagos] Get Top Matches Error: SQLSTATE[HY093]: Invalid parameter number
[15-Aug-2026 18:54:48 Africa/Lagos] Get Recent Conversations Error: SQLSTATE[HY093]: Invalid parameter number
[15-Aug-2026 18:54:48 Africa/Lagos] Get Exchange Stats Error: SQLSTATE[HY093]: Invalid parameter number
[15-Aug-2026 18:54:48 Africa/Lagos] PHP Warning:  Undefined array key "unread_messages" in C:\laragon\www\skillswap\views\dashboard.php on line 274
[15-Aug-2026 18:54:48 Africa/Lagos] Autoload failed: Class 'Database' not found in models/ or controllers/
[15-Aug-2026 18:54:58 Africa/Lagos] Autoload failed: Class 'Database' not found in models/ or controllers/
[15-Aug-2026 18:55:09 Africa/Lagos] Autoload failed: Class 'Database' not found in models/ or controllers/
[15-Aug-2026 18:55:19 Africa/Lagos] Autoload failed: Class 'Database' not found in models/ or controllers/
[15-Aug-2026 18:55:29 Africa/Lagos] Autoload failed: Class 'Database' not found in models/ or controllers/
[15-Aug-2026 18:55:39 Africa/Lagos] Autoload failed: Class 'Database' not found in models/ or controllers/
[15-Aug-2026 18:55:49 Africa/Lagos] Autoload failed: Class 'Database' not found in models/ or controllers/
[15-Aug-2026 18:55:59 Africa/Lagos] Autoload failed: Class 'Database' not found in models/ or controllers/
[15-Aug-2026 18:56:39 Africa/Lagos] Autoload failed: Class 'Database' not found in models/ or controllers/
[15-Aug-2026 18:57:39 Africa/Lagos] Autoload failed: Class 'Database' not found in models/ or controllers/
[15-Aug-2026 18:58:39 Africa/Lagos] Autoload failed: Class 'Database' not found in models/ or controllers/
[15-Aug-2026 18:59:39 Africa/Lagos] Autoload failed: Class 'Database' not found in models/ or controllers/
[15-Aug-2026 19:00:39 Africa/Lagos] Autoload failed: Class 'Database' not found in models/ or controllers/
[15-Aug-2026 19:00:56 Africa/Lagos] Autoload failed: Class 'Database' not found in models/ or controllers/
[15-Aug-2026 19:00:57 Africa/Lagos] Autoload failed: Class 'Database' not found in models/ or controllers/
[15-Aug-2026 19:00:57 Africa/Lagos] Get Profile Stats Error: SQLSTATE[HY093]: Invalid parameter number
[15-Aug-2026 19:00:57 Africa/Lagos] Get Top Matches Error: SQLSTATE[HY093]: Invalid parameter number
[15-Aug-2026 19:00:57 Africa/Lagos] Get Recent Conversations Error: SQLSTATE[HY093]: Invalid parameter number
[15-Aug-2026 19:00:57 Africa/Lagos] Get Exchange Stats Error: SQLSTATE[HY093]: Invalid parameter number
[15-Aug-2026 19:00:57 Africa/Lagos] PHP Warning:  Undefined array key "unread_messages" in C:\laragon\www\skillswap\views\dashboard.php on line 274
[15-Aug-2026 19:00:57 Africa/Lagos] Autoload failed: Class 'Database' not found in models/ or controllers/
[15-Aug-2026 19:00:59 Africa/Lagos] Autoload failed: Class 'Database' not found in models/ or controllers/
[15-Aug-2026 19:00:59 Africa/Lagos] Get Profile Stats Error: SQLSTATE[HY093]: Invalid parameter number
[15-Aug-2026 19:00:59 Africa/Lagos] Get Top Matches Error: SQLSTATE[HY093]: Invalid parameter number
[15-Aug-2026 19:00:59 Africa/Lagos] Get Recent Conversations Error: SQLSTATE[HY093]: Invalid parameter number
[15-Aug-2026 19:00:59 Africa/Lagos] Get Exchange Stats Error: SQLSTATE[HY093]: Invalid parameter number
[15-Aug-2026 19:00:59 Africa/Lagos] PHP Warning:  Undefined array key "unread_messages" in C:\laragon\www\skillswap\views\dashboard.php on line 274
[15-Aug-2026 19:00:59 Africa/Lagos] Autoload failed: Class 'Database' not found in models/ or controllers/
[15-Aug-2026 19:00:59 Africa/Lagos] Autoload failed: Class 'Database' not found in models/ or controllers/
[15-Aug-2026 19:00:59 Africa/Lagos] Get Profile Stats Error: SQLSTATE[HY093]: Invalid parameter number
[15-Aug-2026 19:00:59 Africa/Lagos] Get Top Matches Error: SQLSTATE[HY093]: Invalid parameter number
[15-Aug-2026 19:00:59 Africa/Lagos] Get Recent Conversations Error: SQLSTATE[HY093]: Invalid parameter number
[15-Aug-2026 19:00:59 Africa/Lagos] Get Exchange Stats Error: SQLSTATE[HY093]: Invalid parameter number
[15-Aug-2026 19:00:59 Africa/Lagos] PHP Warning:  Undefined array key "unread_messages" in C:\laragon\www\skillswap\views\dashboard.php on line 274
[15-Aug-2026 19:00:59 Africa/Lagos] Autoload failed: Class 'Database' not found in models/ or controllers/
[15-Aug-2026 19:01:09 Africa/Lagos] Autoload failed: Class 'Database' not found in models/ or controllers/
[15-Aug-2026 19:01:19 Africa/Lagos] Autoload failed: Class 'Database' not found in models/ or controllers/
[15-Aug-2026 19:01:29 Africa/Lagos] Autoload failed: Class 'Database' not found in models/ or controllers/
[15-Aug-2026 19:01:39 Africa/Lagos] Autoload failed: Class 'Database' not found in models/ or controllers/
[15-Aug-2026 19:01:49 Africa/Lagos] Autoload failed: Class 'Database' not found in models/ or controllers/
[15-Aug-2026 19:01:59 Africa/Lagos] Autoload failed: Class 'Database' not found in models/ or controllers/
[15-Aug-2026 19:02:09 Africa/Lagos] Autoload failed: Class 'Database' not found in models/ or controllers/
[15-Aug-2026 19:02:19 Africa/Lagos] Autoload failed: Class 'Database' not found in models/ or controllers/
[15-Aug-2026 19:02:29 Africa/Lagos] Autoload failed: Class 'Database' not found in models/ or controllers/
[15-Aug-2026 19:02:39 Africa/Lagos] Autoload failed: Class 'Database' not found in models/ or controllers/
[15-Aug-2026 19:02:49 Africa/Lagos] Autoload failed: Class 'Database' not found in models/ or controllers/
[15-Aug-2026 19:02:59 Africa/Lagos] Autoload failed: Class 'Database' not found in models/ or controllers/
[15-Aug-2026 19:03:39 Africa/Lagos] Autoload failed: Class 'Database' not found in models/ or controllers/
[15-Aug-2026 19:03:59 Africa/Lagos] Autoload failed: Class 'Database' not found in models/ or controllers/
[15-Aug-2026 19:04:02 Africa/Lagos] Autoload failed: Class 'Database' not found in models/ or controllers/
[15-Aug-2026 19:04:02 Africa/Lagos] Get Profile Stats Error: SQLSTATE[HY093]: Invalid parameter number
[15-Aug-2026 19:04:02 Africa/Lagos] Get Top Matches Error: SQLSTATE[HY093]: Invalid parameter number
[15-Aug-2026 19:04:02 Africa/Lagos] Get Recent Conversations Error: SQLSTATE[HY093]: Invalid parameter number
[15-Aug-2026 19:04:02 Africa/Lagos] Get Exchange Stats Error: SQLSTATE[HY093]: Invalid parameter number
[15-Aug-2026 19:04:02 Africa/Lagos] PHP Warning:  Undefined array key "unread_messages" in C:\laragon\www\skillswap\views\dashboard.php on line 274
[15-Aug-2026 19:04:02 Africa/Lagos] Autoload failed: Class 'Database' not found in models/ or controllers/
[15-Aug-2026 19:04:02 Africa/Lagos] Autoload failed: Class 'Database' not found in models/ or controllers/
[15-Aug-2026 19:04:02 Africa/Lagos] Get Profile Stats Error: SQLSTATE[HY093]: Invalid parameter number
[15-Aug-2026 19:04:02 Africa/Lagos] Get Top Matches Error: SQLSTATE[HY093]: Invalid parameter number
[15-Aug-2026 19:04:02 Africa/Lagos] Get Recent Conversations Error: SQLSTATE[HY093]: Invalid parameter number
[15-Aug-2026 19:04:02 Africa/Lagos] Get Exchange Stats Error: SQLSTATE[HY093]: Invalid parameter number
[15-Aug-2026 19:04:02 Africa/Lagos] PHP Warning:  Undefined array key "unread_messages" in C:\laragon\www\skillswap\views\dashboard.php on line 274
[15-Aug-2026 19:04:02 Africa/Lagos] Autoload failed: Class 'Database' not found in models/ or controllers/
[15-Aug-2026 19:04:13 Africa/Lagos] Autoload failed: Class 'Database' not found in models/ or controllers/
[15-Aug-2026 19:04:23 Africa/Lagos] Autoload failed: Class 'Database' not found in models/ or controllers/
[15-Aug-2026 19:04:33 Africa/Lagos] Autoload failed: Class 'Database' not found in models/ or controllers/
[15-Aug-2026 19:04:43 Africa/Lagos] Autoload failed: Class 'Database' not found in models/ or controllers/
[15-Aug-2026 19:04:53 Africa/Lagos] Autoload failed: Class 'Database' not found in models/ or controllers/
[15-Aug-2026 19:04:58 Africa/Lagos] Autoload failed: Class 'Database' not found in models/ or controllers/
[15-Aug-2026 19:04:58 Africa/Lagos] Get Profile Stats Error: SQLSTATE[HY093]: Invalid parameter number
[15-Aug-2026 19:04:58 Africa/Lagos] Get Top Matches Error: SQLSTATE[HY093]: Invalid parameter number
[15-Aug-2026 19:04:58 Africa/Lagos] Get Recent Conversations Error: SQLSTATE[HY093]: Invalid parameter number
[15-Aug-2026 19:04:58 Africa/Lagos] Get Exchange Stats Error: SQLSTATE[HY093]: Invalid parameter number
[15-Aug-2026 19:04:58 Africa/Lagos] PHP Warning:  Undefined array key "unread_messages" in C:\laragon\www\skillswap\views\dashboard.php on line 274
[15-Aug-2026 19:04:58 Africa/Lagos] Autoload failed: Class 'Database' not found in models/ or controllers/
[15-Aug-2026 19:04:58 Africa/Lagos] Autoload failed: Class 'Database' not found in models/ or controllers/
[15-Aug-2026 19:04:58 Africa/Lagos] Get Profile Stats Error: SQLSTATE[HY093]: Invalid parameter number
[15-Aug-2026 19:04:58 Africa/Lagos] Get Top Matches Error: SQLSTATE[HY093]: Invalid parameter number
[15-Aug-2026 19:04:58 Africa/Lagos] Get Recent Conversations Error: SQLSTATE[HY093]: Invalid parameter number
[15-Aug-2026 19:04:58 Africa/Lagos] Get Exchange Stats Error: SQLSTATE[HY093]: Invalid parameter number
[15-Aug-2026 19:04:58 Africa/Lagos] PHP Warning:  Undefined array key "unread_messages" in C:\laragon\www\skillswap\views\dashboard.php on line 274
[15-Aug-2026 19:04:58 Africa/Lagos] Autoload failed: Class 'Database' not found in models/ or controllers/
[15-Aug-2026 19:05:01 Africa/Lagos] Autoload failed: Class 'Database' not found in models/ or controllers/
[15-Aug-2026 19:05:01 Africa/Lagos] Get Profile Stats Error: SQLSTATE[HY093]: Invalid parameter number
[15-Aug-2026 19:05:01 Africa/Lagos] Get Top Matches Error: SQLSTATE[HY093]: Invalid parameter number
[15-Aug-2026 19:05:01 Africa/Lagos] Get Recent Conversations Error: SQLSTATE[HY093]: Invalid parameter number
[15-Aug-2026 19:05:01 Africa/Lagos] Get Exchange Stats Error: SQLSTATE[HY093]: Invalid parameter number
[15-Aug-2026 19:05:01 Africa/Lagos] PHP Warning:  Undefined array key "unread_messages" in C:\laragon\www\skillswap\views\dashboard.php on line 274
[15-Aug-2026 19:05:01 Africa/Lagos] Autoload failed: Class 'Database' not found in models/ or controllers/
[15-Aug-2026 19:05:01 Africa/Lagos] Autoload failed: Class 'Database' not found in models/ or controllers/
[15-Aug-2026 19:05:01 Africa/Lagos] Get Profile Stats Error: SQLSTATE[HY093]: Invalid parameter number
[15-Aug-2026 19:05:01 Africa/Lagos] Get Top Matches Error: SQLSTATE[HY093]: Invalid parameter number
[15-Aug-2026 19:05:01 Africa/Lagos] Get Recent Conversations Error: SQLSTATE[HY093]: Invalid parameter number
[15-Aug-2026 19:05:01 Africa/Lagos] Get Exchange Stats Error: SQLSTATE[HY093]: Invalid parameter number
[15-Aug-2026 19:05:01 Africa/Lagos] PHP Warning:  Undefined array key "unread_messages" in C:\laragon\www\skillswap\views\dashboard.php on line 274
[15-Aug-2026 19:05:01 Africa/Lagos] Autoload failed: Class 'Database' not found in models/ or controllers/
[15-Aug-2026 19:05:11 Africa/Lagos] Autoload failed: Class 'Database' not found in models/ or controllers/
[15-Aug-2026 19:05:12 Africa/Lagos] Autoload failed: Class 'Database' not found in models/ or controllers/
[15-Aug-2026 19:05:13 Africa/Lagos] Get Recent Conversations Error: SQLSTATE[HY093]: Invalid parameter number
[15-Aug-2026 19:05:13 Africa/Lagos] PHP Warning:  require_once(C:\laragon\www\skillswap/views/messages/index.php): Failed to open stream: No such file or directory in C:\laragon\www\skillswap\controllers\MessageController.php on line 68
[15-Aug-2026 19:05:13 Africa/Lagos] PHP Fatal error:  Uncaught Error: Failed opening required 'C:\laragon\www\skillswap/views/messages/index.php' (include_path='.;C:/laragon/etc/php/pear') in C:\laragon\www\skillswap\controllers\MessageController.php:68
Stack trace:
#0 C:\laragon\www\skillswap\index.php(198): MessageController->index()
#1 {main}
  thrown in C:\laragon\www\skillswap\controllers\MessageController.php on line 68
[15-Aug-2026 19:05:19 Africa/Lagos] Autoload failed: Class 'Database' not found in models/ or controllers/
[15-Aug-2026 19:05:19 Africa/Lagos] Get Profile Stats Error: SQLSTATE[HY093]: Invalid parameter number
[15-Aug-2026 19:05:19 Africa/Lagos] Get Top Matches Error: SQLSTATE[HY093]: Invalid parameter number
[15-Aug-2026 19:05:19 Africa/Lagos] Get Recent Conversations Error: SQLSTATE[HY093]: Invalid parameter number
[15-Aug-2026 19:05:19 Africa/Lagos] Get Exchange Stats Error: SQLSTATE[HY093]: Invalid parameter number
[15-Aug-2026 19:05:19 Africa/Lagos] PHP Warning:  Undefined array key "unread_messages" in C:\laragon\www\skillswap\views\dashboard.php on line 274
[15-Aug-2026 19:05:19 Africa/Lagos] Autoload failed: Class 'Database' not found in models/ or controllers/
[15-Aug-2026 19:05:20 Africa/Lagos] Autoload failed: Class 'Database' not found in models/ or controllers/
[15-Aug-2026 19:05:20 Africa/Lagos] Get Profile Stats Error: SQLSTATE[HY093]: Invalid parameter number
[15-Aug-2026 19:05:20 Africa/Lagos] Get Top Matches Error: SQLSTATE[HY093]: Invalid parameter number
[15-Aug-2026 19:05:20 Africa/Lagos] Get Recent Conversations Error: SQLSTATE[HY093]: Invalid parameter number
[15-Aug-2026 19:05:20 Africa/Lagos] Get Exchange Stats Error: SQLSTATE[HY093]: Invalid parameter number
[15-Aug-2026 19:05:20 Africa/Lagos] PHP Warning:  Undefined array key "unread_messages" in C:\laragon\www\skillswap\views\dashboard.php on line 274
[15-Aug-2026 19:05:20 Africa/Lagos] Autoload failed: Class 'Database' not found in models/ or controllers/
[15-Aug-2026 19:05:30 Africa/Lagos] Autoload failed: Class 'Database' not found in models/ or controllers/
[15-Aug-2026 19:05:40 Africa/Lagos] Autoload failed: Class 'Database' not found in models/ or controllers/
[15-Aug-2026 19:05:50 Africa/Lagos] Autoload failed: Class 'Database' not found in models/ or controllers/
[15-Aug-2026 19:06:00 Africa/Lagos] Autoload failed: Class 'Database' not found in models/ or controllers/
[15-Aug-2026 19:06:10 Africa/Lagos] Autoload failed: Class 'Database' not found in models/ or controllers/
[15-Aug-2026 19:06:20 Africa/Lagos] Autoload failed: Class 'Database' not found in models/ or controllers/
[15-Aug-2026 19:06:30 Africa/Lagos] Autoload failed: Class 'Database' not found in models/ or controllers/
[15-Aug-2026 19:07:39 Africa/Lagos] Autoload failed: Class 'Database' not found in models/ or controllers/
[15-Aug-2026 19:08:39 Africa/Lagos] Autoload failed: Class 'Database' not found in models/ or controllers/
[15-Aug-2026 19:09:39 Africa/Lagos] Autoload failed: Class 'Database' not found in models/ or controllers/
[15-Aug-2026 19:10:13 Africa/Lagos] Autoload failed: Class 'Database' not found in models/ or controllers/
[15-Aug-2026 19:10:15 Africa/Lagos] Autoload failed: Class 'Database' not found in models/ or controllers/
[15-Aug-2026 19:10:15 Africa/Lagos] Get Profile Stats Error: SQLSTATE[HY093]: Invalid parameter number
[15-Aug-2026 19:10:15 Africa/Lagos] Get Top Matches Error: SQLSTATE[HY093]: Invalid parameter number
[15-Aug-2026 19:10:15 Africa/Lagos] Get Recent Conversations Error: SQLSTATE[HY093]: Invalid parameter number
[15-Aug-2026 19:10:15 Africa/Lagos] Get Exchange Stats Error: SQLSTATE[HY093]: Invalid parameter number
[15-Aug-2026 19:10:15 Africa/Lagos] Autoload failed: Class 'Database' not found in models/ or controllers/
[15-Aug-2026 19:10:16 Africa/Lagos] Autoload failed: Class 'Database' not found in models/ or controllers/
[15-Aug-2026 19:10:16 Africa/Lagos] Get Profile Stats Error: SQLSTATE[HY093]: Invalid parameter number
[15-Aug-2026 19:10:16 Africa/Lagos] Get Top Matches Error: SQLSTATE[HY093]: Invalid parameter number
[15-Aug-2026 19:10:16 Africa/Lagos] Get Recent Conversations Error: SQLSTATE[HY093]: Invalid parameter number
[15-Aug-2026 19:10:16 Africa/Lagos] Get Exchange Stats Error: SQLSTATE[HY093]: Invalid parameter number
[15-Aug-2026 19:10:17 Africa/Lagos] Autoload failed: Class 'Database' not found in models/ or controllers/
[15-Aug-2026 19:10:17 Africa/Lagos] Autoload failed: Class 'Database' not found in models/ or controllers/
[15-Aug-2026 19:10:17 Africa/Lagos] Get Profile Stats Error: SQLSTATE[HY093]: Invalid parameter number
[15-Aug-2026 19:10:17 Africa/Lagos] Get Top Matches Error: SQLSTATE[HY093]: Invalid parameter number
[15-Aug-2026 19:10:17 Africa/Lagos] Get Recent Conversations Error: SQLSTATE[HY093]: Invalid parameter number
[15-Aug-2026 19:10:17 Africa/Lagos] Get Exchange Stats Error: SQLSTATE[HY093]: Invalid parameter number
[15-Aug-2026 19:10:17 Africa/Lagos] Autoload failed: Class 'Database' not found in models/ or controllers/
[15-Aug-2026 19:10:27 Africa/Lagos] Autoload failed: Class 'Database' not found in models/ or controllers/
[15-Aug-2026 19:10:37 Africa/Lagos] Autoload failed: Class 'Database' not found in models/ or controllers/
[15-Aug-2026 19:10:47 Africa/Lagos] Autoload failed: Class 'Database' not found in models/ or controllers/
[15-Aug-2026 19:10:57 Africa/Lagos] Autoload failed: Class 'Database' not found in models/ or controllers/
[15-Aug-2026 19:11:07 Africa/Lagos] Autoload failed: Class 'Database' not found in models/ or controllers/
[15-Aug-2026 19:11:17 Africa/Lagos] Autoload failed: Class 'Database' not found in models/ or controllers/
[15-Aug-2026 19:11:27 Africa/Lagos] Autoload failed: Class 'Database' not found in models/ or controllers/
[15-Aug-2026 19:11:37 Africa/Lagos] Autoload failed: Class 'Database' not found in models/ or controllers/
[15-Aug-2026 19:12:39 Africa/Lagos] Autoload failed: Class 'Database' not found in models/ or controllers/
[15-Aug-2026 19:13:39 Africa/Lagos] Autoload failed: Class 'Database' not found in models/ or controllers/
[15-Aug-2026 19:14:39 Africa/Lagos] Autoload failed: Class 'Database' not found in models/ or controllers/
[15-Aug-2026 19:15:39 Africa/Lagos] Autoload failed: Class 'Database' not found in models/ or controllers/
[15-Aug-2026 19:16:39 Africa/Lagos] Autoload failed: Class 'Database' not found in models/ or controllers/
[15-Aug-2026 19:17:39 Africa/Lagos] Autoload failed: Class 'Database' not found in models/ or controllers/
[15-Aug-2026 19:18:39 Africa/Lagos] Autoload failed: Class 'Database' not found in models/ or controllers/
[15-Aug-2026 19:19:39 Africa/Lagos] Autoload failed: Class 'Database' not found in models/ or controllers/
[15-Aug-2026 19:20:39 Africa/Lagos] Autoload failed: Class 'Database' not found in models/ or controllers/
[15-Aug-2026 19:21:40 Africa/Lagos] Autoload failed: Class 'Database' not found in models/ or controllers/
[15-Aug-2026 19:22:39 Africa/Lagos] Autoload failed: Class 'Database' not found in models/ or controllers/
[15-Aug-2026 19:23:39 Africa/Lagos] Autoload failed: Class 'Database' not found in models/ or controllers/
[15-Aug-2026 19:23:50 Africa/Lagos] Autoload failed: Class 'Database' not found in models/ or controllers/
[15-Aug-2026 19:23:52 Africa/Lagos] Autoload failed: Class 'Database' not found in models/ or controllers/
[15-Aug-2026 19:23:52 Africa/Lagos] Get Profile Stats Error: SQLSTATE[HY093]: Invalid parameter number
[15-Aug-2026 19:23:52 Africa/Lagos] Get Top Matches Error: SQLSTATE[HY093]: Invalid parameter number
[15-Aug-2026 19:23:52 Africa/Lagos] Get Recent Conversations Error: SQLSTATE[HY093]: Invalid parameter number
[15-Aug-2026 19:23:52 Africa/Lagos] Get Exchange Stats Error: SQLSTATE[HY093]: Invalid parameter number
[15-Aug-2026 19:23:52 Africa/Lagos] Autoload failed: Class 'Database' not found in models/ or controllers/
[15-Aug-2026 19:23:53 Africa/Lagos] Autoload failed: Class 'Database' not found in models/ or controllers/
[15-Aug-2026 19:23:53 Africa/Lagos] Get Profile Stats Error: SQLSTATE[HY093]: Invalid parameter number
[15-Aug-2026 19:23:53 Africa/Lagos] Get Top Matches Error: SQLSTATE[HY093]: Invalid parameter number
[15-Aug-2026 19:23:53 Africa/Lagos] Get Recent Conversations Error: SQLSTATE[HY093]: Invalid parameter number
[15-Aug-2026 19:23:53 Africa/Lagos] Get Exchange Stats Error: SQLSTATE[HY093]: Invalid parameter number
[15-Aug-2026 19:23:53 Africa/Lagos] Autoload failed: Class 'Database' not found in models/ or controllers/
[15-Aug-2026 19:23:53 Africa/Lagos] Autoload failed: Class 'Database' not found in models/ or controllers/
[15-Aug-2026 19:23:53 Africa/Lagos] Get Profile Stats Error: SQLSTATE[HY093]: Invalid parameter number
[15-Aug-2026 19:23:53 Africa/Lagos] Get Top Matches Error: SQLSTATE[HY093]: Invalid parameter number
[15-Aug-2026 19:23:53 Africa/Lagos] Get Recent Conversations Error: SQLSTATE[HY093]: Invalid parameter number
[15-Aug-2026 19:23:53 Africa/Lagos] Get Exchange Stats Error: SQLSTATE[HY093]: Invalid parameter number
[15-Aug-2026 19:23:53 Africa/Lagos] Autoload failed: Class 'Database' not found in models/ or controllers/
[15-Aug-2026 19:24:02 Africa/Lagos] Autoload failed: Class 'Database' not found in models/ or controllers/
[15-Aug-2026 19:24:02 Africa/Lagos] Autoload failed: Class 'Database' not found in models/ or controllers/
[15-Aug-2026 19:24:02 Africa/Lagos] Autoload failed: Class 'Database' not found in models/ or controllers/
[15-Aug-2026 19:24:02 Africa/Lagos] Get Profile Stats Error: SQLSTATE[HY093]: Invalid parameter number
[15-Aug-2026 19:24:02 Africa/Lagos] Get Top Matches Error: SQLSTATE[HY093]: Invalid parameter number
[15-Aug-2026 19:24:02 Africa/Lagos] Get Recent Conversations Error: SQLSTATE[HY093]: Invalid parameter number
[15-Aug-2026 19:24:02 Africa/Lagos] Get Exchange Stats Error: SQLSTATE[HY093]: Invalid parameter number
[15-Aug-2026 19:24:02 Africa/Lagos] Autoload failed: Class 'Database' not found in models/ or controllers/
[15-Aug-2026 19:24:07 Africa/Lagos] Autoload failed: Class 'Database' not found in models/ or controllers/
[15-Aug-2026 19:24:07 Africa/Lagos] Get User Matches Error: SQLSTATE[HY093]: Invalid parameter number
[15-Aug-2026 19:24:07 Africa/Lagos] Count User Matches Error: SQLSTATE[HY093]: Invalid parameter number
[15-Aug-2026 19:24:07 Africa/Lagos] Autoload failed: Class 'Database' not found in models/ or controllers/
[15-Aug-2026 19:24:07 Africa/Lagos] Autoload failed: Class 'Database' not found in models/ or controllers/
[15-Aug-2026 19:24:07 Africa/Lagos] Get Profile Stats Error: SQLSTATE[HY093]: Invalid parameter number
[15-Aug-2026 19:24:07 Africa/Lagos] Get Top Matches Error: SQLSTATE[HY093]: Invalid parameter number
[15-Aug-2026 19:24:07 Africa/Lagos] Get Recent Conversations Error: SQLSTATE[HY093]: Invalid parameter number
[15-Aug-2026 19:24:07 Africa/Lagos] Get Exchange Stats Error: SQLSTATE[HY093]: Invalid parameter number
[15-Aug-2026 19:24:07 Africa/Lagos] Autoload failed: Class 'Database' not found in models/ or controllers/
[15-Aug-2026 19:24:09 Africa/Lagos] Autoload failed: Class 'Database' not found in models/ or controllers/
[15-Aug-2026 19:24:09 Africa/Lagos] Get User Exchanges Error: SQLSTATE[HY093]: Invalid parameter number
[15-Aug-2026 19:24:09 Africa/Lagos] Count User Exchanges Error: SQLSTATE[HY093]: Invalid parameter number
[15-Aug-2026 19:24:09 Africa/Lagos] Get Exchange Stats Error: SQLSTATE[HY093]: Invalid parameter number
[15-Aug-2026 19:24:09 Africa/Lagos] PHP Warning:  require_once(C:\laragon\www\skillswap/views/exchanges/index.php): Failed to open stream: No such file or directory in C:\laragon\www\skillswap\controllers\ExchangeController.php on line 84
[15-Aug-2026 19:24:09 Africa/Lagos] PHP Fatal error:  Uncaught Error: Failed opening required 'C:\laragon\www\skillswap/views/exchanges/index.php' (include_path='.;C:/laragon/etc/php/pear') in C:\laragon\www\skillswap\controllers\ExchangeController.php:84
Stack trace:
#0 C:\laragon\www\skillswap\index.php(198): ExchangeController->index()
#1 {main}
  thrown in C:\laragon\www\skillswap\controllers\ExchangeController.php on line 84
[15-Aug-2026 19:24:12 Africa/Lagos] Autoload failed: Class 'Database' not found in models/ or controllers/
[15-Aug-2026 19:24:12 Africa/Lagos] Get User Matches Error: SQLSTATE[HY093]: Invalid parameter number
[15-Aug-2026 19:24:12 Africa/Lagos] Count User Matches Error: SQLSTATE[HY093]: Invalid parameter number
[15-Aug-2026 19:24:12 Africa/Lagos] Autoload failed: Class 'Database' not found in models/ or controllers/
[15-Aug-2026 19:24:12 Africa/Lagos] Autoload failed: Class 'Database' not found in models/ or controllers/
[15-Aug-2026 19:24:12 Africa/Lagos] Get Profile Stats Error: SQLSTATE[HY093]: Invalid parameter number
[15-Aug-2026 19:24:12 Africa/Lagos] Get Top Matches Error: SQLSTATE[HY093]: Invalid parameter number
[15-Aug-2026 19:24:12 Africa/Lagos] Get Recent Conversations Error: SQLSTATE[HY093]: Invalid parameter number
[15-Aug-2026 19:24:12 Africa/Lagos] Get Exchange Stats Error: SQLSTATE[HY093]: Invalid parameter number
[15-Aug-2026 19:24:12 Africa/Lagos] Autoload failed: Class 'Database' not found in models/ or controllers/
[15-Aug-2026 19:24:13 Africa/Lagos] Autoload failed: Class 'Database' not found in models/ or controllers/
[15-Aug-2026 19:24:13 Africa/Lagos] Get Profile Stats Error: SQLSTATE[HY093]: Invalid parameter number
[15-Aug-2026 19:24:13 Africa/Lagos] Get Top Matches Error: SQLSTATE[HY093]: Invalid parameter number
[15-Aug-2026 19:24:13 Africa/Lagos] Get Recent Conversations Error: SQLSTATE[HY093]: Invalid parameter number
[15-Aug-2026 19:24:13 Africa/Lagos] Get Exchange Stats Error: SQLSTATE[HY093]: Invalid parameter number
[15-Aug-2026 19:24:13 Africa/Lagos] Autoload failed: Class 'Database' not found in models/ or controllers/
[15-Aug-2026 19:24:13 Africa/Lagos] Autoload failed: Class 'Database' not found in models/ or controllers/
[15-Aug-2026 19:24:13 Africa/Lagos] Get Profile Stats Error: SQLSTATE[HY093]: Invalid parameter number
[15-Aug-2026 19:24:13 Africa/Lagos] Get Top Matches Error: SQLSTATE[HY093]: Invalid parameter number
[15-Aug-2026 19:24:13 Africa/Lagos] Get Recent Conversations Error: SQLSTATE[HY093]: Invalid parameter number
[15-Aug-2026 19:24:13 Africa/Lagos] Get Exchange Stats Error: SQLSTATE[HY093]: Invalid parameter number
[15-Aug-2026 19:24:13 Africa/Lagos] Autoload failed: Class 'Database' not found in models/ or controllers/
[15-Aug-2026 19:24:15 Africa/Lagos] Autoload failed: Class 'Database' not found in models/ or controllers/
[15-Aug-2026 19:24:15 Africa/Lagos] Get User Matches Error: SQLSTATE[HY093]: Invalid parameter number
[15-Aug-2026 19:24:15 Africa/Lagos] Count User Matches Error: SQLSTATE[HY093]: Invalid parameter number
[15-Aug-2026 19:24:15 Africa/Lagos] Autoload failed: Class 'Database' not found in models/ or controllers/
[15-Aug-2026 19:24:15 Africa/Lagos] Autoload failed: Class 'Database' not found in models/ or controllers/
[15-Aug-2026 19:24:15 Africa/Lagos] Get Profile Stats Error: SQLSTATE[HY093]: Invalid parameter number
[15-Aug-2026 19:24:15 Africa/Lagos] Get Top Matches Error: SQLSTATE[HY093]: Invalid parameter number
[15-Aug-2026 19:24:15 Africa/Lagos] Get Recent Conversations Error: SQLSTATE[HY093]: Invalid parameter number
[15-Aug-2026 19:24:15 Africa/Lagos] Get Exchange Stats Error: SQLSTATE[HY093]: Invalid parameter number
[15-Aug-2026 19:24:15 Africa/Lagos] Autoload failed: Class 'Database' not found in models/ or controllers/
[15-Aug-2026 19:24:16 Africa/Lagos] Autoload failed: Class 'Database' not found in models/ or controllers/
[15-Aug-2026 19:24:16 Africa/Lagos] Get User Exchanges Error: SQLSTATE[HY093]: Invalid parameter number
[15-Aug-2026 19:24:16 Africa/Lagos] Count User Exchanges Error: SQLSTATE[HY093]: Invalid parameter number
[15-Aug-2026 19:24:16 Africa/Lagos] Get Exchange Stats Error: SQLSTATE[HY093]: Invalid parameter number
[15-Aug-2026 19:24:16 Africa/Lagos] PHP Warning:  require_once(C:\laragon\www\skillswap/views/exchanges/index.php): Failed to open stream: No such file or directory in C:\laragon\www\skillswap\controllers\ExchangeController.php on line 84
[15-Aug-2026 19:24:16 Africa/Lagos] PHP Fatal error:  Uncaught Error: Failed opening required 'C:\laragon\www\skillswap/views/exchanges/index.php' (include_path='.;C:/laragon/etc/php/pear') in C:\laragon\www\skillswap\controllers\ExchangeController.php:84
Stack trace:
#0 C:\laragon\www\skillswap\index.php(198): ExchangeController->index()
#1 {main}
  thrown in C:\laragon\www\skillswap\controllers\ExchangeController.php on line 84
[15-Aug-2026 19:31:56 Africa/Lagos] Autoload failed: Class 'Database' not found in models/ or controllers/
[15-Aug-2026 19:31:56 Africa/Lagos] Get User Exchanges Error: SQLSTATE[HY093]: Invalid parameter number
[15-Aug-2026 19:31:56 Africa/Lagos] Count User Exchanges Error: SQLSTATE[HY093]: Invalid parameter number
[15-Aug-2026 19:31:56 Africa/Lagos] Get Exchange Stats Error: SQLSTATE[HY093]: Invalid parameter number
[15-Aug-2026 19:31:56 Africa/Lagos] Autoload failed: Class 'Database' not found in models/ or controllers/
[15-Aug-2026 19:31:58 Africa/Lagos] Autoload failed: Class 'Database' not found in models/ or controllers/
[15-Aug-2026 19:31:58 Africa/Lagos] Get Profile Stats Error: SQLSTATE[HY093]: Invalid parameter number
[15-Aug-2026 19:31:58 Africa/Lagos] Get Top Matches Error: SQLSTATE[HY093]: Invalid parameter number
[15-Aug-2026 19:31:58 Africa/Lagos] Get Recent Conversations Error: SQLSTATE[HY093]: Invalid parameter number
[15-Aug-2026 19:31:58 Africa/Lagos] Get Exchange Stats Error: SQLSTATE[HY093]: Invalid parameter number
[15-Aug-2026 19:31:58 Africa/Lagos] Autoload failed: Class 'Database' not found in models/ or controllers/
[15-Aug-2026 19:32:08 Africa/Lagos] Autoload failed: Class 'Database' not found in models/ or controllers/
[15-Aug-2026 19:32:19 Africa/Lagos] Autoload failed: Class 'Database' not found in models/ or controllers/
[15-Aug-2026 19:32:21 Africa/Lagos] Autoload failed: Class 'Database' not found in models/ or controllers/
[15-Aug-2026 19:32:21 Africa/Lagos] Get User Exchanges Error: SQLSTATE[HY093]: Invalid parameter number
[15-Aug-2026 19:32:21 Africa/Lagos] Count User Exchanges Error: SQLSTATE[HY093]: Invalid parameter number
[15-Aug-2026 19:32:21 Africa/Lagos] Get Exchange Stats Error: SQLSTATE[HY093]: Invalid parameter number
[15-Aug-2026 19:32:21 Africa/Lagos] Autoload failed: Class 'Database' not found in models/ or controllers/
[15-Aug-2026 19:32:21 Africa/Lagos] Autoload failed: Class 'Database' not found in models/ or controllers/
[15-Aug-2026 19:32:21 Africa/Lagos] Get Profile Stats Error: SQLSTATE[HY093]: Invalid parameter number
[15-Aug-2026 19:32:21 Africa/Lagos] Get Top Matches Error: SQLSTATE[HY093]: Invalid parameter number
[15-Aug-2026 19:32:21 Africa/Lagos] Get Recent Conversations Error: SQLSTATE[HY093]: Invalid parameter number
[15-Aug-2026 19:32:21 Africa/Lagos] Get Exchange Stats Error: SQLSTATE[HY093]: Invalid parameter number
[15-Aug-2026 19:32:21 Africa/Lagos] Autoload failed: Class 'Database' not found in models/ or controllers/
[15-Aug-2026 19:32:29 Africa/Lagos] Autoload failed: Class 'Database' not found in models/ or controllers/
[15-Aug-2026 19:32:29 Africa/Lagos] Get User Exchanges Error: SQLSTATE[HY093]: Invalid parameter number
[15-Aug-2026 19:32:29 Africa/Lagos] Count User Exchanges Error: SQLSTATE[HY093]: Invalid parameter number
[15-Aug-2026 19:32:29 Africa/Lagos] Get Exchange Stats Error: SQLSTATE[HY093]: Invalid parameter number
[15-Aug-2026 19:32:29 Africa/Lagos] Autoload failed: Class 'Database' not found in models/ or controllers/
[15-Aug-2026 19:32:29 Africa/Lagos] Autoload failed: Class 'Database' not found in models/ or controllers/
[15-Aug-2026 19:32:29 Africa/Lagos] Get Profile Stats Error: SQLSTATE[HY093]: Invalid parameter number
[15-Aug-2026 19:32:29 Africa/Lagos] Get Top Matches Error: SQLSTATE[HY093]: Invalid parameter number
[15-Aug-2026 19:32:29 Africa/Lagos] Get Recent Conversations Error: SQLSTATE[HY093]: Invalid parameter number
[15-Aug-2026 19:32:29 Africa/Lagos] Get Exchange Stats Error: SQLSTATE[HY093]: Invalid parameter number
[15-Aug-2026 19:32:29 Africa/Lagos] Autoload failed: Class 'Database' not found in models/ or controllers/
[15-Aug-2026 19:32:39 Africa/Lagos] Autoload failed: Class 'Database' not found in models/ or controllers/
[15-Aug-2026 19:32:49 Africa/Lagos] Autoload failed: Class 'Database' not found in models/ or controllers/
[15-Aug-2026 19:32:59 Africa/Lagos] Autoload failed: Class 'Database' not found in models/ or controllers/
[15-Aug-2026 19:33:09 Africa/Lagos] Autoload failed: Class 'Database' not found in models/ or controllers/
[15-Aug-2026 19:33:19 Africa/Lagos] Autoload failed: Class 'Database' not found in models/ or controllers/
[15-Aug-2026 19:33:29 Africa/Lagos] Autoload failed: Class 'Database' not found in models/ or controllers/
[15-Aug-2026 19:33:39 Africa/Lagos] Autoload failed: Class 'Database' not found in models/ or controllers/
[15-Aug-2026 19:33:49 Africa/Lagos] Autoload failed: Class 'Database' not found in models/ or controllers/
[15-Aug-2026 19:33:59 Africa/Lagos] Autoload failed: Class 'Database' not found in models/ or controllers/
[15-Aug-2026 19:34:09 Africa/Lagos] Autoload failed: Class 'Database' not found in models/ or controllers/
[15-Aug-2026 19:34:19 Africa/Lagos] Autoload failed: Class 'Database' not found in models/ or controllers/
[15-Aug-2026 19:34:29 Africa/Lagos] Autoload failed: Class 'Database' not found in models/ or controllers/
[15-Aug-2026 19:34:39 Africa/Lagos] Autoload failed: Class 'Database' not found in models/ or controllers/
[15-Aug-2026 19:34:49 Africa/Lagos] Autoload failed: Class 'Database' not found in models/ or controllers/
[15-Aug-2026 19:34:59 Africa/Lagos] Autoload failed: Class 'Database' not found in models/ or controllers/
[15-Aug-2026 19:35:09 Africa/Lagos] Autoload failed: Class 'Database' not found in models/ or controllers/
[15-Aug-2026 19:35:19 Africa/Lagos] Autoload failed: Class 'Database' not found in models/ or controllers/
[15-Aug-2026 19:35:29 Africa/Lagos] Autoload failed: Class 'Database' not found in models/ or controllers/
[15-Aug-2026 19:35:39 Africa/Lagos] Autoload failed: Class 'Database' not found in models/ or controllers/
[15-Aug-2026 19:35:49 Africa/Lagos] Autoload failed: Class 'Database' not found in models/ or controllers/
[15-Aug-2026 19:35:59 Africa/Lagos] Autoload failed: Class 'Database' not found in models/ or controllers/
[15-Aug-2026 19:36:09 Africa/Lagos] Autoload failed: Class 'Database' not found in models/ or controllers/
[15-Aug-2026 19:36:19 Africa/Lagos] Autoload failed: Class 'Database' not found in models/ or controllers/
[15-Aug-2026 19:36:29 Africa/Lagos] Autoload failed: Class 'Database' not found in models/ or controllers/
[15-Aug-2026 19:36:39 Africa/Lagos] Autoload failed: Class 'Database' not found in models/ or controllers/
[15-Aug-2026 19:36:49 Africa/Lagos] Autoload failed: Class 'Database' not found in models/ or controllers/
[15-Aug-2026 19:36:59 Africa/Lagos] Autoload failed: Class 'Database' not found in models/ or controllers/
[15-Aug-2026 19:37:09 Africa/Lagos] Autoload failed: Class 'Database' not found in models/ or controllers/
[15-Aug-2026 19:37:19 Africa/Lagos] Autoload failed: Class 'Database' not found in models/ or controllers/
[15-Aug-2026 19:37:29 Africa/Lagos] Autoload failed: Class 'Database' not found in models/ or controllers/
[15-Aug-2026 19:37:39 Africa/Lagos] Autoload failed: Class 'Database' not found in models/ or controllers/
[15-Aug-2026 19:37:49 Africa/Lagos] Autoload failed: Class 'Database' not found in models/ or controllers/
[15-Aug-2026 19:37:59 Africa/Lagos] Autoload failed: Class 'Database' not found in models/ or controllers/
[15-Aug-2026 19:38:09 Africa/Lagos] Autoload failed: Class 'Database' not found in models/ or controllers/
[15-Aug-2026 19:38:19 Africa/Lagos] Autoload failed: Class 'Database' not found in models/ or controllers/
[15-Aug-2026 19:38:29 Africa/Lagos] Autoload failed: Class 'Database' not found in models/ or controllers/
[15-Aug-2026 19:38:39 Africa/Lagos] Autoload failed: Class 'Database' not found in models/ or controllers/
[15-Aug-2026 19:38:49 Africa/Lagos] Autoload failed: Class 'Database' not found in models/ or controllers/
[15-Aug-2026 19:38:59 Africa/Lagos] Autoload failed: Class 'Database' not found in models/ or controllers/
[15-Aug-2026 19:39:09 Africa/Lagos] Autoload failed: Class 'Database' not found in models/ or controllers/
[15-Aug-2026 19:39:19 Africa/Lagos] Autoload failed: Class 'Database' not found in models/ or controllers/
[15-Aug-2026 19:39:29 Africa/Lagos] Autoload failed: Class 'Database' not found in models/ or controllers/
[15-Aug-2026 19:39:39 Africa/Lagos] Autoload failed: Class 'Database' not found in models/ or controllers/
[15-Aug-2026 19:39:49 Africa/Lagos] Autoload failed: Class 'Database' not found in models/ or controllers/
[15-Aug-2026 19:39:59 Africa/Lagos] Autoload failed: Class 'Database' not found in models/ or controllers/
[15-Aug-2026 19:40:09 Africa/Lagos] Autoload failed: Class 'Database' not found in models/ or controllers/
[15-Aug-2026 19:40:20 Africa/Lagos] Autoload failed: Class 'Database' not found in models/ or controllers/
[15-Aug-2026 19:40:29 Africa/Lagos] Autoload failed: Class 'Database' not found in models/ or controllers/
[15-Aug-2026 19:40:39 Africa/Lagos] Autoload failed: Class 'Database' not found in models/ or controllers/
[15-Aug-2026 19:40:49 Africa/Lagos] Autoload failed: Class 'Database' not found in models/ or controllers/
[15-Aug-2026 19:40:59 Africa/Lagos] Autoload failed: Class 'Database' not found in models/ or controllers/
[15-Aug-2026 19:41:09 Africa/Lagos] Autoload failed: Class 'Database' not found in models/ or controllers/
[15-Aug-2026 19:41:19 Africa/Lagos] Autoload failed: Class 'Database' not found in models/ or controllers/
[15-Aug-2026 19:41:29 Africa/Lagos] Autoload failed: Class 'Database' not found in models/ or controllers/
[15-Aug-2026 19:41:39 Africa/Lagos] Autoload failed: Class 'Database' not found in models/ or controllers/
[15-Aug-2026 19:41:49 Africa/Lagos] Autoload failed: Class 'Database' not found in models/ or controllers/
[15-Aug-2026 19:41:59 Africa/Lagos] Autoload failed: Class 'Database' not found in models/ or controllers/
[15-Aug-2026 19:42:09 Africa/Lagos] Autoload failed: Class 'Database' not found in models/ or controllers/
[15-Aug-2026 19:42:19 Africa/Lagos] Autoload failed: Class 'Database' not found in models/ or controllers/
[15-Aug-2026 19:42:29 Africa/Lagos] Autoload failed: Class 'Database' not found in models/ or controllers/
[15-Aug-2026 19:42:39 Africa/Lagos] Autoload failed: Class 'Database' not found in models/ or controllers/
[15-Aug-2026 19:42:49 Africa/Lagos] Autoload failed: Class 'Database' not found in models/ or controllers/
[15-Aug-2026 19:42:59 Africa/Lagos] Autoload failed: Class 'Database' not found in models/ or controllers/
[15-Aug-2026 19:43:09 Africa/Lagos] Autoload failed: Class 'Database' not found in models/ or controllers/
[15-Aug-2026 19:43:19 Africa/Lagos] Autoload failed: Class 'Database' not found in models/ or controllers/
[15-Aug-2026 19:43:29 Africa/Lagos] Autoload failed: Class 'Database' not found in models/ or controllers/
[15-Aug-2026 19:43:39 Africa/Lagos] Autoload failed: Class 'Database' not found in models/ or controllers/
[15-Aug-2026 19:43:49 Africa/Lagos] Autoload failed: Class 'Database' not found in models/ or controllers/
[15-Aug-2026 19:43:59 Africa/Lagos] Autoload failed: Class 'Database' not found in models/ or controllers/
[15-Aug-2026 19:44:09 Africa/Lagos] Autoload failed: Class 'Database' not found in models/ or controllers/
[15-Aug-2026 19:44:19 Africa/Lagos] Autoload failed: Class 'Database' not found in models/ or controllers/
[15-Aug-2026 19:44:29 Africa/Lagos] Autoload failed: Class 'Database' not found in models/ or controllers/
[15-Aug-2026 19:44:39 Africa/Lagos] Autoload failed: Class 'Database' not found in models/ or controllers/
[15-Aug-2026 19:44:49 Africa/Lagos] Autoload failed: Class 'Database' not found in models/ or controllers/
[15-Aug-2026 19:44:59 Africa/Lagos] Autoload failed: Class 'Database' not found in models/ or controllers/
[15-Aug-2026 19:45:09 Africa/Lagos] Autoload failed: Class 'Database' not found in models/ or controllers/
[15-Aug-2026 19:45:19 Africa/Lagos] Autoload failed: Class 'Database' not found in models/ or controllers/
[15-Aug-2026 19:45:29 Africa/Lagos] Autoload failed: Class 'Database' not found in models/ or controllers/
[15-Aug-2026 19:45:39 Africa/Lagos] Autoload failed: Class 'Database' not found in models/ or controllers/
[15-Aug-2026 19:45:49 Africa/Lagos] Autoload failed: Class 'Database' not found in models/ or controllers/
[15-Aug-2026 19:45:59 Africa/Lagos] Autoload failed: Class 'Database' not found in models/ or controllers/
[15-Aug-2026 19:46:09 Africa/Lagos] Autoload failed: Class 'Database' not found in models/ or controllers/
[15-Aug-2026 19:46:19 Africa/Lagos] Autoload failed: Class 'Database' not found in models/ or controllers/
[15-Aug-2026 19:46:29 Africa/Lagos] Autoload failed: Class 'Database' not found in models/ or controllers/
[15-Aug-2026 19:46:39 Africa/Lagos] Autoload failed: Class 'Database' not found in models/ or controllers/
[15-Aug-2026 19:46:49 Africa/Lagos] Autoload failed: Class 'Database' not found in models/ or controllers/
[15-Aug-2026 19:46:59 Africa/Lagos] Autoload failed: Class 'Database' not found in models/ or controllers/
[15-Aug-2026 19:47:09 Africa/Lagos] Autoload failed: Class 'Database' not found in models/ or controllers/
[15-Aug-2026 19:47:19 Africa/Lagos] Autoload failed: Class 'Database' not found in models/ or controllers/
[15-Aug-2026 19:47:29 Africa/Lagos] Autoload failed: Class 'Database' not found in models/ or controllers/
[15-Aug-2026 19:47:39 Africa/Lagos] Autoload failed: Class 'Database' not found in models/ or controllers/
[15-Aug-2026 19:47:49 Africa/Lagos] Autoload failed: Class 'Database' not found in models/ or controllers/
[15-Aug-2026 19:47:59 Africa/Lagos] Autoload failed: Class 'Database' not found in models/ or controllers/
[15-Aug-2026 19:48:09 Africa/Lagos] Autoload failed: Class 'Database' not found in models/ or controllers/
[15-Aug-2026 19:48:19 Africa/Lagos] Autoload failed: Class 'Database' not found in models/ or controllers/
[15-Aug-2026 19:48:29 Africa/Lagos] Autoload failed: Class 'Database' not found in models/ or controllers/
[15-Aug-2026 19:48:39 Africa/Lagos] Autoload failed: Class 'Database' not found in models/ or controllers/
[15-Aug-2026 19:48:49 Africa/Lagos] Autoload failed: Class 'Database' not found in models/ or controllers/
[15-Aug-2026 19:48:59 Africa/Lagos] Autoload failed: Class 'Database' not found in models/ or controllers/
[15-Aug-2026 19:49:09 Africa/Lagos] Autoload failed: Class 'Database' not found in models/ or controllers/
[15-Aug-2026 19:49:19 Africa/Lagos] Autoload failed: Class 'Database' not found in models/ or controllers/
[15-Aug-2026 19:49:29 Africa/Lagos] Autoload failed: Class 'Database' not found in models/ or controllers/
[15-Aug-2026 19:49:39 Africa/Lagos] Autoload failed: Class 'Database' not found in models/ or controllers/
[15-Aug-2026 19:49:49 Africa/Lagos] Autoload failed: Class 'Database' not found in models/ or controllers/
[15-Aug-2026 19:49:59 Africa/Lagos] Autoload failed: Class 'Database' not found in models/ or controllers/
[15-Aug-2026 19:50:09 Africa/Lagos] Autoload failed: Class 'Database' not found in models/ or controllers/
[15-Aug-2026 19:50:19 Africa/Lagos] Autoload failed: Class 'Database' not found in models/ or controllers/
[15-Aug-2026 19:50:29 Africa/Lagos] Autoload failed: Class 'Database' not found in models/ or controllers/
[15-Aug-2026 19:50:39 Africa/Lagos] Autoload failed: Class 'Database' not found in models/ or controllers/
[15-Aug-2026 19:50:49 Africa/Lagos] Autoload failed: Class 'Database' not found in models/ or controllers/
[15-Aug-2026 19:50:59 Africa/Lagos] Autoload failed: Class 'Database' not found in models/ or controllers/
[15-Aug-2026 19:51:09 Africa/Lagos] Autoload failed: Class 'Database' not found in models/ or controllers/
[15-Aug-2026 19:51:19 Africa/Lagos] Autoload failed: Class 'Database' not found in models/ or controllers/
[15-Aug-2026 19:51:29 Africa/Lagos] Autoload failed: Class 'Database' not found in models/ or controllers/
[15-Aug-2026 19:51:39 Africa/Lagos] Autoload failed: Class 'Database' not found in models/ or controllers/
[15-Aug-2026 19:51:49 Africa/Lagos] Autoload failed: Class 'Database' not found in models/ or controllers/
[15-Aug-2026 19:51:59 Africa/Lagos] Autoload failed: Class 'Database' not found in models/ or controllers/
[15-Aug-2026 19:52:09 Africa/Lagos] Autoload failed: Class 'Database' not found in models/ or controllers/
[15-Aug-2026 19:52:19 Africa/Lagos] Autoload failed: Class 'Database' not found in models/ or controllers/
[15-Aug-2026 19:52:29 Africa/Lagos] Autoload failed: Class 'Database' not found in models/ or controllers/
[15-Aug-2026 19:52:39 Africa/Lagos] Autoload failed: Class 'Database' not found in models/ or controllers/
[15-Aug-2026 19:52:49 Africa/Lagos] Autoload failed: Class 'Database' not found in models/ or controllers/
[15-Aug-2026 19:52:59 Africa/Lagos] Autoload failed: Class 'Database' not found in models/ or controllers/
[15-Aug-2026 19:53:09 Africa/Lagos] Autoload failed: Class 'Database' not found in models/ or controllers/
[15-Aug-2026 19:53:19 Africa/Lagos] Autoload failed: Class 'Database' not found in models/ or controllers/
[15-Aug-2026 19:53:29 Africa/Lagos] Autoload failed: Class 'Database' not found in models/ or controllers/
[15-Aug-2026 19:53:39 Africa/Lagos] Autoload failed: Class 'Database' not found in models/ or controllers/
[15-Aug-2026 19:53:49 Africa/Lagos] Autoload failed: Class 'Database' not found in models/ or controllers/
[15-Aug-2026 19:53:59 Africa/Lagos] Autoload failed: Class 'Database' not found in models/ or controllers/
[15-Aug-2026 19:54:09 Africa/Lagos] Autoload failed: Class 'Database' not found in models/ or controllers/
[15-Aug-2026 19:54:19 Africa/Lagos] Autoload failed: Class 'Database' not found in models/ or controllers/
[15-Aug-2026 19:54:29 Africa/Lagos] Autoload failed: Class 'Database' not found in models/ or controllers/
[15-Aug-2026 19:54:39 Africa/Lagos] Autoload failed: Class 'Database' not found in models/ or controllers/
[15-Aug-2026 19:54:49 Africa/Lagos] Autoload failed: Class 'Database' not found in models/ or controllers/
[15-Aug-2026 19:54:59 Africa/Lagos] Autoload failed: Class 'Database' not found in models/ or controllers/
[15-Aug-2026 19:55:09 Africa/Lagos] Autoload failed: Class 'Database' not found in models/ or controllers/
[15-Aug-2026 19:55:19 Africa/Lagos] Autoload failed: Class 'Database' not found in models/ or controllers/
[15-Aug-2026 19:55:29 Africa/Lagos] Autoload failed: Class 'Database' not found in models/ or controllers/
[15-Aug-2026 19:55:39 Africa/Lagos] Autoload failed: Class 'Database' not found in models/ or controllers/
[15-Aug-2026 19:55:49 Africa/Lagos] Autoload failed: Class 'Database' not found in models/ or controllers/
[15-Aug-2026 19:55:59 Africa/Lagos] Autoload failed: Class 'Database' not found in models/ or controllers/
[15-Aug-2026 19:56:09 Africa/Lagos] Autoload failed: Class 'Database' not found in models/ or controllers/
[15-Aug-2026 19:56:19 Africa/Lagos] Autoload failed: Class 'Database' not found in models/ or controllers/
[15-Aug-2026 19:56:29 Africa/Lagos] Autoload failed: Class 'Database' not found in models/ or controllers/
[15-Aug-2026 19:56:39 Africa/Lagos] Autoload failed: Class 'Database' not found in models/ or controllers/
[15-Aug-2026 19:56:49 Africa/Lagos] Autoload failed: Class 'Database' not found in models/ or controllers/
[15-Aug-2026 19:56:59 Africa/Lagos] Autoload failed: Class 'Database' not found in models/ or controllers/
[15-Aug-2026 19:57:09 Africa/Lagos] Autoload failed: Class 'Database' not found in models/ or controllers/
[15-Aug-2026 19:57:19 Africa/Lagos] Autoload failed: Class 'Database' not found in models/ or controllers/
[15-Aug-2026 19:57:29 Africa/Lagos] Autoload failed: Class 'Database' not found in models/ or controllers/
[15-Aug-2026 19:57:39 Africa/Lagos] Autoload failed: Class 'Database' not found in models/ or controllers/
[15-Aug-2026 19:57:49 Africa/Lagos] Autoload failed: Class 'Database' not found in models/ or controllers/
[15-Aug-2026 19:57:59 Africa/Lagos] Autoload failed: Class 'Database' not found in models/ or controllers/
[15-Aug-2026 19:58:09 Africa/Lagos] Autoload failed: Class 'Database' not found in models/ or controllers/
[15-Aug-2026 19:58:19 Africa/Lagos] Autoload failed: Class 'Database' not found in models/ or controllers/
[15-Aug-2026 19:58:29 Africa/Lagos] Autoload failed: Class 'Database' not found in models/ or controllers/
[15-Aug-2026 19:58:39 Africa/Lagos] Autoload failed: Class 'Database' not found in models/ or controllers/
[15-Aug-2026 19:58:49 Africa/Lagos] Autoload failed: Class 'Database' not found in models/ or controllers/
[15-Aug-2026 19:58:59 Africa/Lagos] Autoload failed: Class 'Database' not found in models/ or controllers/
[15-Aug-2026 19:59:09 Africa/Lagos] Autoload failed: Class 'Database' not found in models/ or controllers/
[15-Aug-2026 19:59:19 Africa/Lagos] Autoload failed: Class 'Database' not found in models/ or controllers/
[15-Aug-2026 19:59:29 Africa/Lagos] Autoload failed: Class 'Database' not found in models/ or controllers/
[15-Aug-2026 19:59:39 Africa/Lagos] Autoload failed: Class 'Database' not found in models/ or controllers/
[15-Aug-2026 19:59:49 Africa/Lagos] Autoload failed: Class 'Database' not found in models/ or controllers/
[15-Aug-2026 19:59:59 Africa/Lagos] Autoload failed: Class 'Database' not found in models/ or controllers/
[15-Aug-2026 20:00:09 Africa/Lagos] Autoload failed: Class 'Database' not found in models/ or controllers/
[15-Aug-2026 20:00:19 Africa/Lagos] Autoload failed: Class 'Database' not found in models/ or controllers/
[15-Aug-2026 20:00:29 Africa/Lagos] Autoload failed: Class 'Database' not found in models/ or controllers/
[15-Aug-2026 20:00:39 Africa/Lagos] Autoload failed: Class 'Database' not found in models/ or controllers/
[15-Aug-2026 20:00:49 Africa/Lagos] Autoload failed: Class 'Database' not found in models/ or controllers/
[15-Aug-2026 20:00:59 Africa/Lagos] Autoload failed: Class 'Database' not found in models/ or controllers/
[15-Aug-2026 20:01:09 Africa/Lagos] Autoload failed: Class 'Database' not found in models/ or controllers/
[15-Aug-2026 20:01:19 Africa/Lagos] Autoload failed: Class 'Database' not found in models/ or controllers/
[15-Aug-2026 20:01:29 Africa/Lagos] Autoload failed: Class 'Database' not found in models/ or controllers/
[15-Aug-2026 20:01:39 Africa/Lagos] Autoload failed: Class 'Database' not found in models/ or controllers/
[15-Aug-2026 20:01:49 Africa/Lagos] Autoload failed: Class 'Database' not found in models/ or controllers/
[15-Aug-2026 20:01:59 Africa/Lagos] Autoload failed: Class 'Database' not found in models/ or controllers/
[15-Aug-2026 20:02:09 Africa/Lagos] Autoload failed: Class 'Database' not found in models/ or controllers/
[15-Aug-2026 20:02:19 Africa/Lagos] Autoload failed: Class 'Database' not found in models/ or controllers/
[15-Aug-2026 20:02:29 Africa/Lagos] Autoload failed: Class 'Database' not found in models/ or controllers/
[15-Aug-2026 20:02:39 Africa/Lagos] Autoload failed: Class 'Database' not found in models/ or controllers/
[15-Aug-2026 20:02:49 Africa/Lagos] Autoload failed: Class 'Database' not found in models/ or controllers/
[15-Aug-2026 20:02:59 Africa/Lagos] Autoload failed: Class 'Database' not found in models/ or controllers/
[15-Aug-2026 20:03:09 Africa/Lagos] Autoload failed: Class 'Database' not found in models/ or controllers/
[15-Aug-2026 20:03:19 Africa/Lagos] Autoload failed: Class 'Database' not found in models/ or controllers/
[15-Aug-2026 20:03:29 Africa/Lagos] Autoload failed: Class 'Database' not found in models/ or controllers/
[15-Aug-2026 20:03:39 Africa/Lagos] Autoload failed: Class 'Database' not found in models/ or controllers/
[15-Aug-2026 20:03:49 Africa/Lagos] Autoload failed: Class 'Database' not found in models/ or controllers/
[15-Aug-2026 20:03:59 Africa/Lagos] Autoload failed: Class 'Database' not found in models/ or controllers/
[15-Aug-2026 20:04:09 Africa/Lagos] Autoload failed: Class 'Database' not found in models/ or controllers/
[15-Aug-2026 20:04:19 Africa/Lagos] Autoload failed: Class 'Database' not found in models/ or controllers/
[15-Aug-2026 20:04:29 Africa/Lagos] Autoload failed: Class 'Database' not found in models/ or controllers/
[15-Aug-2026 20:04:39 Africa/Lagos] Autoload failed: Class 'Database' not found in models/ or controllers/
[15-Aug-2026 20:04:49 Africa/Lagos] Autoload failed: Class 'Database' not found in models/ or controllers/
[15-Aug-2026 20:04:59 Africa/Lagos] Autoload failed: Class 'Database' not found in models/ or controllers/
[15-Aug-2026 20:05:09 Africa/Lagos] Autoload failed: Class 'Database' not found in models/ or controllers/
[15-Aug-2026 20:05:19 Africa/Lagos] Autoload failed: Class 'Database' not found in models/ or controllers/
[15-Aug-2026 20:05:29 Africa/Lagos] Autoload failed: Class 'Database' not found in models/ or controllers/
[15-Aug-2026 20:05:39 Africa/Lagos] Autoload failed: Class 'Database' not found in models/ or controllers/
[15-Aug-2026 20:05:49 Africa/Lagos] Autoload failed: Class 'Database' not found in models/ or controllers/
[15-Aug-2026 20:05:59 Africa/Lagos] Autoload failed: Class 'Database' not found in models/ or controllers/
[15-Aug-2026 20:06:09 Africa/Lagos] Autoload failed: Class 'Database' not found in models/ or controllers/
[15-Aug-2026 20:06:19 Africa/Lagos] Autoload failed: Class 'Database' not found in models/ or controllers/
[15-Aug-2026 20:06:29 Africa/Lagos] Autoload failed: Class 'Database' not found in models/ or controllers/
[15-Aug-2026 20:06:39 Africa/Lagos] Autoload failed: Class 'Database' not found in models/ or controllers/
[15-Aug-2026 20:06:49 Africa/Lagos] Autoload failed: Class 'Database' not found in models/ or controllers/
[15-Aug-2026 20:06:59 Africa/Lagos] Autoload failed: Class 'Database' not found in models/ or controllers/
[15-Aug-2026 20:07:09 Africa/Lagos] Autoload failed: Class 'Database' not found in models/ or controllers/
[15-Aug-2026 20:07:19 Africa/Lagos] Autoload failed: Class 'Database' not found in models/ or controllers/
[15-Aug-2026 20:07:29 Africa/Lagos] Autoload failed: Class 'Database' not found in models/ or controllers/
[15-Aug-2026 20:07:39 Africa/Lagos] Autoload failed: Class 'Database' not found in models/ or controllers/
[15-Aug-2026 20:07:49 Africa/Lagos] Autoload failed: Class 'Database' not found in models/ or controllers/
[15-Aug-2026 20:07:59 Africa/Lagos] Autoload failed: Class 'Database' not found in models/ or controllers/
[15-Aug-2026 20:08:09 Africa/Lagos] Autoload failed: Class 'Database' not found in models/ or controllers/
[15-Aug-2026 21:22:05 Africa/Lagos] Autoload failed: Class 'Database' not found in models/ or controllers/
[15-Aug-2026 21:22:32 Africa/Lagos] Autoload failed: Class 'Database' not found in models/ or controllers/
[15-Aug-2026 21:23:00 Africa/Lagos] Autoload failed: Class 'Database' not found in models/ or controllers/
[15-Aug-2026 21:23:03 Africa/Lagos] Autoload failed: Class 'Database' not found in models/ or controllers/
[15-Aug-2026 21:23:13 Africa/Lagos] Autoload failed: Class 'Database' not found in models/ or controllers/
[15-Aug-2026 21:23:23 Africa/Lagos] Autoload failed: Class 'Database' not found in models/ or controllers/
[15-Aug-2026 21:23:33 Africa/Lagos] Autoload failed: Class 'Database' not found in models/ or controllers/
[15-Aug-2026 21:23:43 Africa/Lagos] Autoload failed: Class 'Database' not found in models/ or controllers/
[15-Aug-2026 21:23:53 Africa/Lagos] Autoload failed: Class 'Database' not found in models/ or controllers/
[15-Aug-2026 21:24:03 Africa/Lagos] Autoload failed: Class 'Database' not found in models/ or controllers/
[15-Aug-2026 21:24:33 Africa/Lagos] Autoload failed: Class 'Database' not found in models/ or controllers/
[15-Aug-2026 21:25:32 Africa/Lagos] Autoload failed: Class 'Database' not found in models/ or controllers/
[15-Aug-2026 21:26:32 Africa/Lagos] Autoload failed: Class 'Database' not found in models/ or controllers/
[15-Aug-2026 21:27:33 Africa/Lagos] Autoload failed: Class 'Database' not found in models/ or controllers/
[15-Aug-2026 21:28:32 Africa/Lagos] Autoload failed: Class 'Database' not found in models/ or controllers/
[15-Aug-2026 21:29:06 Africa/Lagos] Autoload failed: Class 'Database' not found in models/ or controllers/
[15-Aug-2026 21:29:13 Africa/Lagos] Autoload failed: Class 'Database' not found in models/ or controllers/
[15-Aug-2026 21:29:23 Africa/Lagos] Autoload failed: Class 'Database' not found in models/ or controllers/
[15-Aug-2026 21:29:33 Africa/Lagos] Autoload failed: Class 'Database' not found in models/ or controllers/
[15-Aug-2026 21:29:43 Africa/Lagos] Autoload failed: Class 'Database' not found in models/ or controllers/
[15-Aug-2026 21:29:53 Africa/Lagos] Autoload failed: Class 'Database' not found in models/ or controllers/
[15-Aug-2026 21:30:03 Africa/Lagos] Autoload failed: Class 'Database' not found in models/ or controllers/
[15-Aug-2026 21:30:32 Africa/Lagos] Autoload failed: Class 'Database' not found in models/ or controllers/
[15-Aug-2026 21:31:32 Africa/Lagos] Autoload failed: Class 'Database' not found in models/ or controllers/
[15-Aug-2026 21:32:32 Africa/Lagos] Autoload failed: Class 'Database' not found in models/ or controllers/
[15-Aug-2026 21:33:32 Africa/Lagos] Autoload failed: Class 'Database' not found in models/ or controllers/
[15-Aug-2026 21:34:32 Africa/Lagos] Autoload failed: Class 'Database' not found in models/ or controllers/
[15-Aug-2026 21:35:32 Africa/Lagos] Autoload failed: Class 'Database' not found in models/ or controllers/
[15-Aug-2026 21:36:32 Africa/Lagos] Autoload failed: Class 'Database' not found in models/ or controllers/
[15-Aug-2026 21:37:32 Africa/Lagos] Autoload failed: Class 'Database' not found in models/ or controllers/
[15-Aug-2026 21:38:32 Africa/Lagos] Autoload failed: Class 'Database' not found in models/ or controllers/
[15-Aug-2026 21:39:32 Africa/Lagos] Autoload failed: Class 'Database' not found in models/ or controllers/
[15-Aug-2026 21:40:32 Africa/Lagos] Autoload failed: Class 'Database' not found in models/ or controllers/
[15-Aug-2026 21:41:32 Africa/Lagos] Autoload failed: Class 'Database' not found in models/ or controllers/
[15-Aug-2026 21:42:32 Africa/Lagos] Autoload failed: Class 'Database' not found in models/ or controllers/
[15-Aug-2026 21:43:33 Africa/Lagos] Autoload failed: Class 'Database' not found in models/ or controllers/
[15-Aug-2026 21:44:32 Africa/Lagos] Autoload failed: Class 'Database' not found in models/ or controllers/
[15-Aug-2026 21:45:32 Africa/Lagos] Autoload failed: Class 'Database' not found in models/ or controllers/
[15-Aug-2026 21:46:33 Africa/Lagos] Autoload failed: Class 'Database' not found in models/ or controllers/
[15-Aug-2026 21:47:32 Africa/Lagos] Autoload failed: Class 'Database' not found in models/ or controllers/
[15-Aug-2026 21:48:32 Africa/Lagos] Autoload failed: Class 'Database' not found in models/ or controllers/
[15-Aug-2026 21:49:32 Africa/Lagos] Autoload failed: Class 'Database' not found in models/ or controllers/
[15-Aug-2026 21:50:32 Africa/Lagos] Autoload failed: Class 'Database' not found in models/ or controllers/
[15-Aug-2026 21:51:32 Africa/Lagos] Autoload failed: Class 'Database' not found in models/ or controllers/
[15-Aug-2026 21:52:32 Africa/Lagos] Autoload failed: Class 'Database' not found in models/ or controllers/
[15-Aug-2026 21:53:32 Africa/Lagos] Autoload failed: Class 'Database' not found in models/ or controllers/
[15-Aug-2026 21:54:32 Africa/Lagos] Autoload failed: Class 'Database' not found in models/ or controllers/
[15-Aug-2026 21:55:32 Africa/Lagos] Autoload failed: Class 'Database' not found in models/ or controllers/
[15-Aug-2026 21:56:32 Africa/Lagos] Autoload failed: Class 'Database' not found in models/ or controllers/
[15-Aug-2026 21:57:32 Africa/Lagos] Autoload failed: Class 'Database' not found in models/ or controllers/
[15-Aug-2026 21:58:32 Africa/Lagos] Autoload failed: Class 'Database' not found in models/ or controllers/
[15-Aug-2026 21:59:32 Africa/Lagos] Autoload failed: Class 'Database' not found in models/ or controllers/
[15-Aug-2026 22:00:32 Africa/Lagos] Autoload failed: Class 'Database' not found in models/ or controllers/
[15-Aug-2026 22:01:32 Africa/Lagos] Autoload failed: Class 'Database' not found in models/ or controllers/
[15-Aug-2026 22:02:32 Africa/Lagos] Autoload failed: Class 'Database' not found in models/ or controllers/
[15-Aug-2026 22:03:32 Africa/Lagos] Autoload failed: Class 'Database' not found in models/ or controllers/
[15-Aug-2026 22:04:33 Africa/Lagos] Autoload failed: Class 'Database' not found in models/ or controllers/
[15-Aug-2026 22:05:32 Africa/Lagos] Autoload failed: Class 'Database' not found in models/ or controllers/
[15-Aug-2026 22:06:32 Africa/Lagos] Autoload failed: Class 'Database' not found in models/ or controllers/
[15-Aug-2026 22:07:32 Africa/Lagos] Autoload failed: Class 'Database' not found in models/ or controllers/
[15-Aug-2026 22:08:32 Africa/Lagos] Autoload failed: Class 'Database' not found in models/ or controllers/
[15-Aug-2026 22:09:32 Africa/Lagos] Autoload failed: Class 'Database' not found in models/ or controllers/
[15-Aug-2026 22:10:32 Africa/Lagos] Autoload failed: Class 'Database' not found in models/ or controllers/
[15-Aug-2026 22:11:32 Africa/Lagos] Autoload failed: Class 'Database' not found in models/ or controllers/
[15-Aug-2026 22:12:32 Africa/Lagos] Autoload failed: Class 'Database' not found in models/ or controllers/
[15-Aug-2026 22:13:32 Africa/Lagos] Autoload failed: Class 'Database' not found in models/ or controllers/
[15-Aug-2026 22:14:32 Africa/Lagos] Autoload failed: Class 'Database' not found in models/ or controllers/
[15-Aug-2026 22:15:32 Africa/Lagos] Autoload failed: Class 'Database' not found in models/ or controllers/
[15-Aug-2026 22:16:32 Africa/Lagos] Autoload failed: Class 'Database' not found in models/ or controllers/
[15-Aug-2026 22:17:32 Africa/Lagos] Autoload failed: Class 'Database' not found in models/ or controllers/
[15-Aug-2026 23:25:40 Africa/Lagos] Autoload failed: Class 'Database' not found in models/ or controllers/
[15-Aug-2026 23:26:25 Africa/Lagos] Autoload failed: Class 'Database' not found in models/ or controllers/
[16-Aug-2026 10:24:51 Africa/Lagos] Autoload failed: Class 'Database' not found in models/ or controllers/
[16-Aug-2026 10:25:18 Africa/Lagos] Autoload failed: Class 'Database' not found in models/ or controllers/
[16-Aug-2026 10:26:18 Africa/Lagos] Autoload failed: Class 'Database' not found in models/ or controllers/
[16-Aug-2026 10:27:18 Africa/Lagos] Autoload failed: Class 'Database' not found in models/ or controllers/
[16-Aug-2026 10:28:18 Africa/Lagos] Autoload failed: Class 'Database' not found in models/ or controllers/
[16-Aug-2026 10:29:18 Africa/Lagos] Autoload failed: Class 'Database' not found in models/ or controllers/
[16-Aug-2026 10:30:18 Africa/Lagos] Autoload failed: Class 'Database' not found in models/ or controllers/
[16-Aug-2026 10:31:18 Africa/Lagos] Autoload failed: Class 'Database' not found in models/ or controllers/
[16-Aug-2026 10:32:18 Africa/Lagos] Autoload failed: Class 'Database' not found in models/ or controllers/
[16-Aug-2026 10:33:18 Africa/Lagos] Autoload failed: Class 'Database' not found in models/ or controllers/
[16-Aug-2026 10:34:18 Africa/Lagos] Autoload failed: Class 'Database' not found in models/ or controllers/
[16-Aug-2026 10:35:18 Africa/Lagos] Autoload failed: Class 'Database' not found in models/ or controllers/
[16-Aug-2026 10:35:47 Africa/Lagos] Autoload failed: Class 'Database' not found in models/ or controllers/
[16-Aug-2026 10:35:49 Africa/Lagos] Autoload failed: Class 'Database' not found in models/ or controllers/
[16-Aug-2026 10:35:59 Africa/Lagos] Autoload failed: Class 'Database' not found in models/ or controllers/
[16-Aug-2026 10:36:11 Africa/Lagos] Autoload failed: Class 'Database' not found in models/ or controllers/
[16-Aug-2026 10:36:19 Africa/Lagos] Autoload failed: Class 'Database' not found in models/ or controllers/
[16-Aug-2026 10:36:29 Africa/Lagos] Autoload failed: Class 'Database' not found in models/ or controllers/
[16-Aug-2026 10:36:39 Africa/Lagos] Autoload failed: Class 'Database' not found in models/ or controllers/
[16-Aug-2026 10:36:49 Africa/Lagos] Autoload failed: Class 'Database' not found in models/ or controllers/
[16-Aug-2026 10:37:18 Africa/Lagos] Autoload failed: Class 'Database' not found in models/ or controllers/
[16-Aug-2026 10:38:18 Africa/Lagos] Autoload failed: Class 'Database' not found in models/ or controllers/
[16-Aug-2026 10:39:18 Africa/Lagos] Autoload failed: Class 'Database' not found in models/ or controllers/
[16-Aug-2026 10:40:18 Africa/Lagos] Autoload failed: Class 'Database' not found in models/ or controllers/
[16-Aug-2026 10:41:18 Africa/Lagos] Autoload failed: Class 'Database' not found in models/ or controllers/
[16-Aug-2026 10:42:18 Africa/Lagos] Autoload failed: Class 'Database' not found in models/ or controllers/
[16-Aug-2026 10:43:18 Africa/Lagos] Autoload failed: Class 'Database' not found in models/ or controllers/
[16-Aug-2026 10:44:19 Africa/Lagos] Autoload failed: Class 'Database' not found in models/ or controllers/
[16-Aug-2026 10:45:18 Africa/Lagos] Autoload failed: Class 'Database' not found in models/ or controllers/
[16-Aug-2026 10:46:18 Africa/Lagos] Autoload failed: Class 'Database' not found in models/ or controllers/
[16-Aug-2026 10:47:18 Africa/Lagos] Autoload failed: Class 'Database' not found in models/ or controllers/
[16-Aug-2026 10:48:18 Africa/Lagos] Autoload failed: Class 'Database' not found in models/ or controllers/
[16-Aug-2026 12:00:27 Africa/Lagos] Autoload failed: Class 'Database' not found in models/ or controllers/
[16-Aug-2026 12:01:11 Africa/Lagos] Autoload failed: Class 'Database' not found in models/ or controllers/
[16-Aug-2026 12:02:11 Africa/Lagos] Autoload failed: Class 'Database' not found in models/ or controllers/
[16-Aug-2026 12:03:11 Africa/Lagos] Autoload failed: Class 'Database' not found in models/ or controllers/
[16-Aug-2026 12:04:11 Africa/Lagos] Autoload failed: Class 'Database' not found in models/ or controllers/
[16-Aug-2026 12:04:44 Africa/Lagos] Autoload failed: Class 'Database' not found in models/ or controllers/
[16-Aug-2026 12:04:48 Africa/Lagos] Autoload failed: Class 'Database' not found in models/ or controllers/
[16-Aug-2026 12:04:48 Africa/Lagos] Get Recent Conversations Error: SQLSTATE[HY093]: Invalid parameter number
[16-Aug-2026 12:04:48 Africa/Lagos] PHP Warning:  require_once(C:\laragon\www\skillswap/views/messages/index.php): Failed to open stream: No such file or directory in C:\laragon\www\skillswap\controllers\MessageController.php on line 68
[16-Aug-2026 12:04:48 Africa/Lagos] PHP Fatal error:  Uncaught Error: Failed opening required 'C:\laragon\www\skillswap/views/messages/index.php' (include_path='.;C:/laragon/etc/php/pear') in C:\laragon\www\skillswap\controllers\MessageController.php:68
Stack trace:
#0 C:\laragon\www\skillswap\index.php(198): MessageController->index()
#1 {main}
  thrown in C:\laragon\www\skillswap\controllers\MessageController.php on line 68
[16-Aug-2026 12:04:57 Africa/Lagos] Autoload failed: Class 'Database' not found in models/ or controllers/
[16-Aug-2026 12:04:58 Africa/Lagos] Get User Exchanges Error: SQLSTATE[HY093]: Invalid parameter number
[16-Aug-2026 12:04:58 Africa/Lagos] Count User Exchanges Error: SQLSTATE[HY093]: Invalid parameter number
[16-Aug-2026 12:04:58 Africa/Lagos] Get Exchange Stats Error: SQLSTATE[HY093]: Invalid parameter number
[16-Aug-2026 12:04:58 Africa/Lagos] Autoload failed: Class 'Database' not found in models/ or controllers/
[16-Aug-2026 12:04:59 Africa/Lagos] Autoload failed: Class 'Database' not found in models/ or controllers/
[16-Aug-2026 12:04:59 Africa/Lagos] Get Profile Stats Error: SQLSTATE[HY093]: Invalid parameter number
[16-Aug-2026 12:04:59 Africa/Lagos] Get Top Matches Error: SQLSTATE[HY093]: Invalid parameter number
[16-Aug-2026 12:04:59 Africa/Lagos] Get Recent Conversations Error: SQLSTATE[HY093]: Invalid parameter number
[16-Aug-2026 12:04:59 Africa/Lagos] Get Exchange Stats Error: SQLSTATE[HY093]: Invalid parameter number
[16-Aug-2026 12:04:59 Africa/Lagos] Autoload failed: Class 'Database' not found in models/ or controllers/
[16-Aug-2026 12:05:10 Africa/Lagos] Autoload failed: Class 'Database' not found in models/ or controllers/
[16-Aug-2026 12:05:20 Africa/Lagos] Autoload failed: Class 'Database' not found in models/ or controllers/
[16-Aug-2026 12:05:30 Africa/Lagos] Autoload failed: Class 'Database' not found in models/ or controllers/
[16-Aug-2026 12:05:40 Africa/Lagos] Autoload failed: Class 'Database' not found in models/ or controllers/
[16-Aug-2026 12:05:50 Africa/Lagos] Autoload failed: Class 'Database' not found in models/ or controllers/
[16-Aug-2026 12:05:59 Africa/Lagos] Autoload failed: Class 'Database' not found in models/ or controllers/
[16-Aug-2026 12:06:11 Africa/Lagos] Autoload failed: Class 'Database' not found in models/ or controllers/
[16-Aug-2026 12:07:11 Africa/Lagos] Autoload failed: Class 'Database' not found in models/ or controllers/
[16-Aug-2026 12:08:11 Africa/Lagos] Autoload failed: Class 'Database' not found in models/ or controllers/
[16-Aug-2026 12:09:11 Africa/Lagos] Autoload failed: Class 'Database' not found in models/ or controllers/
[16-Aug-2026 12:10:11 Africa/Lagos] Autoload failed: Class 'Database' not found in models/ or controllers/
[16-Aug-2026 12:11:11 Africa/Lagos] Autoload failed: Class 'Database' not found in models/ or controllers/
[16-Aug-2026 12:12:11 Africa/Lagos] Autoload failed: Class 'Database' not found in models/ or controllers/
[16-Aug-2026 12:13:11 Africa/Lagos] Autoload failed: Class 'Database' not found in models/ or controllers/
[16-Aug-2026 12:14:11 Africa/Lagos] Autoload failed: Class 'Database' not found in models/ or controllers/
[16-Aug-2026 12:15:11 Africa/Lagos] Autoload failed: Class 'Database' not found in models/ or controllers/
[16-Aug-2026 12:16:11 Africa/Lagos] Autoload failed: Class 'Database' not found in models/ or controllers/
[16-Aug-2026 12:17:11 Africa/Lagos] Autoload failed: Class 'Database' not found in models/ or controllers/
[16-Aug-2026 12:18:11 Africa/Lagos] Autoload failed: Class 'Database' not found in models/ or controllers/
[16-Aug-2026 12:19:11 Africa/Lagos] Autoload failed: Class 'Database' not found in models/ or controllers/
[16-Aug-2026 12:20:11 Africa/Lagos] Autoload failed: Class 'Database' not found in models/ or controllers/
[16-Aug-2026 12:21:11 Africa/Lagos] Autoload failed: Class 'Database' not found in models/ or controllers/
[16-Aug-2026 12:22:11 Africa/Lagos] Autoload failed: Class 'Database' not found in models/ or controllers/
[16-Aug-2026 12:23:11 Africa/Lagos] Autoload failed: Class 'Database' not found in models/ or controllers/
[16-Aug-2026 12:24:11 Africa/Lagos] Autoload failed: Class 'Database' not found in models/ or controllers/
[16-Aug-2026 12:25:11 Africa/Lagos] Autoload failed: Class 'Database' not found in models/ or controllers/
[16-Aug-2026 12:26:11 Africa/Lagos] Autoload failed: Class 'Database' not found in models/ or controllers/
[16-Aug-2026 12:27:11 Africa/Lagos] Autoload failed: Class 'Database' not found in models/ or controllers/
[16-Aug-2026 12:28:11 Africa/Lagos] Autoload failed: Class 'Database' not found in models/ or controllers/
[16-Aug-2026 12:29:11 Africa/Lagos] Autoload failed: Class 'Database' not found in models/ or controllers/
[16-Aug-2026 12:30:11 Africa/Lagos] Autoload failed: Class 'Database' not found in models/ or controllers/
[16-Aug-2026 12:31:11 Africa/Lagos] Autoload failed: Class 'Database' not found in models/ or controllers/
[16-Aug-2026 12:32:11 Africa/Lagos] Autoload failed: Class 'Database' not found in models/ or controllers/
[16-Aug-2026 12:33:11 Africa/Lagos] Autoload failed: Class 'Database' not found in models/ or controllers/
[16-Aug-2026 12:34:11 Africa/Lagos] Autoload failed: Class 'Database' not found in models/ or controllers/
[16-Aug-2026 12:35:11 Africa/Lagos] Autoload failed: Class 'Database' not found in models/ or controllers/
[16-Aug-2026 12:36:11 Africa/Lagos] Autoload failed: Class 'Database' not found in models/ or controllers/
[16-Aug-2026 12:37:11 Africa/Lagos] Autoload failed: Class 'Database' not found in models/ or controllers/
[16-Aug-2026 12:38:11 Africa/Lagos] Autoload failed: Class 'Database' not found in models/ or controllers/
[16-Aug-2026 12:39:11 Africa/Lagos] Autoload failed: Class 'Database' not found in models/ or controllers/
[16-Aug-2026 12:39:20 Africa/Lagos] Autoload failed: Class 'Database' not found in models/ or controllers/
[16-Aug-2026 12:39:30 Africa/Lagos] Autoload failed: Class 'Database' not found in models/ or controllers/
[16-Aug-2026 12:39:40 Africa/Lagos] Autoload failed: Class 'Database' not found in models/ or controllers/
[16-Aug-2026 12:39:50 Africa/Lagos] Autoload failed: Class 'Database' not found in models/ or controllers/
[16-Aug-2026 12:40:00 Africa/Lagos] Autoload failed: Class 'Database' not found in models/ or controllers/
[16-Aug-2026 12:40:10 Africa/Lagos] Autoload failed: Class 'Database' not found in models/ or controllers/
[16-Aug-2026 12:41:11 Africa/Lagos] Autoload failed: Class 'Database' not found in models/ or controllers/
[16-Aug-2026 12:42:11 Africa/Lagos] Autoload failed: Class 'Database' not found in models/ or controllers/
[16-Aug-2026 12:43:11 Africa/Lagos] Autoload failed: Class 'Database' not found in models/ or controllers/
[16-Aug-2026 12:44:11 Africa/Lagos] Autoload failed: Class 'Database' not found in models/ or controllers/
[16-Aug-2026 12:45:05 Africa/Lagos] Autoload failed: Class 'Database' not found in models/ or controllers/
[16-Aug-2026 12:45:10 Africa/Lagos] Autoload failed: Class 'Database' not found in models/ or controllers/
[16-Aug-2026 12:45:20 Africa/Lagos] Autoload failed: Class 'Database' not found in models/ or controllers/
[16-Aug-2026 12:45:30 Africa/Lagos] Autoload failed: Class 'Database' not found in models/ or controllers/
[16-Aug-2026 12:45:40 Africa/Lagos] Autoload failed: Class 'Database' not found in models/ or controllers/
[16-Aug-2026 12:45:50 Africa/Lagos] Autoload failed: Class 'Database' not found in models/ or controllers/
[16-Aug-2026 12:45:59 Africa/Lagos] Autoload failed: Class 'Database' not found in models/ or controllers/
[16-Aug-2026 12:46:11 Africa/Lagos] Autoload failed: Class 'Database' not found in models/ or controllers/
[16-Aug-2026 12:47:11 Africa/Lagos] Autoload failed: Class 'Database' not found in models/ or controllers/
[16-Aug-2026 12:48:11 Africa/Lagos] Autoload failed: Class 'Database' not found in models/ or controllers/
[16-Aug-2026 12:49:11 Africa/Lagos] Autoload failed: Class 'Database' not found in models/ or controllers/
[16-Aug-2026 12:50:11 Africa/Lagos] Autoload failed: Class 'Database' not found in models/ or controllers/
[16-Aug-2026 12:51:11 Africa/Lagos] Autoload failed: Class 'Database' not found in models/ or controllers/
[16-Aug-2026 12:52:11 Africa/Lagos] Autoload failed: Class 'Database' not found in models/ or controllers/
[16-Aug-2026 12:53:11 Africa/Lagos] Autoload failed: Class 'Database' not found in models/ or controllers/
[16-Aug-2026 12:54:11 Africa/Lagos] Autoload failed: Class 'Database' not found in models/ or controllers/
[16-Aug-2026 12:55:11 Africa/Lagos] Autoload failed: Class 'Database' not found in models/ or controllers/
[16-Aug-2026 12:56:11 Africa/Lagos] Autoload failed: Class 'Database' not found in models/ or controllers/
[16-Aug-2026 12:57:11 Africa/Lagos] Autoload failed: Class 'Database' not found in models/ or controllers/
[16-Aug-2026 12:58:11 Africa/Lagos] Autoload failed: Class 'Database' not found in models/ or controllers/
[16-Aug-2026 12:59:11 Africa/Lagos] Autoload failed: Class 'Database' not found in models/ or controllers/
[16-Aug-2026 13:00:11 Africa/Lagos] Autoload failed: Class 'Database' not found in models/ or controllers/
[16-Aug-2026 13:01:11 Africa/Lagos] Autoload failed: Class 'Database' not found in models/ or controllers/
[16-Aug-2026 13:02:11 Africa/Lagos] Autoload failed: Class 'Database' not found in models/ or controllers/
[16-Aug-2026 13:02:19 Africa/Lagos] Autoload failed: Class 'Database' not found in models/ or controllers/
[16-Aug-2026 13:02:21 Africa/Lagos] Autoload failed: Class 'Database' not found in models/ or controllers/
[16-Aug-2026 13:02:21 Africa/Lagos] Get Recent Conversations Error: SQLSTATE[HY093]: Invalid parameter number
[16-Aug-2026 13:02:21 Africa/Lagos] Autoload failed: Class 'Database' not found in models/ or controllers/
[16-Aug-2026 13:02:23 Africa/Lagos] Autoload failed: Class 'Database' not found in models/ or controllers/
[16-Aug-2026 13:02:23 Africa/Lagos] Get Profile Stats Error: SQLSTATE[HY093]: Invalid parameter number
[16-Aug-2026 13:02:23 Africa/Lagos] Get Top Matches Error: SQLSTATE[HY093]: Invalid parameter number
[16-Aug-2026 13:02:23 Africa/Lagos] Get Recent Conversations Error: SQLSTATE[HY093]: Invalid parameter number
[16-Aug-2026 13:02:23 Africa/Lagos] Get Exchange Stats Error: SQLSTATE[HY093]: Invalid parameter number
[16-Aug-2026 13:02:23 Africa/Lagos] Autoload failed: Class 'Database' not found in models/ or controllers/
[16-Aug-2026 13:02:33 Africa/Lagos] Autoload failed: Class 'Database' not found in models/ or controllers/
[16-Aug-2026 13:02:34 Africa/Lagos] Autoload failed: Class 'Database' not found in models/ or controllers/
[16-Aug-2026 13:02:34 Africa/Lagos] Get Profile Stats Error: SQLSTATE[HY093]: Invalid parameter number
[16-Aug-2026 13:02:34 Africa/Lagos] Get Top Matches Error: SQLSTATE[HY093]: Invalid parameter number
[16-Aug-2026 13:02:34 Africa/Lagos] Get Recent Conversations Error: SQLSTATE[HY093]: Invalid parameter number
[16-Aug-2026 13:02:34 Africa/Lagos] Get Exchange Stats Error: SQLSTATE[HY093]: Invalid parameter number
[16-Aug-2026 13:02:34 Africa/Lagos] Autoload failed: Class 'Database' not found in models/ or controllers/
[16-Aug-2026 13:02:34 Africa/Lagos] Autoload failed: Class 'Database' not found in models/ or controllers/
[16-Aug-2026 13:02:34 Africa/Lagos] Get Profile Stats Error: SQLSTATE[HY093]: Invalid parameter number
[16-Aug-2026 13:02:34 Africa/Lagos] Get Top Matches Error: SQLSTATE[HY093]: Invalid parameter number
[16-Aug-2026 13:02:34 Africa/Lagos] Get Recent Conversations Error: SQLSTATE[HY093]: Invalid parameter number
[16-Aug-2026 13:02:34 Africa/Lagos] Get Exchange Stats Error: SQLSTATE[HY093]: Invalid parameter number
[16-Aug-2026 13:02:34 Africa/Lagos] Autoload failed: Class 'Database' not found in models/ or controllers/
[16-Aug-2026 13:02:43 Africa/Lagos] Autoload failed: Class 'Database' not found in models/ or controllers/
[16-Aug-2026 13:02:43 Africa/Lagos] Autoload failed: Class 'Database' not found in models/ or controllers/
[16-Aug-2026 13:02:44 Africa/Lagos] Autoload failed: Class 'Database' not found in models/ or controllers/
[16-Aug-2026 13:02:44 Africa/Lagos] Get Profile Stats Error: SQLSTATE[HY093]: Invalid parameter number
[16-Aug-2026 13:02:44 Africa/Lagos] Get Top Matches Error: SQLSTATE[HY093]: Invalid parameter number
[16-Aug-2026 13:02:44 Africa/Lagos] Get Recent Conversations Error: SQLSTATE[HY093]: Invalid parameter number
[16-Aug-2026 13:02:44 Africa/Lagos] Get Exchange Stats Error: SQLSTATE[HY093]: Invalid parameter number
[16-Aug-2026 13:02:44 Africa/Lagos] Autoload failed: Class 'Database' not found in models/ or controllers/
[16-Aug-2026 13:02:47 Africa/Lagos] Autoload failed: Class 'Database' not found in models/ or controllers/
[16-Aug-2026 13:02:47 Africa/Lagos] Autoload failed: Class 'Database' not found in models/ or controllers/
[16-Aug-2026 13:02:48 Africa/Lagos] Autoload failed: Class 'Database' not found in models/ or controllers/
[16-Aug-2026 13:02:48 Africa/Lagos] Get Profile Stats Error: SQLSTATE[HY093]: Invalid parameter number
[16-Aug-2026 13:02:48 Africa/Lagos] Get Top Matches Error: SQLSTATE[HY093]: Invalid parameter number
[16-Aug-2026 13:02:48 Africa/Lagos] Get Recent Conversations Error: SQLSTATE[HY093]: Invalid parameter number
[16-Aug-2026 13:02:48 Africa/Lagos] Get Exchange Stats Error: SQLSTATE[HY093]: Invalid parameter number
[16-Aug-2026 13:02:48 Africa/Lagos] Autoload failed: Class 'Database' not found in models/ or controllers/
[16-Aug-2026 13:02:52 Africa/Lagos] Autoload failed: Class 'Database' not found in models/ or controllers/
[16-Aug-2026 13:02:58 Africa/Lagos] Autoload failed: Class 'Database' not found in models/ or controllers/
[16-Aug-2026 13:03:08 Africa/Lagos] Autoload failed: Class 'Database' not found in models/ or controllers/
[16-Aug-2026 13:03:13 Africa/Lagos] Autoload failed: Class 'Database' not found in models/ or controllers/
[16-Aug-2026 13:03:13 Africa/Lagos] Autoload failed: Class 'Database' not found in models/ or controllers/
[16-Aug-2026 13:03:13 Africa/Lagos] Autoload failed: Class 'Database' not found in models/ or controllers/
[16-Aug-2026 13:03:14 Africa/Lagos] Autoload failed: Class 'Database' not found in models/ or controllers/
[16-Aug-2026 13:03:14 Africa/Lagos] Get Profile Stats Error: SQLSTATE[HY093]: Invalid parameter number
[16-Aug-2026 13:03:14 Africa/Lagos] Get Top Matches Error: SQLSTATE[HY093]: Invalid parameter number
[16-Aug-2026 13:03:14 Africa/Lagos] Get Recent Conversations Error: SQLSTATE[HY093]: Invalid parameter number
[16-Aug-2026 13:03:14 Africa/Lagos] Get Exchange Stats Error: SQLSTATE[HY093]: Invalid parameter number
[16-Aug-2026 13:03:14 Africa/Lagos] Autoload failed: Class 'Database' not found in models/ or controllers/
[16-Aug-2026 13:03:23 Africa/Lagos] Autoload failed: Class 'Database' not found in models/ or controllers/
[16-Aug-2026 13:03:23 Africa/Lagos] Autoload failed: Class 'Database' not found in models/ or controllers/
[16-Aug-2026 13:03:23 Africa/Lagos] Get Profile Stats Error: SQLSTATE[HY093]: Invalid parameter number
[16-Aug-2026 13:03:23 Africa/Lagos] Get Top Matches Error: SQLSTATE[HY093]: Invalid parameter number
[16-Aug-2026 13:03:23 Africa/Lagos] Get Recent Conversations Error: SQLSTATE[HY093]: Invalid parameter number
[16-Aug-2026 13:03:23 Africa/Lagos] Get Exchange Stats Error: SQLSTATE[HY093]: Invalid parameter number
[16-Aug-2026 13:03:24 Africa/Lagos] Autoload failed: Class 'Database' not found in models/ or controllers/
[16-Aug-2026 13:03:34 Africa/Lagos] Autoload failed: Class 'Database' not found in models/ or controllers/
[16-Aug-2026 13:03:44 Africa/Lagos] Autoload failed: Class 'Database' not found in models/ or controllers/
[16-Aug-2026 13:03:44 Africa/Lagos] Autoload failed: Class 'Database' not found in models/ or controllers/
[16-Aug-2026 13:03:44 Africa/Lagos] Get Profile Stats Error: SQLSTATE[HY093]: Invalid parameter number
[16-Aug-2026 13:03:44 Africa/Lagos] Get Top Matches Error: SQLSTATE[HY093]: Invalid parameter number
[16-Aug-2026 13:03:44 Africa/Lagos] Get Recent Conversations Error: SQLSTATE[HY093]: Invalid parameter number
[16-Aug-2026 13:03:44 Africa/Lagos] Get Exchange Stats Error: SQLSTATE[HY093]: Invalid parameter number
[16-Aug-2026 13:03:44 Africa/Lagos] Autoload failed: Class 'Database' not found in models/ or controllers/
[16-Aug-2026 13:03:45 Africa/Lagos] Autoload failed: Class 'Database' not found in models/ or controllers/
[16-Aug-2026 13:03:45 Africa/Lagos] Get Profile Stats Error: SQLSTATE[HY093]: Invalid parameter number
[16-Aug-2026 13:03:45 Africa/Lagos] Get Top Matches Error: SQLSTATE[HY093]: Invalid parameter number
[16-Aug-2026 13:03:45 Africa/Lagos] Get Recent Conversations Error: SQLSTATE[HY093]: Invalid parameter number
[16-Aug-2026 13:03:45 Africa/Lagos] Get Exchange Stats Error: SQLSTATE[HY093]: Invalid parameter number
[16-Aug-2026 13:03:45 Africa/Lagos] Autoload failed: Class 'Database' not found in models/ or controllers/
[16-Aug-2026 13:03:55 Africa/Lagos] Autoload failed: Class 'Database' not found in models/ or controllers/
[16-Aug-2026 13:04:05 Africa/Lagos] Autoload failed: Class 'Database' not found in models/ or controllers/
[16-Aug-2026 13:04:10 Africa/Lagos] Autoload failed: Class 'Database' not found in models/ or controllers/
[16-Aug-2026 13:04:10 Africa/Lagos] Get Recent Conversations Error: SQLSTATE[HY093]: Invalid parameter number
[16-Aug-2026 13:04:10 Africa/Lagos] Autoload failed: Class 'Database' not found in models/ or controllers/
[16-Aug-2026 13:04:10 Africa/Lagos] Autoload failed: Class 'Database' not found in models/ or controllers/
[16-Aug-2026 13:04:10 Africa/Lagos] Get Profile Stats Error: SQLSTATE[HY093]: Invalid parameter number
[16-Aug-2026 13:04:10 Africa/Lagos] Get Top Matches Error: SQLSTATE[HY093]: Invalid parameter number
[16-Aug-2026 13:04:10 Africa/Lagos] Get Recent Conversations Error: SQLSTATE[HY093]: Invalid parameter number
[16-Aug-2026 13:04:10 Africa/Lagos] Get Exchange Stats Error: SQLSTATE[HY093]: Invalid parameter number
[16-Aug-2026 13:04:10 Africa/Lagos] Autoload failed: Class 'Database' not found in models/ or controllers/
[16-Aug-2026 13:04:15 Africa/Lagos] Autoload failed: Class 'Database' not found in models/ or controllers/
[16-Aug-2026 13:04:15 Africa/Lagos] PHP Fatal error:  Uncaught Error: Unknown named parameter $user_id in C:\laragon\www\skillswap\index.php:198
Stack trace:
#0 {main}
  thrown in C:\laragon\www\skillswap\index.php on line 198
[16-Aug-2026 13:04:17 Africa/Lagos] Autoload failed: Class 'Database' not found in models/ or controllers/
[16-Aug-2026 13:04:17 Africa/Lagos] Get Recent Conversations Error: SQLSTATE[HY093]: Invalid parameter number
[16-Aug-2026 13:04:17 Africa/Lagos] Autoload failed: Class 'Database' not found in models/ or controllers/
[16-Aug-2026 13:04:17 Africa/Lagos] Autoload failed: Class 'Database' not found in models/ or controllers/
[16-Aug-2026 13:04:17 Africa/Lagos] Get Profile Stats Error: SQLSTATE[HY093]: Invalid parameter number
[16-Aug-2026 13:04:17 Africa/Lagos] Get Top Matches Error: SQLSTATE[HY093]: Invalid parameter number
[16-Aug-2026 13:04:17 Africa/Lagos] Get Recent Conversations Error: SQLSTATE[HY093]: Invalid parameter number
[16-Aug-2026 13:04:17 Africa/Lagos] Get Exchange Stats Error: SQLSTATE[HY093]: Invalid parameter number
[16-Aug-2026 13:04:17 Africa/Lagos] Autoload failed: Class 'Database' not found in models/ or controllers/
[16-Aug-2026 13:04:19 Africa/Lagos] Autoload failed: Class 'Database' not found in models/ or controllers/
[16-Aug-2026 13:04:19 Africa/Lagos] Autoload failed: Class 'Database' not found in models/ or controllers/
[16-Aug-2026 13:04:19 Africa/Lagos] Get Profile Stats Error: SQLSTATE[HY093]: Invalid parameter number
[16-Aug-2026 13:04:19 Africa/Lagos] Get Top Matches Error: SQLSTATE[HY093]: Invalid parameter number
[16-Aug-2026 13:04:19 Africa/Lagos] Get Recent Conversations Error: SQLSTATE[HY093]: Invalid parameter number
[16-Aug-2026 13:04:19 Africa/Lagos] Get Exchange Stats Error: SQLSTATE[HY093]: Invalid parameter number
[16-Aug-2026 13:04:20 Africa/Lagos] Autoload failed: Class 'Database' not found in models/ or controllers/
[16-Aug-2026 13:04:20 Africa/Lagos] Autoload failed: Class 'Database' not found in models/ or controllers/
[16-Aug-2026 13:04:20 Africa/Lagos] Get Profile Stats Error: SQLSTATE[HY093]: Invalid parameter number
[16-Aug-2026 13:04:20 Africa/Lagos] Get Top Matches Error: SQLSTATE[HY093]: Invalid parameter number
[16-Aug-2026 13:04:20 Africa/Lagos] Get Recent Conversations Error: SQLSTATE[HY093]: Invalid parameter number
[16-Aug-2026 13:04:20 Africa/Lagos] Get Exchange Stats Error: SQLSTATE[HY093]: Invalid parameter number
[16-Aug-2026 13:04:28 Africa/Lagos] Autoload failed: Class 'Database' not found in models/ or controllers/
[16-Aug-2026 13:04:38 Africa/Lagos] Autoload failed: Class 'Database' not found in models/ or controllers/
[16-Aug-2026 13:04:48 Africa/Lagos] Autoload failed: Class 'Database' not found in models/ or controllers/
[16-Aug-2026 13:04:59 Africa/Lagos] Autoload failed: Class 'Database' not found in models/ or controllers/
[16-Aug-2026 13:05:08 Africa/Lagos] Autoload failed: Class 'Database' not found in models/ or controllers/
[16-Aug-2026 13:05:18 Africa/Lagos] Autoload failed: Class 'Database' not found in models/ or controllers/
[16-Aug-2026 13:06:11 Africa/Lagos] Autoload failed: Class 'Database' not found in models/ or controllers/
[16-Aug-2026 13:07:11 Africa/Lagos] Autoload failed: Class 'Database' not found in models/ or controllers/
[16-Aug-2026 13:07:40 Africa/Lagos] Autoload failed: Class 'Database' not found in models/ or controllers/
[16-Aug-2026 13:07:42 Africa/Lagos] Autoload failed: Class 'Database' not found in models/ or controllers/
[16-Aug-2026 13:07:42 Africa/Lagos] Get Recent Conversations Error: SQLSTATE[HY093]: Invalid parameter number
[16-Aug-2026 13:07:42 Africa/Lagos] Autoload failed: Class 'Database' not found in models/ or controllers/
[16-Aug-2026 13:07:44 Africa/Lagos] Autoload failed: Class 'Database' not found in models/ or controllers/
[16-Aug-2026 13:07:44 Africa/Lagos] Get Profile Stats Error: SQLSTATE[HY093]: Invalid parameter number
[16-Aug-2026 13:07:44 Africa/Lagos] Get Top Matches Error: SQLSTATE[HY093]: Invalid parameter number
[16-Aug-2026 13:07:44 Africa/Lagos] Get Recent Conversations Error: SQLSTATE[HY093]: Invalid parameter number
[16-Aug-2026 13:07:44 Africa/Lagos] Get Exchange Stats Error: SQLSTATE[HY093]: Invalid parameter number
[16-Aug-2026 13:07:44 Africa/Lagos] Autoload failed: Class 'Database' not found in models/ or controllers/
[16-Aug-2026 13:07:48 Africa/Lagos] Autoload failed: Class 'Database' not found in models/ or controllers/
[16-Aug-2026 13:07:48 Africa/Lagos] Get Recent Conversations Error: SQLSTATE[HY093]: Invalid parameter number
[16-Aug-2026 13:07:48 Africa/Lagos] Autoload failed: Class 'Database' not found in models/ or controllers/
[16-Aug-2026 13:07:48 Africa/Lagos] Autoload failed: Class 'Database' not found in models/ or controllers/
[16-Aug-2026 13:07:48 Africa/Lagos] Get Profile Stats Error: SQLSTATE[HY093]: Invalid parameter number
[16-Aug-2026 13:07:48 Africa/Lagos] Get Top Matches Error: SQLSTATE[HY093]: Invalid parameter number
[16-Aug-2026 13:07:48 Africa/Lagos] Get Recent Conversations Error: SQLSTATE[HY093]: Invalid parameter number
[16-Aug-2026 13:07:48 Africa/Lagos] Get Exchange Stats Error: SQLSTATE[HY093]: Invalid parameter number
[16-Aug-2026 13:07:48 Africa/Lagos] Autoload failed: Class 'Database' not found in models/ or controllers/
[16-Aug-2026 13:07:51 Africa/Lagos] Autoload failed: Class 'Database' not found in models/ or controllers/
[16-Aug-2026 13:07:51 Africa/Lagos] Autoload failed: Class 'Database' not found in models/ or controllers/
[16-Aug-2026 13:07:51 Africa/Lagos] Get Profile Stats Error: SQLSTATE[HY093]: Invalid parameter number
[16-Aug-2026 13:07:51 Africa/Lagos] Get Top Matches Error: SQLSTATE[HY093]: Invalid parameter number
[16-Aug-2026 13:07:51 Africa/Lagos] Get Recent Conversations Error: SQLSTATE[HY093]: Invalid parameter number
[16-Aug-2026 13:07:51 Africa/Lagos] Get Exchange Stats Error: SQLSTATE[HY093]: Invalid parameter number
[16-Aug-2026 13:07:58 Africa/Lagos] Autoload failed: Class 'Database' not found in models/ or controllers/
[16-Aug-2026 13:08:09 Africa/Lagos] Autoload failed: Class 'Database' not found in models/ or controllers/
[16-Aug-2026 13:08:19 Africa/Lagos] Autoload failed: Class 'Database' not found in models/ or controllers/
[16-Aug-2026 13:08:29 Africa/Lagos] Autoload failed: Class 'Database' not found in models/ or controllers/
[16-Aug-2026 13:08:39 Africa/Lagos] Autoload failed: Class 'Database' not found in models/ or controllers/
[16-Aug-2026 13:08:49 Africa/Lagos] Autoload failed: Class 'Database' not found in models/ or controllers/
[16-Aug-2026 13:08:59 Africa/Lagos] Autoload failed: Class 'Database' not found in models/ or controllers/
[16-Aug-2026 13:09:09 Africa/Lagos] Autoload failed: Class 'Database' not found in models/ or controllers/
[16-Aug-2026 13:09:19 Africa/Lagos] Autoload failed: Class 'Database' not found in models/ or controllers/
[16-Aug-2026 13:10:11 Africa/Lagos] Autoload failed: Class 'Database' not found in models/ or controllers/
[16-Aug-2026 13:11:11 Africa/Lagos] Autoload failed: Class 'Database' not found in models/ or controllers/
[16-Aug-2026 13:12:11 Africa/Lagos] Autoload failed: Class 'Database' not found in models/ or controllers/
[16-Aug-2026 13:13:11 Africa/Lagos] Autoload failed: Class 'Database' not found in models/ or controllers/
[16-Aug-2026 13:14:11 Africa/Lagos] Autoload failed: Class 'Database' not found in models/ or controllers/
[16-Aug-2026 13:15:11 Africa/Lagos] Autoload failed: Class 'Database' not found in models/ or controllers/
[16-Aug-2026 13:16:11 Africa/Lagos] Autoload failed: Class 'Database' not found in models/ or controllers/
[16-Aug-2026 13:17:11 Africa/Lagos] Autoload failed: Class 'Database' not found in models/ or controllers/
[16-Aug-2026 13:17:42 Africa/Lagos] Autoload failed: Class 'Database' not found in models/ or controllers/
[16-Aug-2026 13:17:44 Africa/Lagos] Autoload failed: Class 'Database' not found in models/ or controllers/
[16-Aug-2026 13:17:44 Africa/Lagos] Get Recent Conversations Error: SQLSTATE[HY093]: Invalid parameter number
[16-Aug-2026 13:17:44 Africa/Lagos] Autoload failed: Class 'Database' not found in models/ or controllers/
[16-Aug-2026 13:17:45 Africa/Lagos] Autoload failed: Class 'Database' not found in models/ or controllers/
[16-Aug-2026 13:17:45 Africa/Lagos] Get Profile Stats Error: SQLSTATE[HY093]: Invalid parameter number
[16-Aug-2026 13:17:45 Africa/Lagos] Get Top Matches Error: SQLSTATE[HY093]: Invalid parameter number
[16-Aug-2026 13:17:45 Africa/Lagos] Get Recent Conversations Error: SQLSTATE[HY093]: Invalid parameter number
[16-Aug-2026 13:17:45 Africa/Lagos] Get Exchange Stats Error: SQLSTATE[HY093]: Invalid parameter number
[16-Aug-2026 13:17:45 Africa/Lagos] Autoload failed: Class 'Database' not found in models/ or controllers/
[16-Aug-2026 13:17:48 Africa/Lagos] Autoload failed: Class 'Database' not found in models/ or controllers/
[16-Aug-2026 13:17:49 Africa/Lagos] Autoload failed: Class 'Database' not found in models/ or controllers/
[16-Aug-2026 13:17:49 Africa/Lagos] Get Profile Stats Error: SQLSTATE[HY093]: Invalid parameter number
[16-Aug-2026 13:17:49 Africa/Lagos] Get Top Matches Error: SQLSTATE[HY093]: Invalid parameter number
[16-Aug-2026 13:17:49 Africa/Lagos] Get Recent Conversations Error: SQLSTATE[HY093]: Invalid parameter number
[16-Aug-2026 13:17:49 Africa/Lagos] Get Exchange Stats Error: SQLSTATE[HY093]: Invalid parameter number
[16-Aug-2026 13:17:50 Africa/Lagos] Autoload failed: Class 'Database' not found in models/ or controllers/
[16-Aug-2026 13:17:50 Africa/Lagos] Get Profile Stats Error: SQLSTATE[HY093]: Invalid parameter number
[16-Aug-2026 13:17:50 Africa/Lagos] PHP Warning:  Undefined array key "skills_offered" in C:\laragon\www\skillswap\views\profile\index.php on line 237
[16-Aug-2026 13:17:50 Africa/Lagos] PHP Warning:  Undefined array key "skills_wanted" in C:\laragon\www\skillswap\views\profile\index.php on line 241
[16-Aug-2026 13:17:50 Africa/Lagos] PHP Warning:  Undefined array key "matches" in C:\laragon\www\skillswap\views\profile\index.php on line 245
[16-Aug-2026 13:17:50 Africa/Lagos] PHP Warning:  Undefined array key "portfolio_items" in C:\laragon\www\skillswap\views\profile\index.php on line 249
[16-Aug-2026 13:17:50 Africa/Lagos] PHP Warning:  Undefined array key "reviews" in C:\laragon\www\skillswap\views\profile\index.php on line 253
[16-Aug-2026 13:17:51 Africa/Lagos] Autoload failed: Class 'Database' not found in models/ or controllers/
[16-Aug-2026 13:17:51 Africa/Lagos] Autoload failed: Class 'Database' not found in models/ or controllers/
[16-Aug-2026 13:17:51 Africa/Lagos] Autoload failed: Class 'Database' not found in models/ or controllers/
[16-Aug-2026 13:17:51 Africa/Lagos] Get Profile Stats Error: SQLSTATE[HY093]: Invalid parameter number
[16-Aug-2026 13:17:51 Africa/Lagos] Get Top Matches Error: SQLSTATE[HY093]: Invalid parameter number
[16-Aug-2026 13:17:51 Africa/Lagos] Get Recent Conversations Error: SQLSTATE[HY093]: Invalid parameter number
[16-Aug-2026 13:17:51 Africa/Lagos] Get Exchange Stats Error: SQLSTATE[HY093]: Invalid parameter number
[16-Aug-2026 13:17:51 Africa/Lagos] Autoload failed: Class 'Database' not found in models/ or controllers/
[16-Aug-2026 13:17:51 Africa/Lagos] Get Profile Stats Error: SQLSTATE[HY093]: Invalid parameter number
[16-Aug-2026 13:17:51 Africa/Lagos] Get Top Matches Error: SQLSTATE[HY093]: Invalid parameter number
[16-Aug-2026 13:17:51 Africa/Lagos] Get Recent Conversations Error: SQLSTATE[HY093]: Invalid parameter number
[16-Aug-2026 13:17:51 Africa/Lagos] Get Exchange Stats Error: SQLSTATE[HY093]: Invalid parameter number
[16-Aug-2026 13:17:51 Africa/Lagos] Autoload failed: Class 'Database' not found in models/ or controllers/
[16-Aug-2026 13:18:01 Africa/Lagos] Autoload failed: Class 'Database' not found in models/ or controllers/
[16-Aug-2026 13:18:12 Africa/Lagos] Autoload failed: Class 'Database' not found in models/ or controllers/
[16-Aug-2026 13:18:22 Africa/Lagos] Autoload failed: Class 'Database' not found in models/ or controllers/
[16-Aug-2026 13:18:27 Africa/Lagos] Autoload failed: Class 'Database' not found in models/ or controllers/
[16-Aug-2026 13:18:27 Africa/Lagos] Autoload failed: Class 'Database' not found in models/ or controllers/
[16-Aug-2026 13:18:27 Africa/Lagos] Get Profile Stats Error: SQLSTATE[HY093]: Invalid parameter number
[16-Aug-2026 13:18:27 Africa/Lagos] Get Top Matches Error: SQLSTATE[HY093]: Invalid parameter number
[16-Aug-2026 13:18:27 Africa/Lagos] Get Recent Conversations Error: SQLSTATE[HY093]: Invalid parameter number
[16-Aug-2026 13:18:27 Africa/Lagos] Get Exchange Stats Error: SQLSTATE[HY093]: Invalid parameter number
[16-Aug-2026 13:18:30 Africa/Lagos] Autoload failed: Class 'Database' not found in models/ or controllers/
[16-Aug-2026 13:18:30 Africa/Lagos] Get Recent Conversations Error: SQLSTATE[HY093]: Invalid parameter number
[16-Aug-2026 13:18:30 Africa/Lagos] Autoload failed: Class 'Database' not found in models/ or controllers/
[16-Aug-2026 13:18:30 Africa/Lagos] Autoload failed: Class 'Database' not found in models/ or controllers/
[16-Aug-2026 13:18:30 Africa/Lagos] Get Profile Stats Error: SQLSTATE[HY093]: Invalid parameter number
[16-Aug-2026 13:18:30 Africa/Lagos] Get Top Matches Error: SQLSTATE[HY093]: Invalid parameter number
[16-Aug-2026 13:18:30 Africa/Lagos] Get Recent Conversations Error: SQLSTATE[HY093]: Invalid parameter number
[16-Aug-2026 13:18:30 Africa/Lagos] Get Exchange Stats Error: SQLSTATE[HY093]: Invalid parameter number
[16-Aug-2026 13:18:30 Africa/Lagos] Autoload failed: Class 'Database' not found in models/ or controllers/
[16-Aug-2026 13:18:33 Africa/Lagos] Autoload failed: Class 'Database' not found in models/ or controllers/
[16-Aug-2026 13:18:33 Africa/Lagos] Get Profile Stats Error: SQLSTATE[HY093]: Invalid parameter number
[16-Aug-2026 13:18:33 Africa/Lagos] Get Top Matches Error: SQLSTATE[HY093]: Invalid parameter number
[16-Aug-2026 13:18:33 Africa/Lagos] Get Recent Conversations Error: SQLSTATE[HY093]: Invalid parameter number
[16-Aug-2026 13:18:33 Africa/Lagos] Get Exchange Stats Error: SQLSTATE[HY093]: Invalid parameter number
[16-Aug-2026 13:18:33 Africa/Lagos] Autoload failed: Class 'Database' not found in models/ or controllers/
[16-Aug-2026 13:18:33 Africa/Lagos] Autoload failed: Class 'Database' not found in models/ or controllers/
[16-Aug-2026 13:18:33 Africa/Lagos] Autoload failed: Class 'Database' not found in models/ or controllers/
[16-Aug-2026 13:18:33 Africa/Lagos] Get Profile Stats Error: SQLSTATE[HY093]: Invalid parameter number
[16-Aug-2026 13:18:33 Africa/Lagos] Get Top Matches Error: SQLSTATE[HY093]: Invalid parameter number
[16-Aug-2026 13:18:33 Africa/Lagos] Get Recent Conversations Error: SQLSTATE[HY093]: Invalid parameter number
[16-Aug-2026 13:18:33 Africa/Lagos] Get Exchange Stats Error: SQLSTATE[HY093]: Invalid parameter number
[16-Aug-2026 13:18:33 Africa/Lagos] Autoload failed: Class 'Database' not found in models/ or controllers/
[16-Aug-2026 13:18:33 Africa/Lagos] Get Profile Stats Error: SQLSTATE[HY093]: Invalid parameter number
[16-Aug-2026 13:18:33 Africa/Lagos] Get Top Matches Error: SQLSTATE[HY093]: Invalid parameter number
[16-Aug-2026 13:18:33 Africa/Lagos] Get Recent Conversations Error: SQLSTATE[HY093]: Invalid parameter number
[16-Aug-2026 13:18:33 Africa/Lagos] Get Exchange Stats Error: SQLSTATE[HY093]: Invalid parameter number
[16-Aug-2026 13:18:34 Africa/Lagos] Autoload failed: Class 'Database' not found in models/ or controllers/
[16-Aug-2026 13:18:35 Africa/Lagos] Autoload failed: Class 'Database' not found in models/ or controllers/
[16-Aug-2026 13:18:35 Africa/Lagos] Autoload failed: Class 'Database' not found in models/ or controllers/
[16-Aug-2026 13:18:35 Africa/Lagos] Autoload failed: Class 'Database' not found in models/ or controllers/
[16-Aug-2026 13:18:35 Africa/Lagos] Get Profile Stats Error: SQLSTATE[HY093]: Invalid parameter number
[16-Aug-2026 13:18:35 Africa/Lagos] Get Top Matches Error: SQLSTATE[HY093]: Invalid parameter number
[16-Aug-2026 13:18:35 Africa/Lagos] Get Recent Conversations Error: SQLSTATE[HY093]: Invalid parameter number
[16-Aug-2026 13:18:35 Africa/Lagos] Get Exchange Stats Error: SQLSTATE[HY093]: Invalid parameter number
[16-Aug-2026 13:18:35 Africa/Lagos] Autoload failed: Class 'Database' not found in models/ or controllers/
[16-Aug-2026 13:18:38 Africa/Lagos] Autoload failed: Class 'Database' not found in models/ or controllers/
[16-Aug-2026 13:18:38 Africa/Lagos] Get User Matches Error: SQLSTATE[HY093]: Invalid parameter number
[16-Aug-2026 13:18:38 Africa/Lagos] Count User Matches Error: SQLSTATE[HY093]: Invalid parameter number
[16-Aug-2026 13:18:38 Africa/Lagos] Autoload failed: Class 'Database' not found in models/ or controllers/
[16-Aug-2026 13:18:38 Africa/Lagos] Autoload failed: Class 'Database' not found in models/ or controllers/
[16-Aug-2026 13:18:38 Africa/Lagos] Get Profile Stats Error: SQLSTATE[HY093]: Invalid parameter number
[16-Aug-2026 13:18:38 Africa/Lagos] Get Top Matches Error: SQLSTATE[HY093]: Invalid parameter number
[16-Aug-2026 13:18:38 Africa/Lagos] Get Recent Conversations Error: SQLSTATE[HY093]: Invalid parameter number
[16-Aug-2026 13:18:38 Africa/Lagos] Get Exchange Stats Error: SQLSTATE[HY093]: Invalid parameter number
[16-Aug-2026 13:18:38 Africa/Lagos] Autoload failed: Class 'Database' not found in models/ or controllers/
[16-Aug-2026 13:18:48 Africa/Lagos] Autoload failed: Class 'Database' not found in models/ or controllers/
[16-Aug-2026 13:18:58 Africa/Lagos] Autoload failed: Class 'Database' not found in models/ or controllers/
[16-Aug-2026 13:19:05 Africa/Lagos] Autoload failed: Class 'Database' not found in models/ or controllers/
[16-Aug-2026 13:19:06 Africa/Lagos] Autoload failed: Class 'Database' not found in models/ or controllers/
[16-Aug-2026 13:19:06 Africa/Lagos] Autoload failed: Class 'Database' not found in models/ or controllers/
[16-Aug-2026 13:19:06 Africa/Lagos] Get Profile Stats Error: SQLSTATE[HY093]: Invalid parameter number
[16-Aug-2026 13:19:06 Africa/Lagos] Get Top Matches Error: SQLSTATE[HY093]: Invalid parameter number
[16-Aug-2026 13:19:06 Africa/Lagos] Get Recent Conversations Error: SQLSTATE[HY093]: Invalid parameter number
[16-Aug-2026 13:19:06 Africa/Lagos] Get Exchange Stats Error: SQLSTATE[HY093]: Invalid parameter number
[16-Aug-2026 13:19:06 Africa/Lagos] Autoload failed: Class 'Database' not found in models/ or controllers/
[16-Aug-2026 13:19:07 Africa/Lagos] Autoload failed: Class 'Database' not found in models/ or controllers/
[16-Aug-2026 13:19:07 Africa/Lagos] Get User Exchanges Error: SQLSTATE[HY093]: Invalid parameter number
[16-Aug-2026 13:19:07 Africa/Lagos] Count User Exchanges Error: SQLSTATE[HY093]: Invalid parameter number
[16-Aug-2026 13:19:07 Africa/Lagos] Get Exchange Stats Error: SQLSTATE[HY093]: Invalid parameter number
[16-Aug-2026 13:19:07 Africa/Lagos] Autoload failed: Class 'Database' not found in models/ or controllers/
[16-Aug-2026 13:19:07 Africa/Lagos] Autoload failed: Class 'Database' not found in models/ or controllers/
[16-Aug-2026 13:19:07 Africa/Lagos] Get Profile Stats Error: SQLSTATE[HY093]: Invalid parameter number
[16-Aug-2026 13:19:07 Africa/Lagos] Get Top Matches Error: SQLSTATE[HY093]: Invalid parameter number
[16-Aug-2026 13:19:07 Africa/Lagos] Get Recent Conversations Error: SQLSTATE[HY093]: Invalid parameter number
[16-Aug-2026 13:19:07 Africa/Lagos] Get Exchange Stats Error: SQLSTATE[HY093]: Invalid parameter number
[16-Aug-2026 13:19:07 Africa/Lagos] Autoload failed: Class 'Database' not found in models/ or controllers/
[16-Aug-2026 13:19:10 Africa/Lagos] Autoload failed: Class 'Database' not found in models/ or controllers/
[16-Aug-2026 13:19:10 Africa/Lagos] Get Recent Conversations Error: SQLSTATE[HY093]: Invalid parameter number
[16-Aug-2026 13:19:10 Africa/Lagos] Autoload failed: Class 'Database' not found in models/ or controllers/
[16-Aug-2026 13:19:10 Africa/Lagos] Autoload failed: Class 'Database' not found in models/ or controllers/
[16-Aug-2026 13:19:10 Africa/Lagos] Get Profile Stats Error: SQLSTATE[HY093]: Invalid parameter number
[16-Aug-2026 13:19:10 Africa/Lagos] Get Top Matches Error: SQLSTATE[HY093]: Invalid parameter number
[16-Aug-2026 13:19:10 Africa/Lagos] Get Recent Conversations Error: SQLSTATE[HY093]: Invalid parameter number
[16-Aug-2026 13:19:10 Africa/Lagos] Get Exchange Stats Error: SQLSTATE[HY093]: Invalid parameter number
[16-Aug-2026 13:19:10 Africa/Lagos] Autoload failed: Class 'Database' not found in models/ or controllers/
[16-Aug-2026 13:19:14 Africa/Lagos] Autoload failed: Class 'Database' not found in models/ or controllers/
[16-Aug-2026 13:19:15 Africa/Lagos] Autoload failed: Class 'Database' not found in models/ or controllers/
[16-Aug-2026 13:19:15 Africa/Lagos] Get Profile Stats Error: SQLSTATE[HY093]: Invalid parameter number
[16-Aug-2026 13:19:15 Africa/Lagos] Get Top Matches Error: SQLSTATE[HY093]: Invalid parameter number
[16-Aug-2026 13:19:15 Africa/Lagos] Get Recent Conversations Error: SQLSTATE[HY093]: Invalid parameter number
[16-Aug-2026 13:19:15 Africa/Lagos] Get Exchange Stats Error: SQLSTATE[HY093]: Invalid parameter number
[16-Aug-2026 13:19:15 Africa/Lagos] Autoload failed: Class 'Database' not found in models/ or controllers/
[16-Aug-2026 13:19:15 Africa/Lagos] Autoload failed: Class 'Database' not found in models/ or controllers/
[16-Aug-2026 13:19:15 Africa/Lagos] Get Profile Stats Error: SQLSTATE[HY093]: Invalid parameter number
[16-Aug-2026 13:19:15 Africa/Lagos] Get Top Matches Error: SQLSTATE[HY093]: Invalid parameter number
[16-Aug-2026 13:19:15 Africa/Lagos] Get Recent Conversations Error: SQLSTATE[HY093]: Invalid parameter number
[16-Aug-2026 13:19:15 Africa/Lagos] Get Exchange Stats Error: SQLSTATE[HY093]: Invalid parameter number
[16-Aug-2026 13:19:21 Africa/Lagos] Autoload failed: Class 'Database' not found in models/ or controllers/
[16-Aug-2026 13:19:31 Africa/Lagos] Autoload failed: Class 'Database' not found in models/ or controllers/
[16-Aug-2026 13:19:41 Africa/Lagos] Autoload failed: Class 'Database' not found in models/ or controllers/
[16-Aug-2026 13:19:51 Africa/Lagos] Autoload failed: Class 'Database' not found in models/ or controllers/
[16-Aug-2026 13:20:01 Africa/Lagos] Autoload failed: Class 'Database' not found in models/ or controllers/
[16-Aug-2026 13:20:11 Africa/Lagos] Autoload failed: Class 'Database' not found in models/ or controllers/
[16-Aug-2026 13:20:21 Africa/Lagos] Autoload failed: Class 'Database' not found in models/ or controllers/
[16-Aug-2026 13:20:31 Africa/Lagos] Autoload failed: Class 'Database' not found in models/ or controllers/
[16-Aug-2026 13:20:41 Africa/Lagos] Autoload failed: Class 'Database' not found in models/ or controllers/
[16-Aug-2026 13:20:51 Africa/Lagos] Autoload failed: Class 'Database' not found in models/ or controllers/
[16-Aug-2026 13:21:11 Africa/Lagos] Autoload failed: Class 'Database' not found in models/ or controllers/
[16-Aug-2026 13:22:11 Africa/Lagos] Autoload failed: Class 'Database' not found in models/ or controllers/
[16-Aug-2026 13:23:11 Africa/Lagos] Autoload failed: Class 'Database' not found in models/ or controllers/
[16-Aug-2026 13:24:11 Africa/Lagos] Autoload failed: Class 'Database' not found in models/ or controllers/
[16-Aug-2026 13:25:11 Africa/Lagos] Autoload failed: Class 'Database' not found in models/ or controllers/
[16-Aug-2026 13:26:11 Africa/Lagos] Autoload failed: Class 'Database' not found in models/ or controllers/
[16-Aug-2026 13:27:11 Africa/Lagos] Autoload failed: Class 'Database' not found in models/ or controllers/
[16-Aug-2026 13:28:11 Africa/Lagos] Autoload failed: Class 'Database' not found in models/ or controllers/
[16-Aug-2026 13:29:11 Africa/Lagos] Autoload failed: Class 'Database' not found in models/ or controllers/
[16-Aug-2026 13:30:11 Africa/Lagos] Autoload failed: Class 'Database' not found in models/ or controllers/
[16-Aug-2026 13:31:11 Africa/Lagos] Autoload failed: Class 'Database' not found in models/ or controllers/
[16-Aug-2026 13:32:11 Africa/Lagos] Autoload failed: Class 'Database' not found in models/ or controllers/
[16-Aug-2026 13:33:11 Africa/Lagos] Autoload failed: Class 'Database' not found in models/ or controllers/
[16-Aug-2026 13:34:11 Africa/Lagos] Autoload failed: Class 'Database' not found in models/ or controllers/
[16-Aug-2026 13:35:11 Africa/Lagos] Autoload failed: Class 'Database' not found in models/ or controllers/
[16-Aug-2026 13:36:11 Africa/Lagos] Autoload failed: Class 'Database' not found in models/ or controllers/
[16-Aug-2026 13:37:11 Africa/Lagos] Autoload failed: Class 'Database' not found in models/ or controllers/
[16-Aug-2026 13:38:11 Africa/Lagos] Autoload failed: Class 'Database' not found in models/ or controllers/
[16-Aug-2026 13:39:11 Africa/Lagos] Autoload failed: Class 'Database' not found in models/ or controllers/
[16-Aug-2026 13:40:11 Africa/Lagos] Autoload failed: Class 'Database' not found in models/ or controllers/
[16-Aug-2026 13:41:11 Africa/Lagos] Autoload failed: Class 'Database' not found in models/ or controllers/
[16-Aug-2026 13:42:11 Africa/Lagos] Autoload failed: Class 'Database' not found in models/ or controllers/
[16-Aug-2026 13:43:11 Africa/Lagos] Autoload failed: Class 'Database' not found in models/ or controllers/
[16-Aug-2026 13:44:11 Africa/Lagos] Autoload failed: Class 'Database' not found in models/ or controllers/
[16-Aug-2026 13:44:14 Africa/Lagos] Autoload failed: Class 'Database' not found in models/ or controllers/
[16-Aug-2026 13:44:14 Africa/Lagos] Get Recent Conversations Error: SQLSTATE[HY093]: Invalid parameter number
[16-Aug-2026 13:44:14 Africa/Lagos] Autoload failed: Class 'Database' not found in models/ or controllers/
[16-Aug-2026 13:44:15 Africa/Lagos] Autoload failed: Class 'Database' not found in models/ or controllers/
[16-Aug-2026 13:44:15 Africa/Lagos] Get Profile Stats Error: SQLSTATE[HY093]: Invalid parameter number
[16-Aug-2026 13:44:15 Africa/Lagos] Get Top Matches Error: SQLSTATE[HY093]: Invalid parameter number
[16-Aug-2026 13:44:15 Africa/Lagos] Get Recent Conversations Error: SQLSTATE[HY093]: Invalid parameter number
[16-Aug-2026 13:44:15 Africa/Lagos] Get Exchange Stats Error: SQLSTATE[HY093]: Invalid parameter number
[16-Aug-2026 13:44:15 Africa/Lagos] Autoload failed: Class 'Database' not found in models/ or controllers/
[16-Aug-2026 13:44:17 Africa/Lagos] Autoload failed: Class 'Database' not found in models/ or controllers/
[16-Aug-2026 13:44:17 Africa/Lagos] Get Profile Stats Error: SQLSTATE[HY093]: Invalid parameter number
[16-Aug-2026 13:44:17 Africa/Lagos] Get Top Matches Error: SQLSTATE[HY093]: Invalid parameter number
[16-Aug-2026 13:44:17 Africa/Lagos] Get Recent Conversations Error: SQLSTATE[HY093]: Invalid parameter number
[16-Aug-2026 13:44:17 Africa/Lagos] Get Exchange Stats Error: SQLSTATE[HY093]: Invalid parameter number
[16-Aug-2026 13:44:17 Africa/Lagos] Autoload failed: Class 'Database' not found in models/ or controllers/
[16-Aug-2026 13:44:18 Africa/Lagos] Autoload failed: Class 'Database' not found in models/ or controllers/
[16-Aug-2026 13:44:18 Africa/Lagos] Autoload failed: Class 'Database' not found in models/ or controllers/
[16-Aug-2026 13:44:18 Africa/Lagos] Get Profile Stats Error: SQLSTATE[HY093]: Invalid parameter number
[16-Aug-2026 13:44:18 Africa/Lagos] Get Top Matches Error: SQLSTATE[HY093]: Invalid parameter number
[16-Aug-2026 13:44:18 Africa/Lagos] Get Recent Conversations Error: SQLSTATE[HY093]: Invalid parameter number
[16-Aug-2026 13:44:18 Africa/Lagos] Get Exchange Stats Error: SQLSTATE[HY093]: Invalid parameter number
[16-Aug-2026 13:44:18 Africa/Lagos] Autoload failed: Class 'Database' not found in models/ or controllers/
[16-Aug-2026 13:44:18 Africa/Lagos] Get Profile Stats Error: SQLSTATE[HY093]: Invalid parameter number
[16-Aug-2026 13:44:18 Africa/Lagos] Get Top Matches Error: SQLSTATE[HY093]: Invalid parameter number
[16-Aug-2026 13:44:18 Africa/Lagos] Get Recent Conversations Error: SQLSTATE[HY093]: Invalid parameter number
[16-Aug-2026 13:44:18 Africa/Lagos] Get Exchange Stats Error: SQLSTATE[HY093]: Invalid parameter number
[16-Aug-2026 13:44:18 Africa/Lagos] Autoload failed: Class 'Database' not found in models/ or controllers/
[16-Aug-2026 13:44:28 Africa/Lagos] Autoload failed: Class 'Database' not found in models/ or controllers/
[16-Aug-2026 13:44:38 Africa/Lagos] Autoload failed: Class 'Database' not found in models/ or controllers/
[16-Aug-2026 13:44:48 Africa/Lagos] Autoload failed: Class 'Database' not found in models/ or controllers/
[16-Aug-2026 13:44:58 Africa/Lagos] Autoload failed: Class 'Database' not found in models/ or controllers/
[16-Aug-2026 13:45:08 Africa/Lagos] Autoload failed: Class 'Database' not found in models/ or controllers/
[16-Aug-2026 13:45:18 Africa/Lagos] Autoload failed: Class 'Database' not found in models/ or controllers/
[16-Aug-2026 13:45:28 Africa/Lagos] Autoload failed: Class 'Database' not found in models/ or controllers/
[16-Aug-2026 13:45:39 Africa/Lagos] Autoload failed: Class 'Database' not found in models/ or controllers/
[16-Aug-2026 13:45:49 Africa/Lagos] Autoload failed: Class 'Database' not found in models/ or controllers/
[16-Aug-2026 13:45:59 Africa/Lagos] Autoload failed: Class 'Database' not found in models/ or controllers/
[16-Aug-2026 13:46:08 Africa/Lagos] Autoload failed: Class 'Database' not found in models/ or controllers/
[16-Aug-2026 13:46:18 Africa/Lagos] Autoload failed: Class 'Database' not found in models/ or controllers/
[16-Aug-2026 13:46:28 Africa/Lagos] Autoload failed: Class 'Database' not found in models/ or controllers/
[16-Aug-2026 13:46:39 Africa/Lagos] Autoload failed: Class 'Database' not found in models/ or controllers/
[16-Aug-2026 13:46:49 Africa/Lagos] Autoload failed: Class 'Database' not found in models/ or controllers/
[16-Aug-2026 13:46:59 Africa/Lagos] Autoload failed: Class 'Database' not found in models/ or controllers/
[16-Aug-2026 13:47:09 Africa/Lagos] Autoload failed: Class 'Database' not found in models/ or controllers/
[16-Aug-2026 13:47:19 Africa/Lagos] Autoload failed: Class 'Database' not found in models/ or controllers/
[16-Aug-2026 13:47:29 Africa/Lagos] Autoload failed: Class 'Database' not found in models/ or controllers/
[16-Aug-2026 13:47:49 Africa/Lagos] Autoload failed: Class 'Database' not found in models/ or controllers/
[16-Aug-2026 13:47:58 Africa/Lagos] Autoload failed: Class 'Database' not found in models/ or controllers/
[16-Aug-2026 13:48:09 Africa/Lagos] Autoload failed: Class 'Database' not found in models/ or controllers/
[16-Aug-2026 13:48:18 Africa/Lagos] Autoload failed: Class 'Database' not found in models/ or controllers/
[16-Aug-2026 13:48:28 Africa/Lagos] Autoload failed: Class 'Database' not found in models/ or controllers/
[16-Aug-2026 13:48:39 Africa/Lagos] Autoload failed: Class 'Database' not found in models/ or controllers/
[16-Aug-2026 13:48:49 Africa/Lagos] Autoload failed: Class 'Database' not found in models/ or controllers/
[16-Aug-2026 13:48:59 Africa/Lagos] Autoload failed: Class 'Database' not found in models/ or controllers/
[16-Aug-2026 13:49:09 Africa/Lagos] Autoload failed: Class 'Database' not found in models/ or controllers/
[16-Aug-2026 13:49:19 Africa/Lagos] Autoload failed: Class 'Database' not found in models/ or controllers/
[16-Aug-2026 13:49:35 Africa/Lagos] Autoload failed: Class 'Database' not found in models/ or controllers/
[16-Aug-2026 13:49:36 Africa/Lagos] Autoload failed: Class 'Database' not found in models/ or controllers/
[16-Aug-2026 13:49:36 Africa/Lagos] Get Profile Stats Error: SQLSTATE[HY093]: Invalid parameter number
[16-Aug-2026 13:49:36 Africa/Lagos] Get Top Matches Error: SQLSTATE[HY093]: Invalid parameter number
[16-Aug-2026 13:49:36 Africa/Lagos] Get Recent Conversations Error: SQLSTATE[HY093]: Invalid parameter number
[16-Aug-2026 13:49:36 Africa/Lagos] Get Exchange Stats Error: SQLSTATE[HY093]: Invalid parameter number
[16-Aug-2026 13:49:36 Africa/Lagos] Autoload failed: Class 'Database' not found in models/ or controllers/
[16-Aug-2026 13:49:37 Africa/Lagos] Autoload failed: Class 'Database' not found in models/ or controllers/
[16-Aug-2026 13:49:37 Africa/Lagos] Get Profile Stats Error: SQLSTATE[HY093]: Invalid parameter number
[16-Aug-2026 13:49:37 Africa/Lagos] Get Top Matches Error: SQLSTATE[HY093]: Invalid parameter number
[16-Aug-2026 13:49:37 Africa/Lagos] Get Recent Conversations Error: SQLSTATE[HY093]: Invalid parameter number
[16-Aug-2026 13:49:37 Africa/Lagos] Get Exchange Stats Error: SQLSTATE[HY093]: Invalid parameter number
[16-Aug-2026 13:49:38 Africa/Lagos] Autoload failed: Class 'Database' not found in models/ or controllers/
[16-Aug-2026 13:49:48 Africa/Lagos] Autoload failed: Class 'Database' not found in models/ or controllers/
[16-Aug-2026 13:49:48 Africa/Lagos] Autoload failed: Class 'Database' not found in models/ or controllers/
[16-Aug-2026 13:49:48 Africa/Lagos] Get Profile Stats Error: SQLSTATE[HY093]: Invalid parameter number
[16-Aug-2026 13:49:48 Africa/Lagos] Get Top Matches Error: SQLSTATE[HY093]: Invalid parameter number
[16-Aug-2026 13:49:48 Africa/Lagos] Get Recent Conversations Error: SQLSTATE[HY093]: Invalid parameter number
[16-Aug-2026 13:49:48 Africa/Lagos] Get Exchange Stats Error: SQLSTATE[HY093]: Invalid parameter number
[16-Aug-2026 13:49:49 Africa/Lagos] Autoload failed: Class 'Database' not found in models/ or controllers/
[16-Aug-2026 13:49:49 Africa/Lagos] Autoload failed: Class 'Database' not found in models/ or controllers/
[16-Aug-2026 13:49:50 Africa/Lagos] Autoload failed: Class 'Database' not found in models/ or controllers/
[16-Aug-2026 13:49:50 Africa/Lagos] Get Profile Stats Error: SQLSTATE[HY093]: Invalid parameter number
[16-Aug-2026 13:49:50 Africa/Lagos] Get Top Matches Error: SQLSTATE[HY093]: Invalid parameter number
[16-Aug-2026 13:49:50 Africa/Lagos] Get Recent Conversations Error: SQLSTATE[HY093]: Invalid parameter number
[16-Aug-2026 13:49:50 Africa/Lagos] Get Exchange Stats Error: SQLSTATE[HY093]: Invalid parameter number
[16-Aug-2026 13:49:50 Africa/Lagos] Autoload failed: Class 'Database' not found in models/ or controllers/
[16-Aug-2026 13:49:50 Africa/Lagos] Get Profile Stats Error: SQLSTATE[HY093]: Invalid parameter number
[16-Aug-2026 13:49:50 Africa/Lagos] Get Top Matches Error: SQLSTATE[HY093]: Invalid parameter number
[16-Aug-2026 13:49:50 Africa/Lagos] Get Recent Conversations Error: SQLSTATE[HY093]: Invalid parameter number
[16-Aug-2026 13:49:50 Africa/Lagos] Get Exchange Stats Error: SQLSTATE[HY093]: Invalid parameter number
[16-Aug-2026 13:49:50 Africa/Lagos] Autoload failed: Class 'Database' not found in models/ or controllers/
[16-Aug-2026 13:50:01 Africa/Lagos] Autoload failed: Class 'Database' not found in models/ or controllers/
[16-Aug-2026 13:50:11 Africa/Lagos] Autoload failed: Class 'Database' not found in models/ or controllers/
[16-Aug-2026 13:50:21 Africa/Lagos] Autoload failed: Class 'Database' not found in models/ or controllers/
[16-Aug-2026 13:50:31 Africa/Lagos] Autoload failed: Class 'Database' not found in models/ or controllers/
[16-Aug-2026 13:50:41 Africa/Lagos] Autoload failed: Class 'Database' not found in models/ or controllers/
[16-Aug-2026 13:50:51 Africa/Lagos] Autoload failed: Class 'Database' not found in models/ or controllers/
[16-Aug-2026 13:51:01 Africa/Lagos] Autoload failed: Class 'Database' not found in models/ or controllers/
[16-Aug-2026 13:51:11 Africa/Lagos] Autoload failed: Class 'Database' not found in models/ or controllers/
[16-Aug-2026 13:52:02 Africa/Lagos] Autoload failed: Class 'Database' not found in models/ or controllers/
[16-Aug-2026 13:52:03 Africa/Lagos] Autoload failed: Class 'Database' not found in models/ or controllers/
[16-Aug-2026 13:52:03 Africa/Lagos] Get Profile Stats Error: SQLSTATE[HY093]: Invalid parameter number
[16-Aug-2026 13:52:03 Africa/Lagos] Get Top Matches Error: SQLSTATE[HY093]: Invalid parameter number
[16-Aug-2026 13:52:03 Africa/Lagos] Get Recent Conversations Error: SQLSTATE[HY093]: Invalid parameter number
[16-Aug-2026 13:52:03 Africa/Lagos] Get Exchange Stats Error: SQLSTATE[HY093]: Invalid parameter number
[16-Aug-2026 13:52:04 Africa/Lagos] Autoload failed: Class 'Database' not found in models/ or controllers/
[16-Aug-2026 13:52:05 Africa/Lagos] Autoload failed: Class 'Database' not found in models/ or controllers/
[16-Aug-2026 13:52:05 Africa/Lagos] Get Profile Stats Error: SQLSTATE[HY093]: Invalid parameter number
[16-Aug-2026 13:52:05 Africa/Lagos] Get Top Matches Error: SQLSTATE[HY093]: Invalid parameter number
[16-Aug-2026 13:52:05 Africa/Lagos] Get Recent Conversations Error: SQLSTATE[HY093]: Invalid parameter number
[16-Aug-2026 13:52:05 Africa/Lagos] Get Exchange Stats Error: SQLSTATE[HY093]: Invalid parameter number
[16-Aug-2026 13:52:05 Africa/Lagos] Autoload failed: Class 'Database' not found in models/ or controllers/
[16-Aug-2026 13:52:16 Africa/Lagos] Autoload failed: Class 'Database' not found in models/ or controllers/
[16-Aug-2026 13:52:26 Africa/Lagos] Autoload failed: Class 'Database' not found in models/ or controllers/
[16-Aug-2026 13:52:36 Africa/Lagos] Autoload failed: Class 'Database' not found in models/ or controllers/
[16-Aug-2026 13:52:46 Africa/Lagos] Autoload failed: Class 'Database' not found in models/ or controllers/
[16-Aug-2026 13:52:56 Africa/Lagos] Autoload failed: Class 'Database' not found in models/ or controllers/
[16-Aug-2026 13:53:06 Africa/Lagos] Autoload failed: Class 'Database' not found in models/ or controllers/
[16-Aug-2026 13:53:41 Africa/Lagos] Autoload failed: Class 'Database' not found in models/ or controllers/
[16-Aug-2026 13:53:43 Africa/Lagos] Autoload failed: Class 'Database' not found in models/ or controllers/
[16-Aug-2026 13:53:43 Africa/Lagos] Get Profile Stats Error: SQLSTATE[HY093]: Invalid parameter number
[16-Aug-2026 13:53:43 Africa/Lagos] Get Top Matches Error: SQLSTATE[HY093]: Invalid parameter number
[16-Aug-2026 13:53:43 Africa/Lagos] Get Recent Conversations Error: SQLSTATE[HY093]: Invalid parameter number
[16-Aug-2026 13:53:43 Africa/Lagos] Get Exchange Stats Error: SQLSTATE[HY093]: Invalid parameter number
[16-Aug-2026 13:53:43 Africa/Lagos] Autoload failed: Class 'Database' not found in models/ or controllers/
[16-Aug-2026 13:53:45 Africa/Lagos] Autoload failed: Class 'Database' not found in models/ or controllers/
[16-Aug-2026 13:53:45 Africa/Lagos] Get Profile Stats Error: SQLSTATE[HY093]: Invalid parameter number
[16-Aug-2026 13:53:45 Africa/Lagos] Get Top Matches Error: SQLSTATE[HY093]: Invalid parameter number
[16-Aug-2026 13:53:45 Africa/Lagos] Get Recent Conversations Error: SQLSTATE[HY093]: Invalid parameter number
[16-Aug-2026 13:53:45 Africa/Lagos] Get Exchange Stats Error: SQLSTATE[HY093]: Invalid parameter number
[16-Aug-2026 13:53:45 Africa/Lagos] Autoload failed: Class 'Database' not found in models/ or controllers/
[16-Aug-2026 13:53:56 Africa/Lagos] Autoload failed: Class 'Database' not found in models/ or controllers/
[16-Aug-2026 13:54:06 Africa/Lagos] Autoload failed: Class 'Database' not found in models/ or controllers/
[16-Aug-2026 13:54:16 Africa/Lagos] Autoload failed: Class 'Database' not found in models/ or controllers/
[16-Aug-2026 13:54:26 Africa/Lagos] Autoload failed: Class 'Database' not found in models/ or controllers/
[16-Aug-2026 13:54:36 Africa/Lagos] Autoload failed: Class 'Database' not found in models/ or controllers/
[16-Aug-2026 13:54:46 Africa/Lagos] Autoload failed: Class 'Database' not found in models/ or controllers/
[16-Aug-2026 13:55:11 Africa/Lagos] Autoload failed: Class 'Database' not found in models/ or controllers/
[16-Aug-2026 13:56:03 Africa/Lagos] Autoload failed: Class 'Database' not found in models/ or controllers/
[16-Aug-2026 13:56:05 Africa/Lagos] Autoload failed: Class 'Database' not found in models/ or controllers/
[16-Aug-2026 13:56:05 Africa/Lagos] Autoload failed: Class 'Database' not found in models/ or controllers/
[16-Aug-2026 13:56:05 Africa/Lagos] Get Profile Stats Error: SQLSTATE[HY093]: Invalid parameter number
[16-Aug-2026 13:56:05 Africa/Lagos] Get Top Matches Error: SQLSTATE[HY093]: Invalid parameter number
[16-Aug-2026 13:56:05 Africa/Lagos] Get Recent Conversations Error: SQLSTATE[HY093]: Invalid parameter number
[16-Aug-2026 13:56:05 Africa/Lagos] Get Exchange Stats Error: SQLSTATE[HY093]: Invalid parameter number
[16-Aug-2026 13:56:05 Africa/Lagos] Autoload failed: Class 'Database' not found in models/ or controllers/
[16-Aug-2026 13:56:06 Africa/Lagos] Autoload failed: Class 'Database' not found in models/ or controllers/
[16-Aug-2026 13:56:06 Africa/Lagos] Get Profile Stats Error: SQLSTATE[HY093]: Invalid parameter number
[16-Aug-2026 13:56:06 Africa/Lagos] Get Top Matches Error: SQLSTATE[HY093]: Invalid parameter number
[16-Aug-2026 13:56:06 Africa/Lagos] Get Recent Conversations Error: SQLSTATE[HY093]: Invalid parameter number
[16-Aug-2026 13:56:06 Africa/Lagos] Get Exchange Stats Error: SQLSTATE[HY093]: Invalid parameter number
[16-Aug-2026 13:56:07 Africa/Lagos] Autoload failed: Class 'Database' not found in models/ or controllers/
[16-Aug-2026 13:56:12 Africa/Lagos] Autoload failed: Class 'Database' not found in models/ or controllers/
[16-Aug-2026 13:56:12 Africa/Lagos] Autoload failed: Class 'Database' not found in models/ or controllers/
[16-Aug-2026 13:56:12 Africa/Lagos] Get Profile Stats Error: SQLSTATE[HY093]: Invalid parameter number
[16-Aug-2026 13:56:12 Africa/Lagos] Get Top Matches Error: SQLSTATE[HY093]: Invalid parameter number
[16-Aug-2026 13:56:12 Africa/Lagos] Get Recent Conversations Error: SQLSTATE[HY093]: Invalid parameter number
[16-Aug-2026 13:56:12 Africa/Lagos] Get Exchange Stats Error: SQLSTATE[HY093]: Invalid parameter number
[16-Aug-2026 13:56:13 Africa/Lagos] Autoload failed: Class 'Database' not found in models/ or controllers/
[16-Aug-2026 13:56:13 Africa/Lagos] Autoload failed: Class 'Database' not found in models/ or controllers/
[16-Aug-2026 13:56:42 Africa/Lagos] Autoload failed: Class 'Database' not found in models/ or controllers/
[16-Aug-2026 13:56:43 Africa/Lagos] Autoload failed: Class 'Database' not found in models/ or controllers/
[16-Aug-2026 13:56:43 Africa/Lagos] Get Profile Stats Error: SQLSTATE[HY093]: Invalid parameter number
[16-Aug-2026 13:56:43 Africa/Lagos] Get Top Matches Error: SQLSTATE[HY093]: Invalid parameter number
[16-Aug-2026 13:56:43 Africa/Lagos] Get Recent Conversations Error: SQLSTATE[HY093]: Invalid parameter number
[16-Aug-2026 13:56:43 Africa/Lagos] Get Exchange Stats Error: SQLSTATE[HY093]: Invalid parameter number
[16-Aug-2026 13:56:43 Africa/Lagos] Autoload failed: Class 'Database' not found in models/ or controllers/
[16-Aug-2026 13:56:53 Africa/Lagos] Autoload failed: Class 'Database' not found in models/ or controllers/
[16-Aug-2026 13:57:03 Africa/Lagos] Autoload failed: Class 'Database' not found in models/ or controllers/
[16-Aug-2026 13:57:05 Africa/Lagos] Autoload failed: Class 'Database' not found in models/ or controllers/
[16-Aug-2026 13:57:06 Africa/Lagos] Autoload failed: Class 'Database' not found in models/ or controllers/
[16-Aug-2026 13:57:09 Africa/Lagos] Autoload failed: Class 'Database' not found in models/ or controllers/
[16-Aug-2026 13:57:09 Africa/Lagos] Get Profile Stats Error: SQLSTATE[HY093]: Invalid parameter number
[16-Aug-2026 13:57:09 Africa/Lagos] Get Top Matches Error: SQLSTATE[HY093]: Invalid parameter number
[16-Aug-2026 13:57:09 Africa/Lagos] Get Recent Conversations Error: SQLSTATE[HY093]: Invalid parameter number
[16-Aug-2026 13:57:09 Africa/Lagos] Get Exchange Stats Error: SQLSTATE[HY093]: Invalid parameter number
[16-Aug-2026 13:57:10 Africa/Lagos] Autoload failed: Class 'Database' not found in models/ or controllers/
[16-Aug-2026 13:57:20 Africa/Lagos] Autoload failed: Class 'Database' not found in models/ or controllers/
[16-Aug-2026 13:57:30 Africa/Lagos] Autoload failed: Class 'Database' not found in models/ or controllers/
[16-Aug-2026 13:57:40 Africa/Lagos] Autoload failed: Class 'Database' not found in models/ or controllers/
[16-Aug-2026 13:57:50 Africa/Lagos] Autoload failed: Class 'Database' not found in models/ or controllers/
[16-Aug-2026 13:58:00 Africa/Lagos] Autoload failed: Class 'Database' not found in models/ or controllers/
[16-Aug-2026 13:58:10 Africa/Lagos] Autoload failed: Class 'Database' not found in models/ or controllers/
[16-Aug-2026 13:59:04 Africa/Lagos] Autoload failed: Class 'Database' not found in models/ or controllers/
[16-Aug-2026 13:59:10 Africa/Lagos] Autoload failed: Class 'Database' not found in models/ or controllers/
[16-Aug-2026 13:59:20 Africa/Lagos] Autoload failed: Class 'Database' not found in models/ or controllers/
[16-Aug-2026 13:59:30 Africa/Lagos] Autoload failed: Class 'Database' not found in models/ or controllers/
[16-Aug-2026 13:59:40 Africa/Lagos] Autoload failed: Class 'Database' not found in models/ or controllers/
[16-Aug-2026 13:59:50 Africa/Lagos] Autoload failed: Class 'Database' not found in models/ or controllers/
[16-Aug-2026 14:00:00 Africa/Lagos] Autoload failed: Class 'Database' not found in models/ or controllers/
[16-Aug-2026 14:00:11 Africa/Lagos] Autoload failed: Class 'Database' not found in models/ or controllers/
[16-Aug-2026 14:01:11 Africa/Lagos] Autoload failed: Class 'Database' not found in models/ or controllers/
[16-Aug-2026 14:02:11 Africa/Lagos] Autoload failed: Class 'Database' not found in models/ or controllers/
[16-Aug-2026 14:03:11 Africa/Lagos] Autoload failed: Class 'Database' not found in models/ or controllers/
[16-Aug-2026 14:04:11 Africa/Lagos] Autoload failed: Class 'Database' not found in models/ or controllers/
[16-Aug-2026 14:05:11 Africa/Lagos] Autoload failed: Class 'Database' not found in models/ or controllers/
[16-Aug-2026 14:06:11 Africa/Lagos] Autoload failed: Class 'Database' not found in models/ or controllers/
[16-Aug-2026 14:07:11 Africa/Lagos] Autoload failed: Class 'Database' not found in models/ or controllers/
[16-Aug-2026 14:08:11 Africa/Lagos] Autoload failed: Class 'Database' not found in models/ or controllers/
[16-Aug-2026 14:09:11 Africa/Lagos] Autoload failed: Class 'Database' not found in models/ or controllers/
[16-Aug-2026 14:10:11 Africa/Lagos] Autoload failed: Class 'Database' not found in models/ or controllers/
[16-Aug-2026 14:11:11 Africa/Lagos] Autoload failed: Class 'Database' not found in models/ or controllers/
[16-Aug-2026 14:12:11 Africa/Lagos] Autoload failed: Class 'Database' not found in models/ or controllers/
[16-Aug-2026 14:13:11 Africa/Lagos] Autoload failed: Class 'Database' not found in models/ or controllers/
[16-Aug-2026 14:14:11 Africa/Lagos] Autoload failed: Class 'Database' not found in models/ or controllers/
[16-Aug-2026 14:14:13 Africa/Lagos] Autoload failed: Class 'Database' not found in models/ or controllers/
[16-Aug-2026 14:14:14 Africa/Lagos] Get Profile Stats Error: SQLSTATE[HY093]: Invalid parameter number
[16-Aug-2026 14:25:28 Africa/Lagos] Autoload failed: Class 'Database' not found in models/ or controllers/
[16-Aug-2026 14:32:34 Africa/Lagos] Autoload failed: Class 'Database' not found in models/ or controllers/
[16-Aug-2026 14:34:16 Africa/Lagos] Autoload failed: Class 'Database' not found in models/ or controllers/
[16-Aug-2026 14:34:16 Africa/Lagos] Get Top Matches Error: SQLSTATE[HY093]: Invalid parameter number
[16-Aug-2026 14:34:16 Africa/Lagos] Get Recent Conversations Error: SQLSTATE[HY093]: Invalid parameter number
[16-Aug-2026 14:34:16 Africa/Lagos] Get Exchange Stats Error: SQLSTATE[HY093]: Invalid parameter number
[16-Aug-2026 14:34:17 Africa/Lagos] Autoload failed: Class 'Database' not found in models/ or controllers/
[16-Aug-2026 14:34:27 Africa/Lagos] Autoload failed: Class 'Database' not found in models/ or controllers/
[16-Aug-2026 14:34:37 Africa/Lagos] Autoload failed: Class 'Database' not found in models/ or controllers/
[16-Aug-2026 14:34:47 Africa/Lagos] Autoload failed: Class 'Database' not found in models/ or controllers/
[16-Aug-2026 14:34:57 Africa/Lagos] Autoload failed: Class 'Database' not found in models/ or controllers/
[16-Aug-2026 14:35:07 Africa/Lagos] Autoload failed: Class 'Database' not found in models/ or controllers/
[16-Aug-2026 14:35:17 Africa/Lagos] Autoload failed: Class 'Database' not found in models/ or controllers/
[16-Aug-2026 14:35:27 Africa/Lagos] Autoload failed: Class 'Database' not found in models/ or controllers/
[16-Aug-2026 14:35:37 Africa/Lagos] Autoload failed: Class 'Database' not found in models/ or controllers/
[16-Aug-2026 14:35:47 Africa/Lagos] Autoload failed: Class 'Database' not found in models/ or controllers/
[16-Aug-2026 14:35:50 Africa/Lagos] Autoload failed: Class 'Database' not found in models/ or controllers/
[16-Aug-2026 14:35:50 Africa/Lagos] Autoload failed: Class 'Database' not found in models/ or controllers/
[16-Aug-2026 14:35:52 Africa/Lagos] Autoload failed: Class 'Database' not found in models/ or controllers/
[16-Aug-2026 14:35:52 Africa/Lagos] Get Top Matches Error: SQLSTATE[HY093]: Invalid parameter number
[16-Aug-2026 14:35:52 Africa/Lagos] Get Recent Conversations Error: SQLSTATE[HY093]: Invalid parameter number
[16-Aug-2026 14:35:52 Africa/Lagos] Get Exchange Stats Error: SQLSTATE[HY093]: Invalid parameter number
[16-Aug-2026 14:35:53 Africa/Lagos] Autoload failed: Class 'Database' not found in models/ or controllers/
[16-Aug-2026 14:35:58 Africa/Lagos] Autoload failed: Class 'Database' not found in models/ or controllers/
[16-Aug-2026 14:35:58 Africa/Lagos] Get User Exchanges Error: SQLSTATE[HY093]: Invalid parameter number
[16-Aug-2026 14:35:58 Africa/Lagos] Count User Exchanges Error: SQLSTATE[HY093]: Invalid parameter number
[16-Aug-2026 14:35:58 Africa/Lagos] Get Exchange Stats Error: SQLSTATE[HY093]: Invalid parameter number
[16-Aug-2026 14:35:58 Africa/Lagos] Autoload failed: Class 'Database' not found in models/ or controllers/
[16-Aug-2026 14:36:04 Africa/Lagos] Autoload failed: Class 'Database' not found in models/ or controllers/
[16-Aug-2026 14:36:04 Africa/Lagos] Get User Exchanges Error: SQLSTATE[HY093]: Invalid parameter number
[16-Aug-2026 14:36:04 Africa/Lagos] Count User Exchanges Error: SQLSTATE[HY093]: Invalid parameter number
[16-Aug-2026 14:36:04 Africa/Lagos] Get Exchange Stats Error: SQLSTATE[HY093]: Invalid parameter number
[16-Aug-2026 14:36:05 Africa/Lagos] Autoload failed: Class 'Database' not found in models/ or controllers/
[16-Aug-2026 14:36:14 Africa/Lagos] Autoload failed: Class 'Database' not found in models/ or controllers/
[16-Aug-2026 14:36:14 Africa/Lagos] Get User Exchanges Error: SQLSTATE[HY093]: Invalid parameter number
[16-Aug-2026 14:36:14 Africa/Lagos] Count User Exchanges Error: SQLSTATE[HY093]: Invalid parameter number
[16-Aug-2026 14:36:14 Africa/Lagos] Get Exchange Stats Error: SQLSTATE[HY093]: Invalid parameter number
[16-Aug-2026 14:36:14 Africa/Lagos] Autoload failed: Class 'Database' not found in models/ or controllers/
[16-Aug-2026 14:36:17 Africa/Lagos] Autoload failed: Class 'Database' not found in models/ or controllers/
[16-Aug-2026 14:36:18 Africa/Lagos] Autoload failed: Class 'Database' not found in models/ or controllers/
[16-Aug-2026 14:36:28 Africa/Lagos] Autoload failed: Class 'Database' not found in models/ or controllers/
[16-Aug-2026 14:36:38 Africa/Lagos] Autoload failed: Class 'Database' not found in models/ or controllers/
[16-Aug-2026 14:36:46 Africa/Lagos] Autoload failed: Class 'Database' not found in models/ or controllers/
[16-Aug-2026 14:36:46 Africa/Lagos] Autoload failed: Class 'Database' not found in models/ or controllers/
[16-Aug-2026 14:36:51 Africa/Lagos] Autoload failed: Class 'Database' not found in models/ or controllers/
[16-Aug-2026 14:36:51 Africa/Lagos] Autoload failed: Class 'Database' not found in models/ or controllers/
[16-Aug-2026 14:36:53 Africa/Lagos] Autoload failed: Class 'Database' not found in models/ or controllers/
[16-Aug-2026 14:36:53 Africa/Lagos] PHP Fatal error:  Uncaught Error: Unknown named parameter $id in C:\laragon\www\skillswap\index.php:198
Stack trace:
#0 {main}
  thrown in C:\laragon\www\skillswap\index.php on line 198
[16-Aug-2026 14:36:56 Africa/Lagos] Autoload failed: Class 'Database' not found in models/ or controllers/
[16-Aug-2026 14:36:56 Africa/Lagos] Autoload failed: Class 'Database' not found in models/ or controllers/
[16-Aug-2026 14:36:57 Africa/Lagos] Autoload failed: Class 'Database' not found in models/ or controllers/
[16-Aug-2026 14:36:57 Africa/Lagos] Get Top Matches Error: SQLSTATE[HY093]: Invalid parameter number
[16-Aug-2026 14:36:57 Africa/Lagos] Get Recent Conversations Error: SQLSTATE[HY093]: Invalid parameter number
[16-Aug-2026 14:36:57 Africa/Lagos] Get Exchange Stats Error: SQLSTATE[HY093]: Invalid parameter number
[16-Aug-2026 14:36:58 Africa/Lagos] Autoload failed: Class 'Database' not found in models/ or controllers/
[16-Aug-2026 14:37:02 Africa/Lagos] Autoload failed: Class 'Database' not found in models/ or controllers/
[16-Aug-2026 14:37:02 Africa/Lagos] PHP Fatal error:  Uncaught Error: Unknown named parameter $id in C:\laragon\www\skillswap\index.php:198
Stack trace:
#0 {main}
  thrown in C:\laragon\www\skillswap\index.php on line 198
[16-Aug-2026 14:37:03 Africa/Lagos] Autoload failed: Class 'Database' not found in models/ or controllers/
[16-Aug-2026 14:37:03 Africa/Lagos] Get Top Matches Error: SQLSTATE[HY093]: Invalid parameter number
[16-Aug-2026 14:37:03 Africa/Lagos] Get Recent Conversations Error: SQLSTATE[HY093]: Invalid parameter number
[16-Aug-2026 14:37:03 Africa/Lagos] Get Exchange Stats Error: SQLSTATE[HY093]: Invalid parameter number
[16-Aug-2026 14:37:04 Africa/Lagos] Autoload failed: Class 'Database' not found in models/ or controllers/
[16-Aug-2026 14:37:07 Africa/Lagos] Autoload failed: Class 'Database' not found in models/ or controllers/
[16-Aug-2026 14:37:07 Africa/Lagos] Get User Matches Error: SQLSTATE[HY093]: Invalid parameter number
[16-Aug-2026 14:37:07 Africa/Lagos] Count User Matches Error: SQLSTATE[HY093]: Invalid parameter number
[16-Aug-2026 14:37:07 Africa/Lagos] Autoload failed: Class 'Database' not found in models/ or controllers/
[16-Aug-2026 14:37:10 Africa/Lagos] Autoload failed: Class 'Database' not found in models/ or controllers/
[16-Aug-2026 14:37:10 Africa/Lagos] Get Top Matches Error: SQLSTATE[HY093]: Invalid parameter number
[16-Aug-2026 14:37:10 Africa/Lagos] Get Recent Conversations Error: SQLSTATE[HY093]: Invalid parameter number
[16-Aug-2026 14:37:10 Africa/Lagos] Get Exchange Stats Error: SQLSTATE[HY093]: Invalid parameter number
[16-Aug-2026 14:37:11 Africa/Lagos] Autoload failed: Class 'Database' not found in models/ or controllers/
[16-Aug-2026 14:37:14 Africa/Lagos] Autoload failed: Class 'Database' not found in models/ or controllers/
[16-Aug-2026 14:37:14 Africa/Lagos] PHP Warning:  Undefined array key "category_id" in C:\laragon\www\skillswap\controllers\MatchController.php on line 303
[16-Aug-2026 14:37:14 Africa/Lagos] PHP Warning:  Undefined array key "category_id" in C:\laragon\www\skillswap\controllers\MatchController.php on line 306
[16-Aug-2026 14:37:14 Africa/Lagos] PHP Warning:  Undefined array key "category_id" in C:\laragon\www\skillswap\controllers\MatchController.php on line 306
[16-Aug-2026 14:37:14 Africa/Lagos] PHP Warning:  Undefined array key "category_id" in C:\laragon\www\skillswap\controllers\MatchController.php on line 314
[16-Aug-2026 14:37:14 Africa/Lagos] PHP Warning:  Undefined array key "category_id" in C:\laragon\www\skillswap\controllers\MatchController.php on line 314
[16-Aug-2026 14:37:14 Africa/Lagos] PHP Warning:  Undefined array key "category_id" in C:\laragon\www\skillswap\controllers\MatchController.php on line 303
[16-Aug-2026 14:37:14 Africa/Lagos] PHP Warning:  Undefined array key "category_id" in C:\laragon\www\skillswap\controllers\MatchController.php on line 306
[16-Aug-2026 14:37:14 Africa/Lagos] PHP Warning:  Undefined array key "category_id" in C:\laragon\www\skillswap\controllers\MatchController.php on line 306
[16-Aug-2026 14:37:14 Africa/Lagos] PHP Warning:  Undefined array key "category_id" in C:\laragon\www\skillswap\controllers\MatchController.php on line 314
[16-Aug-2026 14:37:14 Africa/Lagos] PHP Warning:  Undefined array key "category_id" in C:\laragon\www\skillswap\controllers\MatchController.php on line 314
[16-Aug-2026 14:37:14 Africa/Lagos] PHP Warning:  Undefined array key "category_id" in C:\laragon\www\skillswap\controllers\MatchController.php on line 303
[16-Aug-2026 14:37:14 Africa/Lagos] PHP Warning:  Undefined array key "category_id" in C:\laragon\www\skillswap\controllers\MatchController.php on line 306
[16-Aug-2026 14:37:14 Africa/Lagos] PHP Warning:  Undefined array key "category_id" in C:\laragon\www\skillswap\controllers\MatchController.php on line 306
[16-Aug-2026 14:37:14 Africa/Lagos] PHP Warning:  Undefined array key "category_id" in C:\laragon\www\skillswap\controllers\MatchController.php on line 314
[16-Aug-2026 14:37:14 Africa/Lagos] PHP Warning:  Undefined array key "category_id" in C:\laragon\www\skillswap\controllers\MatchController.php on line 314
[16-Aug-2026 14:37:14 Africa/Lagos] PHP Warning:  Undefined array key "category_id" in C:\laragon\www\skillswap\controllers\MatchController.php on line 303
[16-Aug-2026 14:37:14 Africa/Lagos] PHP Warning:  Undefined array key "category_id" in C:\laragon\www\skillswap\controllers\MatchController.php on line 306
[16-Aug-2026 14:37:14 Africa/Lagos] PHP Warning:  Undefined array key "category_id" in C:\laragon\www\skillswap\controllers\MatchController.php on line 306
[16-Aug-2026 14:37:14 Africa/Lagos] PHP Warning:  Undefined array key "category_id" in C:\laragon\www\skillswap\controllers\MatchController.php on line 314
[16-Aug-2026 14:37:14 Africa/Lagos] PHP Warning:  Undefined array key "category_id" in C:\laragon\www\skillswap\controllers\MatchController.php on line 314
[16-Aug-2026 14:37:14 Africa/Lagos] PHP Warning:  Undefined array key "category_id" in C:\laragon\www\skillswap\controllers\MatchController.php on line 303
[16-Aug-2026 14:37:14 Africa/Lagos] PHP Warning:  Undefined array key "category_id" in C:\laragon\www\skillswap\controllers\MatchController.php on line 306
[16-Aug-2026 14:37:14 Africa/Lagos] PHP Warning:  Undefined array key "category_id" in C:\laragon\www\skillswap\controllers\MatchController.php on line 306
[16-Aug-2026 14:37:14 Africa/Lagos] PHP Warning:  Undefined array key "category_id" in C:\laragon\www\skillswap\controllers\MatchController.php on line 314
[16-Aug-2026 14:37:14 Africa/Lagos] PHP Warning:  Undefined array key "category_id" in C:\laragon\www\skillswap\controllers\MatchController.php on line 314
[16-Aug-2026 14:37:14 Africa/Lagos] PHP Warning:  Undefined array key "category_id" in C:\laragon\www\skillswap\controllers\MatchController.php on line 303
[16-Aug-2026 14:37:14 Africa/Lagos] PHP Warning:  Undefined array key "category_id" in C:\laragon\www\skillswap\controllers\MatchController.php on line 306
[16-Aug-2026 14:37:14 Africa/Lagos] PHP Warning:  Undefined array key "category_id" in C:\laragon\www\skillswap\controllers\MatchController.php on line 306
[16-Aug-2026 14:37:14 Africa/Lagos] PHP Warning:  Undefined array key "category_id" in C:\laragon\www\skillswap\controllers\MatchController.php on line 314
[16-Aug-2026 14:37:14 Africa/Lagos] PHP Warning:  Undefined array key "category_id" in C:\laragon\www\skillswap\controllers\MatchController.php on line 314
[16-Aug-2026 14:37:14 Africa/Lagos] PHP Warning:  Undefined array key "category_id" in C:\laragon\www\skillswap\controllers\MatchController.php on line 303
[16-Aug-2026 14:37:14 Africa/Lagos] PHP Warning:  Undefined array key "category_id" in C:\laragon\www\skillswap\controllers\MatchController.php on line 306
[16-Aug-2026 14:37:14 Africa/Lagos] PHP Warning:  Undefined array key "category_id" in C:\laragon\www\skillswap\controllers\MatchController.php on line 306
[16-Aug-2026 14:37:14 Africa/Lagos] PHP Warning:  Undefined array key "category_id" in C:\laragon\www\skillswap\controllers\MatchController.php on line 314
[16-Aug-2026 14:37:14 Africa/Lagos] PHP Warning:  Undefined array key "category_id" in C:\laragon\www\skillswap\controllers\MatchController.php on line 314
[16-Aug-2026 14:37:14 Africa/Lagos] PHP Warning:  Cannot modify header information - headers already sent by (output started at C:\laragon\www\skillswap\controllers\MatchController.php:306) in C:\laragon\www\skillswap\helpers\functions.php on line 29
[16-Aug-2026 14:37:17 Africa/Lagos] Autoload failed: Class 'Database' not found in models/ or controllers/
[16-Aug-2026 14:37:17 Africa/Lagos] Get Top Matches Error: SQLSTATE[HY093]: Invalid parameter number
[16-Aug-2026 14:37:17 Africa/Lagos] Get Recent Conversations Error: SQLSTATE[HY093]: Invalid parameter number
[16-Aug-2026 14:37:17 Africa/Lagos] Get Exchange Stats Error: SQLSTATE[HY093]: Invalid parameter number
[16-Aug-2026 14:37:17 Africa/Lagos] Autoload failed: Class 'Database' not found in models/ or controllers/
[16-Aug-2026 14:37:25 Africa/Lagos] Autoload failed: Class 'Database' not found in models/ or controllers/
[16-Aug-2026 14:37:25 Africa/Lagos] PHP Warning:  Undefined array key "category_id" in C:\laragon\www\skillswap\controllers\MatchController.php on line 303
[16-Aug-2026 14:37:25 Africa/Lagos] PHP Warning:  Undefined array key "category_id" in C:\laragon\www\skillswap\controllers\MatchController.php on line 306
[16-Aug-2026 14:37:25 Africa/Lagos] PHP Warning:  Undefined array key "category_id" in C:\laragon\www\skillswap\controllers\MatchController.php on line 306
[16-Aug-2026 14:37:25 Africa/Lagos] PHP Warning:  Undefined array key "category_id" in C:\laragon\www\skillswap\controllers\MatchController.php on line 314
[16-Aug-2026 14:37:25 Africa/Lagos] PHP Warning:  Undefined array key "category_id" in C:\laragon\www\skillswap\controllers\MatchController.php on line 314
[16-Aug-2026 14:37:25 Africa/Lagos] PHP Warning:  Undefined array key "category_id" in C:\laragon\www\skillswap\controllers\MatchController.php on line 303
[16-Aug-2026 14:37:25 Africa/Lagos] PHP Warning:  Undefined array key "category_id" in C:\laragon\www\skillswap\controllers\MatchController.php on line 306
[16-Aug-2026 14:37:25 Africa/Lagos] PHP Warning:  Undefined array key "category_id" in C:\laragon\www\skillswap\controllers\MatchController.php on line 306
[16-Aug-2026 14:37:25 Africa/Lagos] PHP Warning:  Undefined array key "category_id" in C:\laragon\www\skillswap\controllers\MatchController.php on line 314
[16-Aug-2026 14:37:25 Africa/Lagos] PHP Warning:  Undefined array key "category_id" in C:\laragon\www\skillswap\controllers\MatchController.php on line 314
[16-Aug-2026 14:37:25 Africa/Lagos] PHP Warning:  Undefined array key "category_id" in C:\laragon\www\skillswap\controllers\MatchController.php on line 303
[16-Aug-2026 14:37:25 Africa/Lagos] PHP Warning:  Undefined array key "category_id" in C:\laragon\www\skillswap\controllers\MatchController.php on line 306
[16-Aug-2026 14:37:25 Africa/Lagos] PHP Warning:  Undefined array key "category_id" in C:\laragon\www\skillswap\controllers\MatchController.php on line 306
[16-Aug-2026 14:37:25 Africa/Lagos] PHP Warning:  Undefined array key "category_id" in C:\laragon\www\skillswap\controllers\MatchController.php on line 314
[16-Aug-2026 14:37:25 Africa/Lagos] PHP Warning:  Undefined array key "category_id" in C:\laragon\www\skillswap\controllers\MatchController.php on line 314
[16-Aug-2026 14:37:25 Africa/Lagos] PHP Warning:  Undefined array key "category_id" in C:\laragon\www\skillswap\controllers\MatchController.php on line 303
[16-Aug-2026 14:37:25 Africa/Lagos] PHP Warning:  Undefined array key "category_id" in C:\laragon\www\skillswap\controllers\MatchController.php on line 306
[16-Aug-2026 14:37:25 Africa/Lagos] PHP Warning:  Undefined array key "category_id" in C:\laragon\www\skillswap\controllers\MatchController.php on line 306
[16-Aug-2026 14:37:25 Africa/Lagos] PHP Warning:  Undefined array key "category_id" in C:\laragon\www\skillswap\controllers\MatchController.php on line 314
[16-Aug-2026 14:37:25 Africa/Lagos] PHP Warning:  Undefined array key "category_id" in C:\laragon\www\skillswap\controllers\MatchController.php on line 314
[16-Aug-2026 14:37:25 Africa/Lagos] PHP Warning:  Undefined array key "category_id" in C:\laragon\www\skillswap\controllers\MatchController.php on line 303
[16-Aug-2026 14:37:25 Africa/Lagos] PHP Warning:  Undefined array key "category_id" in C:\laragon\www\skillswap\controllers\MatchController.php on line 306
[16-Aug-2026 14:37:25 Africa/Lagos] PHP Warning:  Undefined array key "category_id" in C:\laragon\www\skillswap\controllers\MatchController.php on line 306
[16-Aug-2026 14:37:25 Africa/Lagos] PHP Warning:  Undefined array key "category_id" in C:\laragon\www\skillswap\controllers\MatchController.php on line 314
[16-Aug-2026 14:37:25 Africa/Lagos] PHP Warning:  Undefined array key "category_id" in C:\laragon\www\skillswap\controllers\MatchController.php on line 314
[16-Aug-2026 14:37:25 Africa/Lagos] PHP Warning:  Undefined array key "category_id" in C:\laragon\www\skillswap\controllers\MatchController.php on line 303
[16-Aug-2026 14:37:25 Africa/Lagos] PHP Warning:  Undefined array key "category_id" in C:\laragon\www\skillswap\controllers\MatchController.php on line 306
[16-Aug-2026 14:37:25 Africa/Lagos] PHP Warning:  Undefined array key "category_id" in C:\laragon\www\skillswap\controllers\MatchController.php on line 306
[16-Aug-2026 14:37:25 Africa/Lagos] PHP Warning:  Undefined array key "category_id" in C:\laragon\www\skillswap\controllers\MatchController.php on line 314
[16-Aug-2026 14:37:25 Africa/Lagos] PHP Warning:  Undefined array key "category_id" in C:\laragon\www\skillswap\controllers\MatchController.php on line 314
[16-Aug-2026 14:37:25 Africa/Lagos] PHP Warning:  Cannot modify header information - headers already sent by (output started at C:\laragon\www\skillswap\controllers\MatchController.php:306) in C:\laragon\www\skillswap\helpers\functions.php on line 29
[16-Aug-2026 14:37:34 Africa/Lagos] Autoload failed: Class 'Database' not found in models/ or controllers/
[16-Aug-2026 14:37:34 Africa/Lagos] Get Top Matches Error: SQLSTATE[HY093]: Invalid parameter number
[16-Aug-2026 14:37:34 Africa/Lagos] Get Recent Conversations Error: SQLSTATE[HY093]: Invalid parameter number
[16-Aug-2026 14:37:34 Africa/Lagos] Get Exchange Stats Error: SQLSTATE[HY093]: Invalid parameter number
[16-Aug-2026 14:37:34 Africa/Lagos] Autoload failed: Class 'Database' not found in models/ or controllers/
[16-Aug-2026 14:37:44 Africa/Lagos] Autoload failed: Class 'Database' not found in models/ or controllers/
[16-Aug-2026 14:37:46 Africa/Lagos] Autoload failed: Class 'Database' not found in models/ or controllers/
[16-Aug-2026 14:37:46 Africa/Lagos] PHP Fatal error:  Uncaught Error: Unknown named parameter $id in C:\laragon\www\skillswap\index.php:198
Stack trace:
#0 {main}
  thrown in C:\laragon\www\skillswap\index.php on line 198
[16-Aug-2026 14:46:48 Africa/Lagos] Autoload failed: Class 'Database' not found in models/ or controllers/
[16-Aug-2026 14:46:48 Africa/Lagos] Get Exchange For User Error: SQLSTATE[HY093]: Invalid parameter number
[16-Aug-2026 14:46:48 Africa/Lagos] Autoload failed: Class 'Database' not found in models/ or controllers/
[16-Aug-2026 14:46:48 Africa/Lagos] Get User Exchanges Error: SQLSTATE[HY093]: Invalid parameter number
[16-Aug-2026 14:46:48 Africa/Lagos] Count User Exchanges Error: SQLSTATE[HY093]: Invalid parameter number
[16-Aug-2026 14:46:48 Africa/Lagos] Get Exchange Stats Error: SQLSTATE[HY093]: Invalid parameter number
[16-Aug-2026 14:46:49 Africa/Lagos] Autoload failed: Class 'Database' not found in models/ or controllers/
[16-Aug-2026 14:46:59 Africa/Lagos] Autoload failed: Class 'Database' not found in models/ or controllers/
[16-Aug-2026 14:47:01 Africa/Lagos] Autoload failed: Class 'Database' not found in models/ or controllers/
[16-Aug-2026 14:47:01 Africa/Lagos] Get Top Matches Error: SQLSTATE[HY093]: Invalid parameter number
[16-Aug-2026 14:47:01 Africa/Lagos] Get Recent Conversations Error: SQLSTATE[HY093]: Invalid parameter number
[16-Aug-2026 14:47:01 Africa/Lagos] Get Exchange Stats Error: SQLSTATE[HY093]: Invalid parameter number
[16-Aug-2026 14:47:02 Africa/Lagos] Autoload failed: Class 'Database' not found in models/ or controllers/
[16-Aug-2026 14:47:05 Africa/Lagos] Autoload failed: Class 'Database' not found in models/ or controllers/
[16-Aug-2026 14:47:05 Africa/Lagos] Get Exchange For User Error: SQLSTATE[HY093]: Invalid parameter number
[16-Aug-2026 14:47:05 Africa/Lagos] Autoload failed: Class 'Database' not found in models/ or controllers/
[16-Aug-2026 14:47:05 Africa/Lagos] Get User Exchanges Error: SQLSTATE[HY093]: Invalid parameter number
[16-Aug-2026 14:47:05 Africa/Lagos] Count User Exchanges Error: SQLSTATE[HY093]: Invalid parameter number
[16-Aug-2026 14:47:05 Africa/Lagos] Get Exchange Stats Error: SQLSTATE[HY093]: Invalid parameter number
[16-Aug-2026 14:47:05 Africa/Lagos] Autoload failed: Class 'Database' not found in models/ or controllers/
[16-Aug-2026 14:47:16 Africa/Lagos] Autoload failed: Class 'Database' not found in models/ or controllers/
[16-Aug-2026 14:47:22 Africa/Lagos] Autoload failed: Class 'Database' not found in models/ or controllers/
[16-Aug-2026 14:47:22 Africa/Lagos] Get User Exchanges Error: SQLSTATE[HY093]: Invalid parameter number
[16-Aug-2026 14:47:22 Africa/Lagos] Count User Exchanges Error: SQLSTATE[HY093]: Invalid parameter number
[16-Aug-2026 14:47:22 Africa/Lagos] Get Exchange Stats Error: SQLSTATE[HY093]: Invalid parameter number
[16-Aug-2026 14:47:23 Africa/Lagos] Autoload failed: Class 'Database' not found in models/ or controllers/
[16-Aug-2026 14:47:30 Africa/Lagos] Autoload failed: Class 'Database' not found in models/ or controllers/
[16-Aug-2026 14:47:30 Africa/Lagos] Get Top Matches Error: SQLSTATE[HY093]: Invalid parameter number
[16-Aug-2026 14:47:30 Africa/Lagos] Get Recent Conversations Error: SQLSTATE[HY093]: Invalid parameter number
[16-Aug-2026 14:47:30 Africa/Lagos] Get Exchange Stats Error: SQLSTATE[HY093]: Invalid parameter number
[16-Aug-2026 14:47:31 Africa/Lagos] Autoload failed: Class 'Database' not found in models/ or controllers/
[16-Aug-2026 14:47:37 Africa/Lagos] Autoload failed: Class 'Database' not found in models/ or controllers/
[16-Aug-2026 14:47:37 Africa/Lagos] Get Exchange For User Error: SQLSTATE[HY093]: Invalid parameter number
[16-Aug-2026 14:47:37 Africa/Lagos] Autoload failed: Class 'Database' not found in models/ or controllers/
[16-Aug-2026 14:47:37 Africa/Lagos] Get User Exchanges Error: SQLSTATE[HY093]: Invalid parameter number
[16-Aug-2026 14:47:37 Africa/Lagos] Count User Exchanges Error: SQLSTATE[HY093]: Invalid parameter number
[16-Aug-2026 14:47:37 Africa/Lagos] Get Exchange Stats Error: SQLSTATE[HY093]: Invalid parameter number
[16-Aug-2026 14:47:37 Africa/Lagos] Autoload failed: Class 'Database' not found in models/ or controllers/
[16-Aug-2026 14:47:48 Africa/Lagos] Autoload failed: Class 'Database' not found in models/ or controllers/
[16-Aug-2026 14:47:58 Africa/Lagos] Autoload failed: Class 'Database' not found in models/ or controllers/
[16-Aug-2026 14:48:08 Africa/Lagos] Autoload failed: Class 'Database' not found in models/ or controllers/
[16-Aug-2026 14:48:18 Africa/Lagos] Autoload failed: Class 'Database' not found in models/ or controllers/
[16-Aug-2026 14:48:28 Africa/Lagos] Autoload failed: Class 'Database' not found in models/ or controllers/
[16-Aug-2026 14:48:38 Africa/Lagos] Autoload failed: Class 'Database' not found in models/ or controllers/
[16-Aug-2026 14:48:48 Africa/Lagos] Autoload failed: Class 'Database' not found in models/ or controllers/
[16-Aug-2026 14:49:11 Africa/Lagos] Autoload failed: Class 'Database' not found in models/ or controllers/
[16-Aug-2026 14:50:11 Africa/Lagos] Autoload failed: Class 'Database' not found in models/ or controllers/
[16-Aug-2026 14:51:11 Africa/Lagos] Autoload failed: Class 'Database' not found in models/ or controllers/
[16-Aug-2026 14:52:11 Africa/Lagos] Autoload failed: Class 'Database' not found in models/ or controllers/
[16-Aug-2026 14:53:11 Africa/Lagos] Autoload failed: Class 'Database' not found in models/ or controllers/
[16-Aug-2026 14:54:11 Africa/Lagos] Autoload failed: Class 'Database' not found in models/ or controllers/
[16-Aug-2026 14:55:11 Africa/Lagos] Autoload failed: Class 'Database' not found in models/ or controllers/
[16-Aug-2026 14:55:23 Africa/Lagos] Autoload failed: Class 'Database' not found in models/ or controllers/
[16-Aug-2026 14:55:27 Africa/Lagos] Autoload failed: Class 'Database' not found in models/ or controllers/
[16-Aug-2026 14:55:37 Africa/Lagos] Autoload failed: Class 'Database' not found in models/ or controllers/
[16-Aug-2026 14:55:48 Africa/Lagos] Autoload failed: Class 'Database' not found in models/ or controllers/
[16-Aug-2026 14:55:58 Africa/Lagos] Autoload failed: Class 'Database' not found in models/ or controllers/
[16-Aug-2026 14:56:08 Africa/Lagos] Autoload failed: Class 'Database' not found in models/ or controllers/
[16-Aug-2026 14:56:18 Africa/Lagos] Autoload failed: Class 'Database' not found in models/ or controllers/
[16-Aug-2026 14:56:27 Africa/Lagos] Autoload failed: Class 'Database' not found in models/ or controllers/
[16-Aug-2026 14:56:38 Africa/Lagos] Autoload failed: Class 'Database' not found in models/ or controllers/
[16-Aug-2026 14:56:48 Africa/Lagos] Autoload failed: Class 'Database' not found in models/ or controllers/
[16-Aug-2026 14:56:58 Africa/Lagos] Autoload failed: Class 'Database' not found in models/ or controllers/
[16-Aug-2026 14:57:07 Africa/Lagos] Autoload failed: Class 'Database' not found in models/ or controllers/
[16-Aug-2026 14:57:09 Africa/Lagos] Autoload failed: Class 'Database' not found in models/ or controllers/
[16-Aug-2026 14:57:09 Africa/Lagos] Get Top Matches Error: SQLSTATE[HY093]: Invalid parameter number
[16-Aug-2026 14:57:09 Africa/Lagos] Get Recent Conversations Error: SQLSTATE[HY093]: Invalid parameter number
[16-Aug-2026 14:57:09 Africa/Lagos] Get Exchange Stats Error: SQLSTATE[HY093]: Invalid parameter number
[16-Aug-2026 14:57:11 Africa/Lagos] Autoload failed: Class 'Database' not found in models/ or controllers/
[16-Aug-2026 14:57:11 Africa/Lagos] Autoload failed: Class 'Database' not found in models/ or controllers/
[16-Aug-2026 14:57:11 Africa/Lagos] Get User Exchanges Error: SQLSTATE[HY093]: Invalid parameter number
[16-Aug-2026 14:57:11 Africa/Lagos] Count User Exchanges Error: SQLSTATE[HY093]: Invalid parameter number
[16-Aug-2026 14:57:11 Africa/Lagos] Get Exchange Stats Error: SQLSTATE[HY093]: Invalid parameter number
[16-Aug-2026 14:57:12 Africa/Lagos] Autoload failed: Class 'Database' not found in models/ or controllers/
[16-Aug-2026 14:57:14 Africa/Lagos] Autoload failed: Class 'Database' not found in models/ or controllers/
[16-Aug-2026 14:57:14 Africa/Lagos] Get Top Matches Error: SQLSTATE[HY093]: Invalid parameter number
[16-Aug-2026 14:57:14 Africa/Lagos] Get Recent Conversations Error: SQLSTATE[HY093]: Invalid parameter number
[16-Aug-2026 14:57:14 Africa/Lagos] Get Exchange Stats Error: SQLSTATE[HY093]: Invalid parameter number
[16-Aug-2026 14:57:14 Africa/Lagos] Autoload failed: Class 'Database' not found in models/ or controllers/
[16-Aug-2026 14:57:21 Africa/Lagos] Autoload failed: Class 'Database' not found in models/ or controllers/
[16-Aug-2026 14:57:21 Africa/Lagos] Get User Exchanges Error: SQLSTATE[HY093]: Invalid parameter number
[16-Aug-2026 14:57:21 Africa/Lagos] Count User Exchanges Error: SQLSTATE[HY093]: Invalid parameter number
[16-Aug-2026 14:57:21 Africa/Lagos] Get Exchange Stats Error: SQLSTATE[HY093]: Invalid parameter number
[16-Aug-2026 14:57:21 Africa/Lagos] Autoload failed: Class 'Database' not found in models/ or controllers/
[16-Aug-2026 14:57:32 Africa/Lagos] Autoload failed: Class 'Database' not found in models/ or controllers/
[16-Aug-2026 14:57:42 Africa/Lagos] Autoload failed: Class 'Database' not found in models/ or controllers/
[16-Aug-2026 14:57:52 Africa/Lagos] Autoload failed: Class 'Database' not found in models/ or controllers/
[16-Aug-2026 14:58:02 Africa/Lagos] Autoload failed: Class 'Database' not found in models/ or controllers/
[16-Aug-2026 14:58:12 Africa/Lagos] Autoload failed: Class 'Database' not found in models/ or controllers/
[16-Aug-2026 14:58:17 Africa/Lagos] Autoload failed: Class 'Database' not found in models/ or controllers/
[16-Aug-2026 14:58:17 Africa/Lagos] Get Top Matches Error: SQLSTATE[HY093]: Invalid parameter number
[16-Aug-2026 14:58:17 Africa/Lagos] Get Recent Conversations Error: SQLSTATE[HY093]: Invalid parameter number
[16-Aug-2026 14:58:17 Africa/Lagos] Get Exchange Stats Error: SQLSTATE[HY093]: Invalid parameter number
[16-Aug-2026 14:58:18 Africa/Lagos] Autoload failed: Class 'Database' not found in models/ or controllers/
[16-Aug-2026 14:58:28 Africa/Lagos] Autoload failed: Class 'Database' not found in models/ or controllers/
[16-Aug-2026 14:58:38 Africa/Lagos] Autoload failed: Class 'Database' not found in models/ or controllers/
[16-Aug-2026 14:58:48 Africa/Lagos] Autoload failed: Class 'Database' not found in models/ or controllers/
[16-Aug-2026 14:58:58 Africa/Lagos] Autoload failed: Class 'Database' not found in models/ or controllers/
[16-Aug-2026 14:59:09 Africa/Lagos] Autoload failed: Class 'Database' not found in models/ or controllers/
[16-Aug-2026 14:59:19 Africa/Lagos] Autoload failed: Class 'Database' not found in models/ or controllers/
[16-Aug-2026 14:59:29 Africa/Lagos] Autoload failed: Class 'Database' not found in models/ or controllers/
[16-Aug-2026 14:59:39 Africa/Lagos] Autoload failed: Class 'Database' not found in models/ or controllers/
[16-Aug-2026 14:59:49 Africa/Lagos] Autoload failed: Class 'Database' not found in models/ or controllers/
[16-Aug-2026 15:00:11 Africa/Lagos] Autoload failed: Class 'Database' not found in models/ or controllers/
[16-Aug-2026 15:01:11 Africa/Lagos] Autoload failed: Class 'Database' not found in models/ or controllers/
[16-Aug-2026 15:02:11 Africa/Lagos] Autoload failed: Class 'Database' not found in models/ or controllers/
[16-Aug-2026 15:03:11 Africa/Lagos] Autoload failed: Class 'Database' not found in models/ or controllers/
[16-Aug-2026 15:04:11 Africa/Lagos] Autoload failed: Class 'Database' not found in models/ or controllers/
[16-Aug-2026 15:05:11 Africa/Lagos] Autoload failed: Class 'Database' not found in models/ or controllers/
[16-Aug-2026 15:06:11 Africa/Lagos] Autoload failed: Class 'Database' not found in models/ or controllers/
[16-Aug-2026 15:07:11 Africa/Lagos] Autoload failed: Class 'Database' not found in models/ or controllers/
[16-Aug-2026 15:08:11 Africa/Lagos] Autoload failed: Class 'Database' not found in models/ or controllers/
[16-Aug-2026 15:09:11 Africa/Lagos] Autoload failed: Class 'Database' not found in models/ or controllers/
[16-Aug-2026 15:10:11 Africa/Lagos] Autoload failed: Class 'Database' not found in models/ or controllers/
[16-Aug-2026 15:11:11 Africa/Lagos] Autoload failed: Class 'Database' not found in models/ or controllers/
[16-Aug-2026 15:12:11 Africa/Lagos] Autoload failed: Class 'Database' not found in models/ or controllers/
[16-Aug-2026 15:13:11 Africa/Lagos] Autoload failed: Class 'Database' not found in models/ or controllers/
[16-Aug-2026 15:14:11 Africa/Lagos] Autoload failed: Class 'Database' not found in models/ or controllers/
[16-Aug-2026 15:15:11 Africa/Lagos] Autoload failed: Class 'Database' not found in models/ or controllers/
[16-Aug-2026 15:16:11 Africa/Lagos] Autoload failed: Class 'Database' not found in models/ or controllers/
[16-Aug-2026 15:17:11 Africa/Lagos] Autoload failed: Class 'Database' not found in models/ or controllers/
[16-Aug-2026 15:18:11 Africa/Lagos] Autoload failed: Class 'Database' not found in models/ or controllers/
[16-Aug-2026 15:19:11 Africa/Lagos] Autoload failed: Class 'Database' not found in models/ or controllers/
[16-Aug-2026 15:20:11 Africa/Lagos] Autoload failed: Class 'Database' not found in models/ or controllers/
[16-Aug-2026 15:21:11 Africa/Lagos] Autoload failed: Class 'Database' not found in models/ or controllers/
[16-Aug-2026 15:22:11 Africa/Lagos] Autoload failed: Class 'Database' not found in models/ or controllers/
[16-Aug-2026 15:23:11 Africa/Lagos] Autoload failed: Class 'Database' not found in models/ or controllers/
[16-Aug-2026 15:24:11 Africa/Lagos] Autoload failed: Class 'Database' not found in models/ or controllers/
[16-Aug-2026 15:25:11 Africa/Lagos] Autoload failed: Class 'Database' not found in models/ or controllers/
[16-Aug-2026 15:26:11 Africa/Lagos] Autoload failed: Class 'Database' not found in models/ or controllers/
[16-Aug-2026 15:27:11 Africa/Lagos] Autoload failed: Class 'Database' not found in models/ or controllers/
[16-Aug-2026 15:28:11 Africa/Lagos] Autoload failed: Class 'Database' not found in models/ or controllers/
[16-Aug-2026 15:28:31 Africa/Lagos] Autoload failed: Class 'Database' not found in models/ or controllers/
[16-Aug-2026 15:28:33 Africa/Lagos] Autoload failed: Class 'Database' not found in models/ or controllers/
[16-Aug-2026 15:28:33 Africa/Lagos] Get Top Matches Error: SQLSTATE[HY093]: Invalid parameter number
[16-Aug-2026 15:28:33 Africa/Lagos] Get Recent Conversations Error: SQLSTATE[HY093]: Invalid parameter number
[16-Aug-2026 15:28:33 Africa/Lagos] Get Exchange Stats Error: SQLSTATE[HY093]: Invalid parameter number
[16-Aug-2026 15:28:34 Africa/Lagos] Autoload failed: Class 'Database' not found in models/ or controllers/
[16-Aug-2026 15:28:44 Africa/Lagos] Autoload failed: Class 'Database' not found in models/ or controllers/
[16-Aug-2026 15:28:51 Africa/Lagos] Autoload failed: Class 'Database' not found in models/ or controllers/
[16-Aug-2026 15:28:51 Africa/Lagos] Get Exchange For User Error: SQLSTATE[HY093]: Invalid parameter number
[16-Aug-2026 15:28:51 Africa/Lagos] Autoload failed: Class 'Database' not found in models/ or controllers/
[16-Aug-2026 15:28:51 Africa/Lagos] Get User Exchanges Error: SQLSTATE[HY093]: Invalid parameter number
[16-Aug-2026 15:28:51 Africa/Lagos] Count User Exchanges Error: SQLSTATE[HY093]: Invalid parameter number
[16-Aug-2026 15:28:51 Africa/Lagos] Get Exchange Stats Error: SQLSTATE[HY093]: Invalid parameter number
[16-Aug-2026 15:28:51 Africa/Lagos] Autoload failed: Class 'Database' not found in models/ or controllers/
[16-Aug-2026 15:28:54 Africa/Lagos] Autoload failed: Class 'Database' not found in models/ or controllers/
[16-Aug-2026 15:28:54 Africa/Lagos] Get Top Matches Error: SQLSTATE[HY093]: Invalid parameter number
[16-Aug-2026 15:28:54 Africa/Lagos] Get Recent Conversations Error: SQLSTATE[HY093]: Invalid parameter number
[16-Aug-2026 15:28:54 Africa/Lagos] Get Exchange Stats Error: SQLSTATE[HY093]: Invalid parameter number
[16-Aug-2026 15:28:54 Africa/Lagos] Autoload failed: Class 'Database' not found in models/ or controllers/
[16-Aug-2026 15:29:04 Africa/Lagos] Autoload failed: Class 'Database' not found in models/ or controllers/
[16-Aug-2026 15:29:14 Africa/Lagos] Autoload failed: Class 'Database' not found in models/ or controllers/
[16-Aug-2026 15:29:24 Africa/Lagos] Autoload failed: Class 'Database' not found in models/ or controllers/
[16-Aug-2026 15:29:35 Africa/Lagos] Autoload failed: Class 'Database' not found in models/ or controllers/
[16-Aug-2026 15:29:45 Africa/Lagos] Autoload failed: Class 'Database' not found in models/ or controllers/
[16-Aug-2026 15:29:55 Africa/Lagos] Autoload failed: Class 'Database' not found in models/ or controllers/
[16-Aug-2026 15:30:05 Africa/Lagos] Autoload failed: Class 'Database' not found in models/ or controllers/
[16-Aug-2026 15:30:15 Africa/Lagos] Autoload failed: Class 'Database' not found in models/ or controllers/
[16-Aug-2026 15:30:25 Africa/Lagos] Autoload failed: Class 'Database' not found in models/ or controllers/
[16-Aug-2026 15:30:35 Africa/Lagos] Autoload failed: Class 'Database' not found in models/ or controllers/
[16-Aug-2026 15:31:11 Africa/Lagos] Autoload failed: Class 'Database' not found in models/ or controllers/
[16-Aug-2026 15:32:11 Africa/Lagos] Autoload failed: Class 'Database' not found in models/ or controllers/
[16-Aug-2026 15:33:11 Africa/Lagos] Autoload failed: Class 'Database' not found in models/ or controllers/
[16-Aug-2026 15:34:11 Africa/Lagos] Autoload failed: Class 'Database' not found in models/ or controllers/
[16-Aug-2026 15:35:11 Africa/Lagos] Autoload failed: Class 'Database' not found in models/ or controllers/
[16-Aug-2026 15:36:11 Africa/Lagos] Autoload failed: Class 'Database' not found in models/ or controllers/
[16-Aug-2026 15:37:11 Africa/Lagos] Autoload failed: Class 'Database' not found in models/ or controllers/
[16-Aug-2026 15:38:11 Africa/Lagos] Autoload failed: Class 'Database' not found in models/ or controllers/
[16-Aug-2026 15:39:11 Africa/Lagos] Autoload failed: Class 'Database' not found in models/ or controllers/
[16-Aug-2026 15:40:11 Africa/Lagos] Autoload failed: Class 'Database' not found in models/ or controllers/
[16-Aug-2026 15:41:11 Africa/Lagos] Autoload failed: Class 'Database' not found in models/ or controllers/
[16-Aug-2026 15:42:11 Africa/Lagos] Autoload failed: Class 'Database' not found in models/ or controllers/
[16-Aug-2026 15:43:11 Africa/Lagos] Autoload failed: Class 'Database' not found in models/ or controllers/
[16-Aug-2026 15:44:11 Africa/Lagos] Autoload failed: Class 'Database' not found in models/ or controllers/
[16-Aug-2026 15:45:11 Africa/Lagos] Autoload failed: Class 'Database' not found in models/ or controllers/
[16-Aug-2026 15:46:11 Africa/Lagos] Autoload failed: Class 'Database' not found in models/ or controllers/
[16-Aug-2026 15:47:11 Africa/Lagos] Autoload failed: Class 'Database' not found in models/ or controllers/
[16-Aug-2026 15:48:11 Africa/Lagos] Autoload failed: Class 'Database' not found in models/ or controllers/
[16-Aug-2026 15:49:11 Africa/Lagos] Autoload failed: Class 'Database' not found in models/ or controllers/
[16-Aug-2026 15:50:11 Africa/Lagos] Autoload failed: Class 'Database' not found in models/ or controllers/
[16-Aug-2026 15:51:11 Africa/Lagos] Autoload failed: Class 'Database' not found in models/ or controllers/
[16-Aug-2026 15:52:11 Africa/Lagos] Autoload failed: Class 'Database' not found in models/ or controllers/
[16-Aug-2026 15:53:11 Africa/Lagos] Autoload failed: Class 'Database' not found in models/ or controllers/
[16-Aug-2026 15:54:11 Africa/Lagos] Autoload failed: Class 'Database' not found in models/ or controllers/
[16-Aug-2026 15:55:11 Africa/Lagos] Autoload failed: Class 'Database' not found in models/ or controllers/
[16-Aug-2026 15:56:11 Africa/Lagos] Autoload failed: Class 'Database' not found in models/ or controllers/
[16-Aug-2026 15:57:11 Africa/Lagos] Autoload failed: Class 'Database' not found in models/ or controllers/
[16-Aug-2026 15:58:11 Africa/Lagos] Autoload failed: Class 'Database' not found in models/ or controllers/
[16-Aug-2026 15:59:11 Africa/Lagos] Autoload failed: Class 'Database' not found in models/ or controllers/
[16-Aug-2026 16:00:11 Africa/Lagos] Autoload failed: Class 'Database' not found in models/ or controllers/
[16-Aug-2026 16:01:11 Africa/Lagos] Autoload failed: Class 'Database' not found in models/ or controllers/
[16-Aug-2026 16:02:11 Africa/Lagos] Autoload failed: Class 'Database' not found in models/ or controllers/
[16-Aug-2026 16:03:11 Africa/Lagos] Autoload failed: Class 'Database' not found in models/ or controllers/
[16-Aug-2026 16:04:11 Africa/Lagos] Autoload failed: Class 'Database' not found in models/ or controllers/
[16-Aug-2026 16:05:11 Africa/Lagos] Autoload failed: Class 'Database' not found in models/ or controllers/
[16-Aug-2026 16:06:11 Africa/Lagos] Autoload failed: Class 'Database' not found in models/ or controllers/
[16-Aug-2026 16:07:11 Africa/Lagos] Autoload failed: Class 'Database' not found in models/ or controllers/
[16-Aug-2026 16:08:11 Africa/Lagos] Autoload failed: Class 'Database' not found in models/ or controllers/
[16-Aug-2026 16:09:11 Africa/Lagos] Autoload failed: Class 'Database' not found in models/ or controllers/
[16-Aug-2026 16:10:11 Africa/Lagos] Autoload failed: Class 'Database' not found in models/ or controllers/
[16-Aug-2026 16:11:11 Africa/Lagos] Autoload failed: Class 'Database' not found in models/ or controllers/
[16-Aug-2026 16:12:11 Africa/Lagos] Autoload failed: Class 'Database' not found in models/ or controllers/
[16-Aug-2026 16:13:11 Africa/Lagos] Autoload failed: Class 'Database' not found in models/ or controllers/
[16-Aug-2026 16:14:11 Africa/Lagos] Autoload failed: Class 'Database' not found in models/ or controllers/
[16-Aug-2026 16:15:11 Africa/Lagos] Autoload failed: Class 'Database' not found in models/ or controllers/
[16-Aug-2026 16:16:11 Africa/Lagos] Autoload failed: Class 'Database' not found in models/ or controllers/
[16-Aug-2026 16:17:11 Africa/Lagos] Autoload failed: Class 'Database' not found in models/ or controllers/
[16-Aug-2026 16:18:11 Africa/Lagos] Autoload failed: Class 'Database' not found in models/ or controllers/
[16-Aug-2026 16:19:11 Africa/Lagos] Autoload failed: Class 'Database' not found in models/ or controllers/
[16-Aug-2026 16:20:11 Africa/Lagos] Autoload failed: Class 'Database' not found in models/ or controllers/
[16-Aug-2026 16:21:11 Africa/Lagos] Autoload failed: Class 'Database' not found in models/ or controllers/
[16-Aug-2026 16:22:11 Africa/Lagos] Autoload failed: Class 'Database' not found in models/ or controllers/
[16-Aug-2026 16:23:11 Africa/Lagos] Autoload failed: Class 'Database' not found in models/ or controllers/
[16-Aug-2026 16:24:11 Africa/Lagos] Autoload failed: Class 'Database' not found in models/ or controllers/
[16-Aug-2026 16:25:11 Africa/Lagos] Autoload failed: Class 'Database' not found in models/ or controllers/
[16-Aug-2026 16:26:11 Africa/Lagos] Autoload failed: Class 'Database' not found in models/ or controllers/
[16-Aug-2026 16:27:11 Africa/Lagos] Autoload failed: Class 'Database' not found in models/ or controllers/
[16-Aug-2026 16:28:11 Africa/Lagos] Autoload failed: Class 'Database' not found in models/ or controllers/
[16-Aug-2026 16:29:11 Africa/Lagos] Autoload failed: Class 'Database' not found in models/ or controllers/
[16-Aug-2026 16:30:11 Africa/Lagos] Autoload failed: Class 'Database' not found in models/ or controllers/
[16-Aug-2026 16:31:11 Africa/Lagos] Autoload failed: Class 'Database' not found in models/ or controllers/
[16-Aug-2026 16:32:11 Africa/Lagos] Autoload failed: Class 'Database' not found in models/ or controllers/
[16-Aug-2026 16:33:11 Africa/Lagos] Autoload failed: Class 'Database' not found in models/ or controllers/
[16-Aug-2026 16:34:11 Africa/Lagos] Autoload failed: Class 'Database' not found in models/ or controllers/
[16-Aug-2026 16:35:11 Africa/Lagos] Autoload failed: Class 'Database' not found in models/ or controllers/
[16-Aug-2026 16:36:11 Africa/Lagos] Autoload failed: Class 'Database' not found in models/ or controllers/
[16-Aug-2026 16:37:11 Africa/Lagos] Autoload failed: Class 'Database' not found in models/ or controllers/
[16-Aug-2026 16:38:11 Africa/Lagos] Autoload failed: Class 'Database' not found in models/ or controllers/
[16-Aug-2026 16:39:11 Africa/Lagos] Autoload failed: Class 'Database' not found in models/ or controllers/
[16-Aug-2026 16:40:11 Africa/Lagos] Autoload failed: Class 'Database' not found in models/ or controllers/
[16-Aug-2026 16:41:11 Africa/Lagos] Autoload failed: Class 'Database' not found in models/ or controllers/
[16-Aug-2026 16:42:11 Africa/Lagos] Autoload failed: Class 'Database' not found in models/ or controllers/
[16-Aug-2026 16:43:11 Africa/Lagos] Autoload failed: Class 'Database' not found in models/ or controllers/
[16-Aug-2026 16:44:11 Africa/Lagos] Autoload failed: Class 'Database' not found in models/ or controllers/
[16-Aug-2026 16:45:11 Africa/Lagos] Autoload failed: Class 'Database' not found in models/ or controllers/
[16-Aug-2026 16:46:11 Africa/Lagos] Autoload failed: Class 'Database' not found in models/ or controllers/
[16-Aug-2026 16:47:11 Africa/Lagos] Autoload failed: Class 'Database' not found in models/ or controllers/
[16-Aug-2026 16:48:11 Africa/Lagos] Autoload failed: Class 'Database' not found in models/ or controllers/
[16-Aug-2026 16:49:11 Africa/Lagos] Autoload failed: Class 'Database' not found in models/ or controllers/
[16-Aug-2026 16:50:11 Africa/Lagos] Autoload failed: Class 'Database' not found in models/ or controllers/
[16-Aug-2026 16:51:11 Africa/Lagos] Autoload failed: Class 'Database' not found in models/ or controllers/
[16-Aug-2026 16:52:11 Africa/Lagos] Autoload failed: Class 'Database' not found in models/ or controllers/
[16-Aug-2026 16:53:11 Africa/Lagos] Autoload failed: Class 'Database' not found in models/ or controllers/
[16-Aug-2026 16:54:11 Africa/Lagos] Autoload failed: Class 'Database' not found in models/ or controllers/
[16-Aug-2026 16:55:11 Africa/Lagos] Autoload failed: Class 'Database' not found in models/ or controllers/
[16-Aug-2026 16:56:11 Africa/Lagos] Autoload failed: Class 'Database' not found in models/ or controllers/
[16-Aug-2026 16:57:11 Africa/Lagos] Autoload failed: Class 'Database' not found in models/ or controllers/
[16-Aug-2026 16:58:11 Africa/Lagos] Autoload failed: Class 'Database' not found in models/ or controllers/
[16-Aug-2026 16:59:11 Africa/Lagos] Autoload failed: Class 'Database' not found in models/ or controllers/
[16-Aug-2026 17:00:11 Africa/Lagos] Autoload failed: Class 'Database' not found in models/ or controllers/
[16-Aug-2026 17:01:11 Africa/Lagos] Autoload failed: Class 'Database' not found in models/ or controllers/
[16-Aug-2026 17:02:11 Africa/Lagos] Autoload failed: Class 'Database' not found in models/ or controllers/
[16-Aug-2026 17:03:11 Africa/Lagos] Autoload failed: Class 'Database' not found in models/ or controllers/
[16-Aug-2026 17:04:11 Africa/Lagos] Autoload failed: Class 'Database' not found in models/ or controllers/
[16-Aug-2026 17:05:11 Africa/Lagos] Autoload failed: Class 'Database' not found in models/ or controllers/
[16-Aug-2026 17:06:11 Africa/Lagos] Autoload failed: Class 'Database' not found in models/ or controllers/
[16-Aug-2026 17:07:11 Africa/Lagos] Autoload failed: Class 'Database' not found in models/ or controllers/
[16-Aug-2026 17:08:11 Africa/Lagos] Autoload failed: Class 'Database' not found in models/ or controllers/
[16-Aug-2026 17:09:11 Africa/Lagos] Autoload failed: Class 'Database' not found in models/ or controllers/
[16-Aug-2026 17:09:45 Africa/Lagos] Autoload failed: Class 'Database' not found in models/ or controllers/
[16-Aug-2026 17:09:53 Africa/Lagos] Autoload failed: Class 'Database' not found in models/ or controllers/
[16-Aug-2026 17:09:53 Africa/Lagos] Get Top Matches Error: SQLSTATE[HY093]: Invalid parameter number
[16-Aug-2026 17:09:53 Africa/Lagos] Get Recent Conversations Error: SQLSTATE[HY093]: Invalid parameter number
[16-Aug-2026 17:09:53 Africa/Lagos] Get Exchange Stats Error: SQLSTATE[HY093]: Invalid parameter number
[16-Aug-2026 17:09:55 Africa/Lagos] Autoload failed: Class 'Database' not found in models/ or controllers/
[16-Aug-2026 17:10:05 Africa/Lagos] Autoload failed: Class 'Database' not found in models/ or controllers/
[16-Aug-2026 17:10:06 Africa/Lagos] Autoload failed: Class 'Database' not found in models/ or controllers/
[16-Aug-2026 17:10:06 Africa/Lagos] Get Exchange For User Error: SQLSTATE[HY093]: Invalid parameter number
[16-Aug-2026 17:10:06 Africa/Lagos] Autoload failed: Class 'Database' not found in models/ or controllers/
[16-Aug-2026 17:10:06 Africa/Lagos] Get User Exchanges Error: SQLSTATE[HY093]: Invalid parameter number
[16-Aug-2026 17:10:06 Africa/Lagos] Count User Exchanges Error: SQLSTATE[HY093]: Invalid parameter number
[16-Aug-2026 17:10:06 Africa/Lagos] Get Exchange Stats Error: SQLSTATE[HY093]: Invalid parameter number
[16-Aug-2026 17:10:06 Africa/Lagos] Autoload failed: Class 'Database' not found in models/ or controllers/
[16-Aug-2026 17:10:16 Africa/Lagos] Autoload failed: Class 'Database' not found in models/ or controllers/
[16-Aug-2026 17:10:18 Africa/Lagos] Autoload failed: Class 'Database' not found in models/ or controllers/
[16-Aug-2026 17:10:18 Africa/Lagos] Get Top Matches Error: SQLSTATE[HY093]: Invalid parameter number
[16-Aug-2026 17:10:18 Africa/Lagos] Get Recent Conversations Error: SQLSTATE[HY093]: Invalid parameter number
[16-Aug-2026 17:10:18 Africa/Lagos] Get Exchange Stats Error: SQLSTATE[HY093]: Invalid parameter number
[16-Aug-2026 17:10:18 Africa/Lagos] Autoload failed: Class 'Database' not found in models/ or controllers/
[16-Aug-2026 17:10:20 Africa/Lagos] Autoload failed: Class 'Database' not found in models/ or controllers/
[16-Aug-2026 17:10:20 Africa/Lagos] Autoload failed: Class 'Database' not found in models/ or controllers/
[16-Aug-2026 17:10:22 Africa/Lagos] Autoload failed: Class 'Database' not found in models/ or controllers/
[16-Aug-2026 17:10:22 Africa/Lagos] Get User Matches Error: SQLSTATE[HY093]: Invalid parameter number
[16-Aug-2026 17:10:22 Africa/Lagos] Count User Matches Error: SQLSTATE[HY093]: Invalid parameter number
[16-Aug-2026 17:10:23 Africa/Lagos] Autoload failed: Class 'Database' not found in models/ or controllers/
[16-Aug-2026 17:10:24 Africa/Lagos] Autoload failed: Class 'Database' not found in models/ or controllers/
[16-Aug-2026 17:10:24 Africa/Lagos] Get User Exchanges Error: SQLSTATE[HY093]: Invalid parameter number
[16-Aug-2026 17:10:24 Africa/Lagos] Count User Exchanges Error: SQLSTATE[HY093]: Invalid parameter number
[16-Aug-2026 17:10:24 Africa/Lagos] Get Exchange Stats Error: SQLSTATE[HY093]: Invalid parameter number
[16-Aug-2026 17:10:25 Africa/Lagos] Autoload failed: Class 'Database' not found in models/ or controllers/
[16-Aug-2026 17:10:25 Africa/Lagos] Autoload failed: Class 'Database' not found in models/ or controllers/
[16-Aug-2026 17:10:26 Africa/Lagos] Get Recent Conversations Error: SQLSTATE[HY093]: Invalid parameter number
[16-Aug-2026 17:10:26 Africa/Lagos] Autoload failed: Class 'Database' not found in models/ or controllers/
[16-Aug-2026 17:10:28 Africa/Lagos] Autoload failed: Class 'Database' not found in models/ or controllers/
[16-Aug-2026 17:10:28 Africa/Lagos] Get Top Matches Error: SQLSTATE[HY093]: Invalid parameter number
[16-Aug-2026 17:10:28 Africa/Lagos] Get Recent Conversations Error: SQLSTATE[HY093]: Invalid parameter number
[16-Aug-2026 17:10:28 Africa/Lagos] Get Exchange Stats Error: SQLSTATE[HY093]: Invalid parameter number
[16-Aug-2026 17:10:29 Africa/Lagos] Autoload failed: Class 'Database' not found in models/ or controllers/
[16-Aug-2026 17:10:30 Africa/Lagos] Autoload failed: Class 'Database' not found in models/ or controllers/
[16-Aug-2026 17:10:30 Africa/Lagos] Autoload failed: Class 'Database' not found in models/ or controllers/
[16-Aug-2026 17:10:31 Africa/Lagos] Autoload failed: Class 'Database' not found in models/ or controllers/
[16-Aug-2026 17:10:31 Africa/Lagos] Get User Matches Error: SQLSTATE[HY093]: Invalid parameter number
[16-Aug-2026 17:10:31 Africa/Lagos] Count User Matches Error: SQLSTATE[HY093]: Invalid parameter number
[16-Aug-2026 17:10:31 Africa/Lagos] Autoload failed: Class 'Database' not found in models/ or controllers/
[16-Aug-2026 17:10:34 Africa/Lagos] Autoload failed: Class 'Database' not found in models/ or controllers/
[16-Aug-2026 17:10:34 Africa/Lagos] Get User Exchanges Error: SQLSTATE[HY093]: Invalid parameter number
[16-Aug-2026 17:10:34 Africa/Lagos] Count User Exchanges Error: SQLSTATE[HY093]: Invalid parameter number
[16-Aug-2026 17:10:34 Africa/Lagos] Get Exchange Stats Error: SQLSTATE[HY093]: Invalid parameter number
[16-Aug-2026 17:10:35 Africa/Lagos] Autoload failed: Class 'Database' not found in models/ or controllers/
[16-Aug-2026 17:10:38 Africa/Lagos] Autoload failed: Class 'Database' not found in models/ or controllers/
[16-Aug-2026 17:10:38 Africa/Lagos] Get Exchange History Error: SQLSTATE[HY093]: Invalid parameter number
[16-Aug-2026 17:10:38 Africa/Lagos] Autoload failed: Class 'Database' not found in models/ or controllers/
[16-Aug-2026 17:10:40 Africa/Lagos] Autoload failed: Class 'Database' not found in models/ or controllers/
[16-Aug-2026 17:10:40 Africa/Lagos] Get User Matches Error: SQLSTATE[HY093]: Invalid parameter number
[16-Aug-2026 17:10:40 Africa/Lagos] Count User Matches Error: SQLSTATE[HY093]: Invalid parameter number
[16-Aug-2026 17:10:40 Africa/Lagos] Autoload failed: Class 'Database' not found in models/ or controllers/
[16-Aug-2026 17:10:48 Africa/Lagos] Autoload failed: Class 'Database' not found in models/ or controllers/
[16-Aug-2026 17:10:48 Africa/Lagos] Autoload failed: Class 'Database' not found in models/ or controllers/
[16-Aug-2026 17:10:48 Africa/Lagos] Autoload failed: Class 'Database' not found in models/ or controllers/
[16-Aug-2026 17:10:48 Africa/Lagos] Get User Exchanges Error: SQLSTATE[HY093]: Invalid parameter number
[16-Aug-2026 17:10:48 Africa/Lagos] Count User Exchanges Error: SQLSTATE[HY093]: Invalid parameter number
[16-Aug-2026 17:10:48 Africa/Lagos] Get Exchange Stats Error: SQLSTATE[HY093]: Invalid parameter number
[16-Aug-2026 17:10:49 Africa/Lagos] Autoload failed: Class 'Database' not found in models/ or controllers/
[16-Aug-2026 17:10:50 Africa/Lagos] Autoload failed: Class 'Database' not found in models/ or controllers/
[16-Aug-2026 17:10:50 Africa/Lagos] Get Recent Conversations Error: SQLSTATE[HY093]: Invalid parameter number
[16-Aug-2026 17:10:50 Africa/Lagos] Autoload failed: Class 'Database' not found in models/ or controllers/
[16-Aug-2026 17:11:00 Africa/Lagos] Autoload failed: Class 'Database' not found in models/ or controllers/
[16-Aug-2026 17:11:10 Africa/Lagos] Autoload failed: Class 'Database' not found in models/ or controllers/
[16-Aug-2026 17:11:18 Africa/Lagos] Autoload failed: Class 'Database' not found in models/ or controllers/
[16-Aug-2026 17:11:18 Africa/Lagos] Get Recent Conversations Error: SQLSTATE[HY093]: Invalid parameter number
[16-Aug-2026 17:11:18 Africa/Lagos] Autoload failed: Class 'Database' not found in models/ or controllers/
[16-Aug-2026 17:11:28 Africa/Lagos] Autoload failed: Class 'Database' not found in models/ or controllers/
[16-Aug-2026 17:11:38 Africa/Lagos] Autoload failed: Class 'Database' not found in models/ or controllers/
[16-Aug-2026 17:11:48 Africa/Lagos] Autoload failed: Class 'Database' not found in models/ or controllers/
[16-Aug-2026 17:11:55 Africa/Lagos] Autoload failed: Class 'Database' not found in models/ or controllers/
[16-Aug-2026 17:11:55 Africa/Lagos] Get Recent Conversations Error: SQLSTATE[HY093]: Invalid parameter number
[16-Aug-2026 17:11:56 Africa/Lagos] Autoload failed: Class 'Database' not found in models/ or controllers/
[16-Aug-2026 17:11:58 Africa/Lagos] Autoload failed: Class 'Database' not found in models/ or controllers/
[16-Aug-2026 17:11:58 Africa/Lagos] Get Top Matches Error: SQLSTATE[HY093]: Invalid parameter number
[16-Aug-2026 17:11:58 Africa/Lagos] Get Recent Conversations Error: SQLSTATE[HY093]: Invalid parameter number
[16-Aug-2026 17:11:58 Africa/Lagos] Get Exchange Stats Error: SQLSTATE[HY093]: Invalid parameter number
[16-Aug-2026 17:11:58 Africa/Lagos] Autoload failed: Class 'Database' not found in models/ or controllers/
[16-Aug-2026 17:12:06 Africa/Lagos] Autoload failed: Class 'Database' not found in models/ or controllers/
[16-Aug-2026 17:12:06 Africa/Lagos] Get Exchange For User Error: SQLSTATE[HY093]: Invalid parameter number
[16-Aug-2026 17:12:06 Africa/Lagos] Autoload failed: Class 'Database' not found in models/ or controllers/
[16-Aug-2026 17:12:06 Africa/Lagos] Get User Exchanges Error: SQLSTATE[HY093]: Invalid parameter number
[16-Aug-2026 17:12:06 Africa/Lagos] Count User Exchanges Error: SQLSTATE[HY093]: Invalid parameter number
[16-Aug-2026 17:12:06 Africa/Lagos] Get Exchange Stats Error: SQLSTATE[HY093]: Invalid parameter number
[16-Aug-2026 17:12:06 Africa/Lagos] Autoload failed: Class 'Database' not found in models/ or controllers/
[16-Aug-2026 17:12:17 Africa/Lagos] Autoload failed: Class 'Database' not found in models/ or controllers/
[16-Aug-2026 17:12:27 Africa/Lagos] Autoload failed: Class 'Database' not found in models/ or controllers/
[16-Aug-2026 17:12:37 Africa/Lagos] Autoload failed: Class 'Database' not found in models/ or controllers/
[16-Aug-2026 17:12:47 Africa/Lagos] Autoload failed: Class 'Database' not found in models/ or controllers/
[16-Aug-2026 17:12:57 Africa/Lagos] Autoload failed: Class 'Database' not found in models/ or controllers/
[16-Aug-2026 17:13:07 Africa/Lagos] Autoload failed: Class 'Database' not found in models/ or controllers/
[16-Aug-2026 17:13:13 Africa/Lagos] Autoload failed: Class 'Database' not found in models/ or controllers/
[16-Aug-2026 17:13:13 Africa/Lagos] Get User Exchanges Error: SQLSTATE[HY093]: Invalid parameter number
[16-Aug-2026 17:13:13 Africa/Lagos] Count User Exchanges Error: SQLSTATE[HY093]: Invalid parameter number
[16-Aug-2026 17:13:13 Africa/Lagos] Get Exchange Stats Error: SQLSTATE[HY093]: Invalid parameter number
[16-Aug-2026 17:13:13 Africa/Lagos] Autoload failed: Class 'Database' not found in models/ or controllers/
[16-Aug-2026 17:13:17 Africa/Lagos] Autoload failed: Class 'Database' not found in models/ or controllers/
[16-Aug-2026 17:13:17 Africa/Lagos] Autoload failed: Class 'Database' not found in models/ or controllers/
[16-Aug-2026 17:13:51 Africa/Lagos] Autoload failed: Class 'Database' not found in models/ or controllers/
[16-Aug-2026 17:13:51 Africa/Lagos] Autoload failed: Class 'Database' not found in models/ or controllers/
[16-Aug-2026 17:13:51 Africa/Lagos] Get Top Matches Error: SQLSTATE[HY093]: Invalid parameter number
[16-Aug-2026 17:13:51 Africa/Lagos] Get Recent Conversations Error: SQLSTATE[HY093]: Invalid parameter number
[16-Aug-2026 17:13:51 Africa/Lagos] Get Exchange Stats Error: SQLSTATE[HY093]: Invalid parameter number
[16-Aug-2026 17:13:51 Africa/Lagos] Autoload failed: Class 'Database' not found in models/ or controllers/
[16-Aug-2026 17:14:01 Africa/Lagos] Autoload failed: Class 'Database' not found in models/ or controllers/
[16-Aug-2026 17:14:11 Africa/Lagos] Autoload failed: Class 'Database' not found in models/ or controllers/
[16-Aug-2026 17:14:15 Africa/Lagos] Autoload failed: Class 'Database' not found in models/ or controllers/
[16-Aug-2026 17:14:16 Africa/Lagos] Autoload failed: Class 'Database' not found in models/ or controllers/
[16-Aug-2026 17:14:26 Africa/Lagos] Autoload failed: Class 'Database' not found in models/ or controllers/
[16-Aug-2026 17:14:31 Africa/Lagos] Autoload failed: Class 'Database' not found in models/ or controllers/
[16-Aug-2026 17:14:32 Africa/Lagos] PHP Fatal error:  Uncaught Error: Call to undefined function getAvatarUrl() in C:\laragon\www\skillswap\views\reviews\index.php:95
Stack trace:
#0 C:\laragon\www\skillswap\controllers\ReviewController.php(79): require_once()
#1 C:\laragon\www\skillswap\index.php(201): ReviewController->index()
#2 {main}
  thrown in C:\laragon\www\skillswap\views\reviews\index.php on line 95
[16-Aug-2026 17:14:44 Africa/Lagos] Autoload failed: Class 'Database' not found in models/ or controllers/
[16-Aug-2026 17:14:44 Africa/Lagos] Get Top Matches Error: SQLSTATE[HY093]: Invalid parameter number
[16-Aug-2026 17:14:44 Africa/Lagos] Get Recent Conversations Error: SQLSTATE[HY093]: Invalid parameter number
[16-Aug-2026 17:14:44 Africa/Lagos] Get Exchange Stats Error: SQLSTATE[HY093]: Invalid parameter number
[16-Aug-2026 17:14:44 Africa/Lagos] Autoload failed: Class 'Database' not found in models/ or controllers/
[16-Aug-2026 17:14:47 Africa/Lagos] Autoload failed: Class 'Database' not found in models/ or controllers/
[16-Aug-2026 17:14:47 Africa/Lagos] Autoload failed: Class 'Database' not found in models/ or controllers/
[16-Aug-2026 17:14:56 Africa/Lagos] Autoload failed: Class 'Database' not found in models/ or controllers/
[16-Aug-2026 17:14:56 Africa/Lagos] Autoload failed: Class 'Database' not found in models/ or controllers/
[16-Aug-2026 17:15:03 Africa/Lagos] Autoload failed: Class 'Database' not found in models/ or controllers/
[16-Aug-2026 17:15:06 Africa/Lagos] Autoload failed: Class 'Database' not found in models/ or controllers/
[16-Aug-2026 17:15:14 Africa/Lagos] Autoload failed: Class 'Database' not found in models/ or controllers/
[16-Aug-2026 17:15:14 Africa/Lagos] Autoload failed: Class 'Database' not found in models/ or controllers/
[16-Aug-2026 17:15:14 Africa/Lagos] Autoload failed: Class 'Database' not found in models/ or controllers/
[16-Aug-2026 17:15:21 Africa/Lagos] Autoload failed: Class 'Database' not found in models/ or controllers/
[16-Aug-2026 17:15:21 Africa/Lagos] Autoload failed: Class 'Database' not found in models/ or controllers/
[16-Aug-2026 17:15:28 Africa/Lagos] Autoload failed: Class 'Database' not found in models/ or controllers/
[16-Aug-2026 17:15:28 Africa/Lagos] Autoload failed: Class 'Database' not found in models/ or controllers/
[16-Aug-2026 17:15:34 Africa/Lagos] Autoload failed: Class 'Database' not found in models/ or controllers/
[16-Aug-2026 17:15:34 Africa/Lagos] Autoload failed: Class 'Database' not found in models/ or controllers/
[16-Aug-2026 17:15:37 Africa/Lagos] Autoload failed: Class 'Database' not found in models/ or controllers/
[16-Aug-2026 17:15:38 Africa/Lagos] Autoload failed: Class 'Database' not found in models/ or controllers/
[16-Aug-2026 17:15:39 Africa/Lagos] Autoload failed: Class 'Database' not found in models/ or controllers/
[16-Aug-2026 17:15:39 Africa/Lagos] Autoload failed: Class 'Database' not found in models/ or controllers/
[16-Aug-2026 17:15:42 Africa/Lagos] Autoload failed: Class 'Database' not found in models/ or controllers/
[16-Aug-2026 17:15:42 Africa/Lagos] Autoload failed: Class 'Database' not found in models/ or controllers/
[16-Aug-2026 17:15:48 Africa/Lagos] Autoload failed: Class 'Database' not found in models/ or controllers/
[16-Aug-2026 17:15:48 Africa/Lagos] Autoload failed: Class 'Database' not found in models/ or controllers/
[16-Aug-2026 17:15:50 Africa/Lagos] Autoload failed: Class 'Database' not found in models/ or controllers/
[16-Aug-2026 17:15:58 Africa/Lagos] Autoload failed: Class 'Database' not found in models/ or controllers/
[16-Aug-2026 17:16:03 Africa/Lagos] Autoload failed: Class 'Database' not found in models/ or controllers/
[16-Aug-2026 17:16:03 Africa/Lagos] Autoload failed: Class 'Database' not found in models/ or controllers/
[16-Aug-2026 17:16:03 Africa/Lagos] Autoload failed: Class 'Database' not found in models/ or controllers/
[16-Aug-2026 17:16:11 Africa/Lagos] Autoload failed: Class 'Database' not found in models/ or controllers/
[16-Aug-2026 17:16:11 Africa/Lagos] Autoload failed: Class 'Database' not found in models/ or controllers/
[16-Aug-2026 17:16:16 Africa/Lagos] Autoload failed: Class 'Database' not found in models/ or controllers/
[16-Aug-2026 17:16:16 Africa/Lagos] Autoload failed: Class 'Database' not found in models/ or controllers/
[16-Aug-2026 17:16:21 Africa/Lagos] Autoload failed: Class 'Database' not found in models/ or controllers/
[16-Aug-2026 17:16:21 Africa/Lagos] Autoload failed: Class 'Database' not found in models/ or controllers/
[16-Aug-2026 17:16:21 Africa/Lagos] Autoload failed: Class 'Database' not found in models/ or controllers/
[16-Aug-2026 17:16:24 Africa/Lagos] Autoload failed: Class 'Database' not found in models/ or controllers/
[16-Aug-2026 17:16:24 Africa/Lagos] Get Top Matches Error: SQLSTATE[HY093]: Invalid parameter number
[16-Aug-2026 17:16:24 Africa/Lagos] Get Recent Conversations Error: SQLSTATE[HY093]: Invalid parameter number
[16-Aug-2026 17:16:24 Africa/Lagos] Get Exchange Stats Error: SQLSTATE[HY093]: Invalid parameter number
[16-Aug-2026 17:16:24 Africa/Lagos] Autoload failed: Class 'Database' not found in models/ or controllers/
[16-Aug-2026 17:16:34 Africa/Lagos] Autoload failed: Class 'Database' not found in models/ or controllers/
[16-Aug-2026 17:16:44 Africa/Lagos] Autoload failed: Class 'Database' not found in models/ or controllers/
[16-Aug-2026 17:16:54 Africa/Lagos] Autoload failed: Class 'Database' not found in models/ or controllers/
[16-Aug-2026 17:17:01 Africa/Lagos] Autoload failed: Class 'Database' not found in models/ or controllers/
[16-Aug-2026 17:17:01 Africa/Lagos] Get Recent Conversations Error: SQLSTATE[HY093]: Invalid parameter number
[16-Aug-2026 17:17:01 Africa/Lagos] Autoload failed: Class 'Database' not found in models/ or controllers/
[16-Aug-2026 17:17:10 Africa/Lagos] Autoload failed: Class 'Database' not found in models/ or controllers/
[16-Aug-2026 17:17:10 Africa/Lagos] Get User Matches Error: SQLSTATE[HY093]: Invalid parameter number
[16-Aug-2026 17:17:10 Africa/Lagos] Count User Matches Error: SQLSTATE[HY093]: Invalid parameter number
[16-Aug-2026 17:17:11 Africa/Lagos] Autoload failed: Class 'Database' not found in models/ or controllers/
[16-Aug-2026 17:17:13 Africa/Lagos] Autoload failed: Class 'Database' not found in models/ or controllers/
[16-Aug-2026 17:17:13 Africa/Lagos] Get Top Matches Error: SQLSTATE[HY093]: Invalid parameter number
[16-Aug-2026 17:17:13 Africa/Lagos] Get Recent Conversations Error: SQLSTATE[HY093]: Invalid parameter number
[16-Aug-2026 17:17:13 Africa/Lagos] Get Exchange Stats Error: SQLSTATE[HY093]: Invalid parameter number
[16-Aug-2026 17:17:13 Africa/Lagos] Autoload failed: Class 'Database' not found in models/ or controllers/
[16-Aug-2026 17:17:17 Africa/Lagos] Autoload failed: Class 'Database' not found in models/ or controllers/
[16-Aug-2026 17:17:17 Africa/Lagos] Autoload failed: Class 'Database' not found in models/ or controllers/
[16-Aug-2026 17:17:21 Africa/Lagos] Autoload failed: Class 'Database' not found in models/ or controllers/
[16-Aug-2026 17:17:21 Africa/Lagos] Get Top Matches Error: SQLSTATE[HY093]: Invalid parameter number
[16-Aug-2026 17:17:21 Africa/Lagos] Get Recent Conversations Error: SQLSTATE[HY093]: Invalid parameter number
[16-Aug-2026 17:17:21 Africa/Lagos] Get Exchange Stats Error: SQLSTATE[HY093]: Invalid parameter number
[16-Aug-2026 17:17:21 Africa/Lagos] Autoload failed: Class 'Database' not found in models/ or controllers/
[16-Aug-2026 17:17:23 Africa/Lagos] Autoload failed: Class 'Database' not found in models/ or controllers/
[16-Aug-2026 17:17:23 Africa/Lagos] Autoload failed: Class 'Database' not found in models/ or controllers/
[16-Aug-2026 17:17:25 Africa/Lagos] Autoload failed: Class 'Database' not found in models/ or controllers/
[16-Aug-2026 17:17:25 Africa/Lagos] Get Top Matches Error: SQLSTATE[HY093]: Invalid parameter number
[16-Aug-2026 17:17:25 Africa/Lagos] Get Recent Conversations Error: SQLSTATE[HY093]: Invalid parameter number
[16-Aug-2026 17:17:25 Africa/Lagos] Get Exchange Stats Error: SQLSTATE[HY093]: Invalid parameter number
[16-Aug-2026 17:17:26 Africa/Lagos] Autoload failed: Class 'Database' not found in models/ or controllers/
[16-Aug-2026 17:17:27 Africa/Lagos] Autoload failed: Class 'Database' not found in models/ or controllers/
[16-Aug-2026 17:17:28 Africa/Lagos] Autoload failed: Class 'Database' not found in models/ or controllers/
[16-Aug-2026 17:17:32 Africa/Lagos] Autoload failed: Class 'Database' not found in models/ or controllers/
[16-Aug-2026 17:17:33 Africa/Lagos] Autoload failed: Class 'Database' not found in models/ or controllers/
[16-Aug-2026 17:17:38 Africa/Lagos] Autoload failed: Class 'Database' not found in models/ or controllers/
[16-Aug-2026 17:17:38 Africa/Lagos] Get Conversation Error: SQLSTATE[HY093]: Invalid parameter number
[16-Aug-2026 17:17:38 Africa/Lagos] PHP Fatal error:  Uncaught Error: Call to undefined function getAvatarUrl() in C:\laragon\www\skillswap\views\messages\conversation.php:79
Stack trace:
#0 C:\laragon\www\skillswap\controllers\MessageController.php(111): require_once()
#1 C:\laragon\www\skillswap\index.php(201): MessageController->conversation('2')
#2 {main}
  thrown in C:\laragon\www\skillswap\views\messages\conversation.php on line 79
[16-Aug-2026 17:17:48 Africa/Lagos] Autoload failed: Class 'Database' not found in models/ or controllers/
[16-Aug-2026 17:17:48 Africa/Lagos] Autoload failed: Class 'Database' not found in models/ or controllers/
[16-Aug-2026 17:17:51 Africa/Lagos] Autoload failed: Class 'Database' not found in models/ or controllers/
[16-Aug-2026 17:17:52 Africa/Lagos] PHP Fatal error:  Uncaught Error: Call to undefined function getAvatarUrl() in C:\laragon\www\skillswap\views\portfolio\view.php:16
Stack trace:
#0 C:\laragon\www\skillswap\controllers\PortfolioController.php(238): require_once()
#1 C:\laragon\www\skillswap\index.php(201): PortfolioController->view('2')
#2 {main}
  thrown in C:\laragon\www\skillswap\views\portfolio\view.php on line 16
[16-Aug-2026 17:17:55 Africa/Lagos] Autoload failed: Class 'Database' not found in models/ or controllers/
[16-Aug-2026 17:17:55 Africa/Lagos] Autoload failed: Class 'Database' not found in models/ or controllers/
[16-Aug-2026 17:18:05 Africa/Lagos] Autoload failed: Class 'Database' not found in models/ or controllers/
[16-Aug-2026 17:18:08 Africa/Lagos] Autoload failed: Class 'Database' not found in models/ or controllers/
[16-Aug-2026 17:18:08 Africa/Lagos] Get Top Matches Error: SQLSTATE[HY093]: Invalid parameter number
[16-Aug-2026 17:18:08 Africa/Lagos] Get Recent Conversations Error: SQLSTATE[HY093]: Invalid parameter number
[16-Aug-2026 17:18:08 Africa/Lagos] Get Exchange Stats Error: SQLSTATE[HY093]: Invalid parameter number
[16-Aug-2026 17:18:09 Africa/Lagos] Autoload failed: Class 'Database' not found in models/ or controllers/
[16-Aug-2026 17:18:19 Africa/Lagos] Autoload failed: Class 'Database' not found in models/ or controllers/
[16-Aug-2026 17:18:26 Africa/Lagos] Autoload failed: Class 'Database' not found in models/ or controllers/
[16-Aug-2026 17:18:26 Africa/Lagos] Get Top Matches Error: SQLSTATE[HY093]: Invalid parameter number
[16-Aug-2026 17:18:26 Africa/Lagos] Get Recent Conversations Error: SQLSTATE[HY093]: Invalid parameter number
[16-Aug-2026 17:18:26 Africa/Lagos] Get Exchange Stats Error: SQLSTATE[HY093]: Invalid parameter number
[16-Aug-2026 17:18:26 Africa/Lagos] Autoload failed: Class 'Database' not found in models/ or controllers/
[16-Aug-2026 17:18:27 Africa/Lagos] Autoload failed: Class 'Database' not found in models/ or controllers/
[16-Aug-2026 17:18:27 Africa/Lagos] Get User Exchanges Error: SQLSTATE[HY093]: Invalid parameter number
[16-Aug-2026 17:18:27 Africa/Lagos] Count User Exchanges Error: SQLSTATE[HY093]: Invalid parameter number
[16-Aug-2026 17:18:27 Africa/Lagos] Get Exchange Stats Error: SQLSTATE[HY093]: Invalid parameter number
[16-Aug-2026 17:18:27 Africa/Lagos] Autoload failed: Class 'Database' not found in models/ or controllers/
[16-Aug-2026 17:18:30 Africa/Lagos] Autoload failed: Class 'Database' not found in models/ or controllers/
[16-Aug-2026 17:18:30 Africa/Lagos] Get Top Matches Error: SQLSTATE[HY093]: Invalid parameter number
[16-Aug-2026 17:18:30 Africa/Lagos] Get Recent Conversations Error: SQLSTATE[HY093]: Invalid parameter number
[16-Aug-2026 17:18:30 Africa/Lagos] Get Exchange Stats Error: SQLSTATE[HY093]: Invalid parameter number
[16-Aug-2026 17:18:30 Africa/Lagos] Autoload failed: Class 'Database' not found in models/ or controllers/
[16-Aug-2026 17:18:36 Africa/Lagos] Autoload failed: Class 'Database' not found in models/ or controllers/
[16-Aug-2026 17:18:36 Africa/Lagos] PHP Fatal error:  Uncaught Error: Call to undefined function getAvatarUrl() in C:\laragon\www\skillswap\views\reviews\index.php:95
Stack trace:
#0 C:\laragon\www\skillswap\controllers\ReviewController.php(79): require_once()
#1 C:\laragon\www\skillswap\index.php(201): ReviewController->index()
#2 {main}
  thrown in C:\laragon\www\skillswap\views\reviews\index.php on line 95
[16-Aug-2026 17:18:57 Africa/Lagos] Autoload failed: Class 'Database' not found in models/ or controllers/
[16-Aug-2026 17:18:57 Africa/Lagos] Get Top Matches Error: SQLSTATE[HY093]: Invalid parameter number
[16-Aug-2026 17:18:57 Africa/Lagos] Get Recent Conversations Error: SQLSTATE[HY093]: Invalid parameter number
[16-Aug-2026 17:18:57 Africa/Lagos] Get Exchange Stats Error: SQLSTATE[HY093]: Invalid parameter number
[16-Aug-2026 17:18:58 Africa/Lagos] Autoload failed: Class 'Database' not found in models/ or controllers/
[16-Aug-2026 17:19:05 Africa/Lagos] Autoload failed: Class 'Database' not found in models/ or controllers/
[16-Aug-2026 17:19:05 Africa/Lagos] Autoload failed: Class 'Database' not found in models/ or controllers/
[16-Aug-2026 17:19:09 Africa/Lagos] Autoload failed: Class 'Database' not found in models/ or controllers/
[16-Aug-2026 17:19:09 Africa/Lagos] Get User Matches Error: SQLSTATE[HY093]: Invalid parameter number
[16-Aug-2026 17:19:09 Africa/Lagos] Count User Matches Error: SQLSTATE[HY093]: Invalid parameter number
[16-Aug-2026 17:19:10 Africa/Lagos] Autoload failed: Class 'Database' not found in models/ or controllers/
[16-Aug-2026 17:19:11 Africa/Lagos] Autoload failed: Class 'Database' not found in models/ or controllers/
[16-Aug-2026 17:19:11 Africa/Lagos] Get User Exchanges Error: SQLSTATE[HY093]: Invalid parameter number
[16-Aug-2026 17:19:11 Africa/Lagos] Count User Exchanges Error: SQLSTATE[HY093]: Invalid parameter number
[16-Aug-2026 17:19:11 Africa/Lagos] Get Exchange Stats Error: SQLSTATE[HY093]: Invalid parameter number
[16-Aug-2026 17:19:12 Africa/Lagos] Autoload failed: Class 'Database' not found in models/ or controllers/
[16-Aug-2026 17:19:16 Africa/Lagos] Autoload failed: Class 'Database' not found in models/ or controllers/
[16-Aug-2026 17:19:16 Africa/Lagos] Autoload failed: Class 'Database' not found in models/ or controllers/
[16-Aug-2026 17:19:31 Africa/Lagos] Autoload failed: Class 'Database' not found in models/ or controllers/
[16-Aug-2026 17:19:32 Africa/Lagos] Autoload failed: Class 'Database' not found in models/ or controllers/
[16-Aug-2026 17:19:32 Africa/Lagos] Get Top Matches Error: SQLSTATE[HY093]: Invalid parameter number
[16-Aug-2026 17:19:32 Africa/Lagos] Get Recent Conversations Error: SQLSTATE[HY093]: Invalid parameter number
[16-Aug-2026 17:19:32 Africa/Lagos] Get Exchange Stats Error: SQLSTATE[HY093]: Invalid parameter number
[16-Aug-2026 17:19:32 Africa/Lagos] Autoload failed: Class 'Database' not found in models/ or controllers/
[16-Aug-2026 17:19:40 Africa/Lagos] Autoload failed: Class 'Database' not found in models/ or controllers/
[16-Aug-2026 17:19:40 Africa/Lagos] Get Exchange For User Error: SQLSTATE[HY093]: Invalid parameter number
[16-Aug-2026 17:19:40 Africa/Lagos] Autoload failed: Class 'Database' not found in models/ or controllers/
[16-Aug-2026 17:19:40 Africa/Lagos] Get User Exchanges Error: SQLSTATE[HY093]: Invalid parameter number
[16-Aug-2026 17:19:40 Africa/Lagos] Count User Exchanges Error: SQLSTATE[HY093]: Invalid parameter number
[16-Aug-2026 17:19:40 Africa/Lagos] Get Exchange Stats Error: SQLSTATE[HY093]: Invalid parameter number
[16-Aug-2026 17:19:40 Africa/Lagos] Autoload failed: Class 'Database' not found in models/ or controllers/
[16-Aug-2026 17:19:43 Africa/Lagos] Autoload failed: Class 'Database' not found in models/ or controllers/
[16-Aug-2026 17:19:43 Africa/Lagos] Get Top Matches Error: SQLSTATE[HY093]: Invalid parameter number
[16-Aug-2026 17:19:43 Africa/Lagos] Get Recent Conversations Error: SQLSTATE[HY093]: Invalid parameter number
[16-Aug-2026 17:19:43 Africa/Lagos] Get Exchange Stats Error: SQLSTATE[HY093]: Invalid parameter number
[16-Aug-2026 17:19:44 Africa/Lagos] Autoload failed: Class 'Database' not found in models/ or controllers/
[16-Aug-2026 17:19:54 Africa/Lagos] Autoload failed: Class 'Database' not found in models/ or controllers/
[16-Aug-2026 17:20:04 Africa/Lagos] Autoload failed: Class 'Database' not found in models/ or controllers/
[16-Aug-2026 17:20:14 Africa/Lagos] Autoload failed: Class 'Database' not found in models/ or controllers/
[16-Aug-2026 17:20:24 Africa/Lagos] Autoload failed: Class 'Database' not found in models/ or controllers/
[16-Aug-2026 17:20:34 Africa/Lagos] Autoload failed: Class 'Database' not found in models/ or controllers/
[16-Aug-2026 17:20:44 Africa/Lagos] Autoload failed: Class 'Database' not found in models/ or controllers/
[16-Aug-2026 17:20:54 Africa/Lagos] Autoload failed: Class 'Database' not found in models/ or controllers/
[16-Aug-2026 17:21:04 Africa/Lagos] Autoload failed: Class 'Database' not found in models/ or controllers/
[16-Aug-2026 17:21:14 Africa/Lagos] Autoload failed: Class 'Database' not found in models/ or controllers/
[16-Aug-2026 17:22:11 Africa/Lagos] Autoload failed: Class 'Database' not found in models/ or controllers/
[16-Aug-2026 17:23:11 Africa/Lagos] Autoload failed: Class 'Database' not found in models/ or controllers/
[16-Aug-2026 17:24:11 Africa/Lagos] Autoload failed: Class 'Database' not found in models/ or controllers/
[16-Aug-2026 17:25:11 Africa/Lagos] Autoload failed: Class 'Database' not found in models/ or controllers/
[16-Aug-2026 17:25:36 Africa/Lagos] Autoload failed: Class 'Database' not found in models/ or controllers/
[16-Aug-2026 17:25:38 Africa/Lagos] Autoload failed: Class 'Database' not found in models/ or controllers/
[16-Aug-2026 17:25:38 Africa/Lagos] Get Top Matches Error: SQLSTATE[HY093]: Invalid parameter number
[16-Aug-2026 17:25:38 Africa/Lagos] Get Recent Conversations Error: SQLSTATE[HY093]: Invalid parameter number
[16-Aug-2026 17:25:38 Africa/Lagos] Get Exchange Stats Error: SQLSTATE[HY093]: Invalid parameter number
[16-Aug-2026 17:25:40 Africa/Lagos] Autoload failed: Class 'Database' not found in models/ or controllers/
[16-Aug-2026 17:25:41 Africa/Lagos] Autoload failed: Class 'Database' not found in models/ or controllers/
[16-Aug-2026 17:25:41 Africa/Lagos] Get Exchange For User Error: SQLSTATE[HY093]: Invalid parameter number
[16-Aug-2026 17:25:41 Africa/Lagos] Autoload failed: Class 'Database' not found in models/ or controllers/
[16-Aug-2026 17:25:41 Africa/Lagos] Get User Exchanges Error: SQLSTATE[HY093]: Invalid parameter number
[16-Aug-2026 17:25:41 Africa/Lagos] Count User Exchanges Error: SQLSTATE[HY093]: Invalid parameter number
[16-Aug-2026 17:25:41 Africa/Lagos] Get Exchange Stats Error: SQLSTATE[HY093]: Invalid parameter number
[16-Aug-2026 17:25:43 Africa/Lagos] Autoload failed: Class 'Database' not found in models/ or controllers/
[16-Aug-2026 17:25:53 Africa/Lagos] Autoload failed: Class 'Database' not found in models/ or controllers/
[16-Aug-2026 17:26:03 Africa/Lagos] Autoload failed: Class 'Database' not found in models/ or controllers/
[16-Aug-2026 17:26:13 Africa/Lagos] Autoload failed: Class 'Database' not found in models/ or controllers/
[16-Aug-2026 17:26:19 Africa/Lagos] Autoload failed: Class 'Database' not found in models/ or controllers/
[16-Aug-2026 17:26:19 Africa/Lagos] Get User Exchanges Error: SQLSTATE[HY093]: Invalid parameter number
[16-Aug-2026 17:26:19 Africa/Lagos] Count User Exchanges Error: SQLSTATE[HY093]: Invalid parameter number
[16-Aug-2026 17:26:19 Africa/Lagos] Get Exchange Stats Error: SQLSTATE[HY093]: Invalid parameter number
[16-Aug-2026 17:26:20 Africa/Lagos] Autoload failed: Class 'Database' not found in models/ or controllers/
[16-Aug-2026 17:26:22 Africa/Lagos] Autoload failed: Class 'Database' not found in models/ or controllers/
[16-Aug-2026 17:26:23 Africa/Lagos] Autoload failed: Class 'Database' not found in models/ or controllers/
[16-Aug-2026 17:26:23 Africa/Lagos] Autoload failed: Class 'Database' not found in models/ or controllers/
[16-Aug-2026 17:26:23 Africa/Lagos] Get Top Matches Error: SQLSTATE[HY093]: Invalid parameter number
[16-Aug-2026 17:26:23 Africa/Lagos] Get Recent Conversations Error: SQLSTATE[HY093]: Invalid parameter number
[16-Aug-2026 17:26:23 Africa/Lagos] Get Exchange Stats Error: SQLSTATE[HY093]: Invalid parameter number
[16-Aug-2026 17:26:23 Africa/Lagos] Autoload failed: Class 'Database' not found in models/ or controllers/
[16-Aug-2026 17:26:25 Africa/Lagos] Autoload failed: Class 'Database' not found in models/ or controllers/
[16-Aug-2026 17:26:25 Africa/Lagos] Get Exchange For User Error: SQLSTATE[HY093]: Invalid parameter number
[16-Aug-2026 17:26:25 Africa/Lagos] Autoload failed: Class 'Database' not found in models/ or controllers/
[16-Aug-2026 17:26:25 Africa/Lagos] Get User Exchanges Error: SQLSTATE[HY093]: Invalid parameter number
[16-Aug-2026 17:26:25 Africa/Lagos] Count User Exchanges Error: SQLSTATE[HY093]: Invalid parameter number
[16-Aug-2026 17:26:25 Africa/Lagos] Get Exchange Stats Error: SQLSTATE[HY093]: Invalid parameter number
[16-Aug-2026 17:26:25 Africa/Lagos] Autoload failed: Class 'Database' not found in models/ or controllers/
[16-Aug-2026 17:26:35 Africa/Lagos] Autoload failed: Class 'Database' not found in models/ or controllers/
[16-Aug-2026 17:26:45 Africa/Lagos] Autoload failed: Class 'Database' not found in models/ or controllers/
[16-Aug-2026 17:26:55 Africa/Lagos] Autoload failed: Class 'Database' not found in models/ or controllers/
[16-Aug-2026 17:27:02 Africa/Lagos] Autoload failed: Class 'Database' not found in models/ or controllers/
[16-Aug-2026 17:27:02 Africa/Lagos] Get User Exchanges Error: SQLSTATE[HY093]: Invalid parameter number
[16-Aug-2026 17:27:02 Africa/Lagos] Count User Exchanges Error: SQLSTATE[HY093]: Invalid parameter number
[16-Aug-2026 17:27:02 Africa/Lagos] Get Exchange Stats Error: SQLSTATE[HY093]: Invalid parameter number
[16-Aug-2026 17:27:03 Africa/Lagos] Autoload failed: Class 'Database' not found in models/ or controllers/
[16-Aug-2026 17:27:03 Africa/Lagos] Autoload failed: Class 'Database' not found in models/ or controllers/
[16-Aug-2026 17:27:03 Africa/Lagos] Get Top Matches Error: SQLSTATE[HY093]: Invalid parameter number
[16-Aug-2026 17:27:03 Africa/Lagos] Get Recent Conversations Error: SQLSTATE[HY093]: Invalid parameter number
[16-Aug-2026 17:27:03 Africa/Lagos] Get Exchange Stats Error: SQLSTATE[HY093]: Invalid parameter number
[16-Aug-2026 17:27:04 Africa/Lagos] Autoload failed: Class 'Database' not found in models/ or controllers/
[16-Aug-2026 17:27:07 Africa/Lagos] Autoload failed: Class 'Database' not found in models/ or controllers/
[16-Aug-2026 17:27:07 Africa/Lagos] Get Exchange For User Error: SQLSTATE[HY093]: Invalid parameter number
[16-Aug-2026 17:27:07 Africa/Lagos] Autoload failed: Class 'Database' not found in models/ or controllers/
[16-Aug-2026 17:27:07 Africa/Lagos] Get User Exchanges Error: SQLSTATE[HY093]: Invalid parameter number
[16-Aug-2026 17:27:07 Africa/Lagos] Count User Exchanges Error: SQLSTATE[HY093]: Invalid parameter number
[16-Aug-2026 17:27:07 Africa/Lagos] Get Exchange Stats Error: SQLSTATE[HY093]: Invalid parameter number
[16-Aug-2026 17:27:07 Africa/Lagos] Autoload failed: Class 'Database' not found in models/ or controllers/
[16-Aug-2026 17:27:10 Africa/Lagos] Autoload failed: Class 'Database' not found in models/ or controllers/
[16-Aug-2026 17:27:10 Africa/Lagos] Autoload failed: Class 'Database' not found in models/ or controllers/
[16-Aug-2026 17:27:18 Africa/Lagos] Autoload failed: Class 'Database' not found in models/ or controllers/
[16-Aug-2026 17:27:18 Africa/Lagos] Autoload failed: Class 'Database' not found in models/ or controllers/
[16-Aug-2026 17:27:18 Africa/Lagos] Get Top Matches Error: SQLSTATE[HY093]: Invalid parameter number
[16-Aug-2026 17:27:18 Africa/Lagos] Get Recent Conversations Error: SQLSTATE[HY093]: Invalid parameter number
[16-Aug-2026 17:27:18 Africa/Lagos] Get Exchange Stats Error: SQLSTATE[HY093]: Invalid parameter number
[16-Aug-2026 17:27:19 Africa/Lagos] Autoload failed: Class 'Database' not found in models/ or controllers/
[16-Aug-2026 17:27:22 Africa/Lagos] Autoload failed: Class 'Database' not found in models/ or controllers/
[16-Aug-2026 17:27:22 Africa/Lagos] Get Exchange For User Error: SQLSTATE[HY093]: Invalid parameter number
[16-Aug-2026 17:27:22 Africa/Lagos] Autoload failed: Class 'Database' not found in models/ or controllers/
[16-Aug-2026 17:27:22 Africa/Lagos] Get User Exchanges Error: SQLSTATE[HY093]: Invalid parameter number
[16-Aug-2026 17:27:22 Africa/Lagos] Count User Exchanges Error: SQLSTATE[HY093]: Invalid parameter number
[16-Aug-2026 17:27:22 Africa/Lagos] Get Exchange Stats Error: SQLSTATE[HY093]: Invalid parameter number
[16-Aug-2026 17:27:22 Africa/Lagos] Autoload failed: Class 'Database' not found in models/ or controllers/
[16-Aug-2026 17:27:33 Africa/Lagos] Autoload failed: Class 'Database' not found in models/ or controllers/
[16-Aug-2026 17:27:43 Africa/Lagos] Autoload failed: Class 'Database' not found in models/ or controllers/
[16-Aug-2026 17:27:53 Africa/Lagos] Autoload failed: Class 'Database' not found in models/ or controllers/
[16-Aug-2026 17:28:03 Africa/Lagos] Autoload failed: Class 'Database' not found in models/ or controllers/
[16-Aug-2026 17:28:12 Africa/Lagos] Autoload failed: Class 'Database' not found in models/ or controllers/
[16-Aug-2026 17:28:22 Africa/Lagos] Autoload failed: Class 'Database' not found in models/ or controllers/
[16-Aug-2026 17:28:26 Africa/Lagos] Autoload failed: Class 'Database' not found in models/ or controllers/
[16-Aug-2026 17:28:26 Africa/Lagos] Get Exchange History Error: SQLSTATE[HY093]: Invalid parameter number
[16-Aug-2026 17:28:26 Africa/Lagos] Autoload failed: Class 'Database' not found in models/ or controllers/
[16-Aug-2026 17:28:29 Africa/Lagos] Autoload failed: Class 'Database' not found in models/ or controllers/
[16-Aug-2026 17:28:29 Africa/Lagos] Get User Exchanges Error: SQLSTATE[HY093]: Invalid parameter number
[16-Aug-2026 17:28:29 Africa/Lagos] Count User Exchanges Error: SQLSTATE[HY093]: Invalid parameter number
[16-Aug-2026 17:28:29 Africa/Lagos] Get Exchange Stats Error: SQLSTATE[HY093]: Invalid parameter number
[16-Aug-2026 17:28:29 Africa/Lagos] Autoload failed: Class 'Database' not found in models/ or controllers/
[16-Aug-2026 17:28:39 Africa/Lagos] Autoload failed: Class 'Database' not found in models/ or controllers/
[16-Aug-2026 17:28:50 Africa/Lagos] Autoload failed: Class 'Database' not found in models/ or controllers/
[16-Aug-2026 17:29:00 Africa/Lagos] Autoload failed: Class 'Database' not found in models/ or controllers/
[16-Aug-2026 17:29:10 Africa/Lagos] Autoload failed: Class 'Database' not found in models/ or controllers/
[16-Aug-2026 17:29:20 Africa/Lagos] Autoload failed: Class 'Database' not found in models/ or controllers/
[16-Aug-2026 17:29:30 Africa/Lagos] Autoload failed: Class 'Database' not found in models/ or controllers/
[16-Aug-2026 17:29:40 Africa/Lagos] Autoload failed: Class 'Database' not found in models/ or controllers/
[16-Aug-2026 17:30:11 Africa/Lagos] Autoload failed: Class 'Database' not found in models/ or controllers/
[16-Aug-2026 17:31:11 Africa/Lagos] Autoload failed: Class 'Database' not found in models/ or controllers/
[16-Aug-2026 17:32:11 Africa/Lagos] Autoload failed: Class 'Database' not found in models/ or controllers/
[16-Aug-2026 17:32:29 Africa/Lagos] Autoload failed: Class 'Database' not found in models/ or controllers/
[16-Aug-2026 17:32:31 Africa/Lagos] Autoload failed: Class 'Database' not found in models/ or controllers/
[16-Aug-2026 17:32:31 Africa/Lagos] Get User Exchanges Error: SQLSTATE[HY093]: Invalid parameter number
[16-Aug-2026 17:32:31 Africa/Lagos] Count User Exchanges Error: SQLSTATE[HY093]: Invalid parameter number
[16-Aug-2026 17:32:31 Africa/Lagos] Get Exchange Stats Error: SQLSTATE[HY093]: Invalid parameter number
[16-Aug-2026 17:32:32 Africa/Lagos] Autoload failed: Class 'Database' not found in models/ or controllers/
[16-Aug-2026 17:32:34 Africa/Lagos] Autoload failed: Class 'Database' not found in models/ or controllers/
[16-Aug-2026 17:32:34 Africa/Lagos] Get Top Matches Error: SQLSTATE[HY093]: Invalid parameter number
[16-Aug-2026 17:32:34 Africa/Lagos] Get Recent Conversations Error: SQLSTATE[HY093]: Invalid parameter number
[16-Aug-2026 17:32:34 Africa/Lagos] Get Exchange Stats Error: SQLSTATE[HY093]: Invalid parameter number
[16-Aug-2026 17:32:34 Africa/Lagos] Autoload failed: Class 'Database' not found in models/ or controllers/
[16-Aug-2026 17:32:35 Africa/Lagos] Autoload failed: Class 'Database' not found in models/ or controllers/
[16-Aug-2026 17:32:35 Africa/Lagos] Get Exchange For User Error: SQLSTATE[HY093]: Invalid parameter number
[16-Aug-2026 19:04:26 Africa/Lagos] Autoload failed: Class 'Database' not found in models/ or controllers/
[16-Aug-2026 19:04:26 Africa/Lagos] Get Exchange For User Error: SQLSTATE[HY093]: Invalid parameter number
[17-Aug-2026 17:52:30 Africa/Lagos] Autoload failed: Class 'Database' not found in models/ or controllers/
[17-Aug-2026 17:52:47 Africa/Lagos] Autoload failed: Class 'Database' not found in models/ or controllers/
[17-Aug-2026 17:52:47 Africa/Lagos] Get Top Matches Error: SQLSTATE[HY093]: Invalid parameter number
[17-Aug-2026 17:52:47 Africa/Lagos] Get Recent Conversations Error: SQLSTATE[HY093]: Invalid parameter number
[17-Aug-2026 17:52:47 Africa/Lagos] Get Exchange Stats Error: SQLSTATE[HY093]: Invalid parameter number
[17-Aug-2026 17:52:47 Africa/Lagos] Autoload failed: Class 'Database' not found in models/ or controllers/
[17-Aug-2026 17:52:51 Africa/Lagos] Autoload failed: Class 'Database' not found in models/ or controllers/
[17-Aug-2026 17:53:03 Africa/Lagos] Autoload failed: Class 'Database' not found in models/ or controllers/
[17-Aug-2026 17:54:13 Africa/Lagos] Autoload failed: Class 'Database' not found in models/ or controllers/
[17-Aug-2026 17:54:31 Africa/Lagos] Autoload failed: Class 'Database' not found in models/ or controllers/
[17-Aug-2026 17:59:46 Africa/Lagos] Autoload failed: Class 'Database' not found in models/ or controllers/
[17-Aug-2026 17:59:46 Africa/Lagos] Get Exchange Error: SQLSTATE[42S22]: Column not found: 1054 Unknown column 'req.name' in 'field list'
[17-Aug-2026 18:01:12 Africa/Lagos] Autoload failed: Class 'Database' not found in models/ or controllers/
[17-Aug-2026 18:01:12 Africa/Lagos] Get Exchange Error: SQLSTATE[42S22]: Column not found: 1054 Unknown column 'req.name' in 'field list'
[17-Aug-2026 18:01:12 Africa/Lagos] Autoload failed: Class 'Database' not found in models/ or controllers/
[17-Aug-2026 18:01:12 Africa/Lagos] Get User Exchanges Error: SQLSTATE[HY093]: Invalid parameter number
[17-Aug-2026 18:01:12 Africa/Lagos] Count User Exchanges Error: SQLSTATE[HY093]: Invalid parameter number
[17-Aug-2026 18:01:12 Africa/Lagos] Get Exchange Stats Error: SQLSTATE[HY093]: Invalid parameter number
[17-Aug-2026 18:01:12 Africa/Lagos] Autoload failed: Class 'Database' not found in models/ or controllers/
[17-Aug-2026 18:01:16 Africa/Lagos] Autoload failed: Class 'Database' not found in models/ or controllers/
[17-Aug-2026 18:01:16 Africa/Lagos] Get Top Matches Error: SQLSTATE[HY093]: Invalid parameter number
[17-Aug-2026 18:01:16 Africa/Lagos] Get Recent Conversations Error: SQLSTATE[HY093]: Invalid parameter number
[17-Aug-2026 18:01:16 Africa/Lagos] Get Exchange Stats Error: SQLSTATE[HY093]: Invalid parameter number
[17-Aug-2026 18:01:17 Africa/Lagos] Autoload failed: Class 'Database' not found in models/ or controllers/
[17-Aug-2026 18:01:19 Africa/Lagos] Autoload failed: Class 'Database' not found in models/ or controllers/
[17-Aug-2026 18:01:19 Africa/Lagos] Get Top Matches Error: SQLSTATE[HY093]: Invalid parameter number
[17-Aug-2026 18:01:19 Africa/Lagos] Get Recent Conversations Error: SQLSTATE[HY093]: Invalid parameter number
[17-Aug-2026 18:01:19 Africa/Lagos] Get Exchange Stats Error: SQLSTATE[HY093]: Invalid parameter number
[17-Aug-2026 18:01:19 Africa/Lagos] Autoload failed: Class 'Database' not found in models/ or controllers/
[17-Aug-2026 18:01:23 Africa/Lagos] Autoload failed: Class 'Database' not found in models/ or controllers/
[17-Aug-2026 18:01:23 Africa/Lagos] Get Exchange Error: SQLSTATE[42S22]: Column not found: 1054 Unknown column 'req.name' in 'field list'
[17-Aug-2026 18:01:23 Africa/Lagos] Autoload failed: Class 'Database' not found in models/ or controllers/
[17-Aug-2026 18:01:23 Africa/Lagos] Get User Exchanges Error: SQLSTATE[HY093]: Invalid parameter number
[17-Aug-2026 18:01:23 Africa/Lagos] Count User Exchanges Error: SQLSTATE[HY093]: Invalid parameter number
[17-Aug-2026 18:01:23 Africa/Lagos] Get Exchange Stats Error: SQLSTATE[HY093]: Invalid parameter number
[17-Aug-2026 18:01:23 Africa/Lagos] Autoload failed: Class 'Database' not found in models/ or controllers/
[17-Aug-2026 18:01:25 Africa/Lagos] Autoload failed: Class 'Database' not found in models/ or controllers/
[17-Aug-2026 18:01:25 Africa/Lagos] Get Top Matches Error: SQLSTATE[HY093]: Invalid parameter number
[17-Aug-2026 18:01:25 Africa/Lagos] Get Recent Conversations Error: SQLSTATE[HY093]: Invalid parameter number
[17-Aug-2026 18:01:25 Africa/Lagos] Get Exchange Stats Error: SQLSTATE[HY093]: Invalid parameter number
[17-Aug-2026 18:01:25 Africa/Lagos] Autoload failed: Class 'Database' not found in models/ or controllers/
[17-Aug-2026 18:01:35 Africa/Lagos] Autoload failed: Class 'Database' not found in models/ or controllers/
[17-Aug-2026 18:01:45 Africa/Lagos] Autoload failed: Class 'Database' not found in models/ or controllers/
[17-Aug-2026 18:01:55 Africa/Lagos] Autoload failed: Class 'Database' not found in models/ or controllers/
[17-Aug-2026 18:02:06 Africa/Lagos] Autoload failed: Class 'Database' not found in models/ or controllers/
[17-Aug-2026 18:02:16 Africa/Lagos] Autoload failed: Class 'Database' not found in models/ or controllers/
[17-Aug-2026 18:02:26 Africa/Lagos] Autoload failed: Class 'Database' not found in models/ or controllers/
[17-Aug-2026 18:02:36 Africa/Lagos] Autoload failed: Class 'Database' not found in models/ or controllers/
[17-Aug-2026 18:02:46 Africa/Lagos] Autoload failed: Class 'Database' not found in models/ or controllers/
[17-Aug-2026 18:02:56 Africa/Lagos] Autoload failed: Class 'Database' not found in models/ or controllers/
[17-Aug-2026 18:03:06 Africa/Lagos] Autoload failed: Class 'Database' not found in models/ or controllers/
[17-Aug-2026 18:03:16 Africa/Lagos] Autoload failed: Class 'Database' not found in models/ or controllers/
[17-Aug-2026 18:03:26 Africa/Lagos] Autoload failed: Class 'Database' not found in models/ or controllers/
[17-Aug-2026 18:03:36 Africa/Lagos] Autoload failed: Class 'Database' not found in models/ or controllers/
[17-Aug-2026 18:03:46 Africa/Lagos] Autoload failed: Class 'Database' not found in models/ or controllers/
[17-Aug-2026 18:03:56 Africa/Lagos] Autoload failed: Class 'Database' not found in models/ or controllers/
[17-Aug-2026 18:04:06 Africa/Lagos] Autoload failed: Class 'Database' not found in models/ or controllers/
[17-Aug-2026 18:05:06 Africa/Lagos] Autoload failed: Class 'Database' not found in models/ or controllers/
[17-Aug-2026 18:06:06 Africa/Lagos] Autoload failed: Class 'Database' not found in models/ or controllers/
[17-Aug-2026 18:07:06 Africa/Lagos] Autoload failed: Class 'Database' not found in models/ or controllers/
[17-Aug-2026 18:08:06 Africa/Lagos] Autoload failed: Class 'Database' not found in models/ or controllers/
[17-Aug-2026 18:09:06 Africa/Lagos] Autoload failed: Class 'Database' not found in models/ or controllers/
[17-Aug-2026 18:10:06 Africa/Lagos] Autoload failed: Class 'Database' not found in models/ or controllers/
[17-Aug-2026 18:11:06 Africa/Lagos] Autoload failed: Class 'Database' not found in models/ or controllers/
[17-Aug-2026 18:12:06 Africa/Lagos] Autoload failed: Class 'Database' not found in models/ or controllers/
[17-Aug-2026 18:13:06 Africa/Lagos] Autoload failed: Class 'Database' not found in models/ or controllers/
[17-Aug-2026 18:14:06 Africa/Lagos] Autoload failed: Class 'Database' not found in models/ or controllers/
[17-Aug-2026 18:15:06 Africa/Lagos] Autoload failed: Class 'Database' not found in models/ or controllers/
[17-Aug-2026 18:16:06 Africa/Lagos] Autoload failed: Class 'Database' not found in models/ or controllers/
[17-Aug-2026 18:17:06 Africa/Lagos] Autoload failed: Class 'Database' not found in models/ or controllers/
[17-Aug-2026 18:18:06 Africa/Lagos] Autoload failed: Class 'Database' not found in models/ or controllers/
[17-Aug-2026 18:19:06 Africa/Lagos] Autoload failed: Class 'Database' not found in models/ or controllers/
[17-Aug-2026 18:20:06 Africa/Lagos] Autoload failed: Class 'Database' not found in models/ or controllers/
[17-Aug-2026 18:21:06 Africa/Lagos] Autoload failed: Class 'Database' not found in models/ or controllers/
[17-Aug-2026 18:22:06 Africa/Lagos] Autoload failed: Class 'Database' not found in models/ or controllers/
[17-Aug-2026 18:23:06 Africa/Lagos] Autoload failed: Class 'Database' not found in models/ or controllers/
[17-Aug-2026 18:24:06 Africa/Lagos] Autoload failed: Class 'Database' not found in models/ or controllers/
[17-Aug-2026 18:25:06 Africa/Lagos] Autoload failed: Class 'Database' not found in models/ or controllers/
[17-Aug-2026 18:26:06 Africa/Lagos] Autoload failed: Class 'Database' not found in models/ or controllers/
[17-Aug-2026 18:27:03 Africa/Lagos] Autoload failed: Class 'Database' not found in models/ or controllers/
[17-Aug-2026 18:27:04 Africa/Lagos] Autoload failed: Class 'Database' not found in models/ or controllers/
[17-Aug-2026 18:27:04 Africa/Lagos] Get Top Matches Error: SQLSTATE[HY093]: Invalid parameter number
[17-Aug-2026 18:27:04 Africa/Lagos] Get Recent Conversations Error: SQLSTATE[HY093]: Invalid parameter number
[17-Aug-2026 18:27:04 Africa/Lagos] Get Exchange Stats Error: SQLSTATE[HY093]: Invalid parameter number
[17-Aug-2026 18:27:05 Africa/Lagos] Autoload failed: Class 'Database' not found in models/ or controllers/
[17-Aug-2026 18:27:16 Africa/Lagos] Autoload failed: Class 'Database' not found in models/ or controllers/
[17-Aug-2026 18:27:25 Africa/Lagos] Autoload failed: Class 'Database' not found in models/ or controllers/
[17-Aug-2026 18:27:26 Africa/Lagos] Autoload failed: Class 'Database' not found in models/ or controllers/
[17-Aug-2026 18:27:26 Africa/Lagos] PHP Warning:  Undefined variable $otherUserId in C:\laragon\www\skillswap\views\exchanges\view.php on line 453
[17-Aug-2026 18:27:26 Africa/Lagos] PHP Warning:  Undefined variable $otherUserId in C:\laragon\www\skillswap\views\exchanges\view.php on line 581
[17-Aug-2026 18:27:26 Africa/Lagos] Autoload failed: Class 'Database' not found in models/ or controllers/
[17-Aug-2026 18:27:36 Africa/Lagos] Autoload failed: Class 'Database' not found in models/ or controllers/
[17-Aug-2026 18:27:46 Africa/Lagos] Autoload failed: Class 'Database' not found in models/ or controllers/
[17-Aug-2026 18:27:56 Africa/Lagos] Autoload failed: Class 'Database' not found in models/ or controllers/
[17-Aug-2026 18:28:06 Africa/Lagos] Autoload failed: Class 'Database' not found in models/ or controllers/
[17-Aug-2026 18:28:16 Africa/Lagos] Autoload failed: Class 'Database' not found in models/ or controllers/
[17-Aug-2026 18:28:26 Africa/Lagos] Autoload failed: Class 'Database' not found in models/ or controllers/
[17-Aug-2026 18:28:36 Africa/Lagos] Autoload failed: Class 'Database' not found in models/ or controllers/
[17-Aug-2026 18:28:46 Africa/Lagos] Autoload failed: Class 'Database' not found in models/ or controllers/
[17-Aug-2026 18:29:06 Africa/Lagos] Autoload failed: Class 'Database' not found in models/ or controllers/
[17-Aug-2026 18:30:06 Africa/Lagos] Autoload failed: Class 'Database' not found in models/ or controllers/
[17-Aug-2026 18:31:06 Africa/Lagos] Autoload failed: Class 'Database' not found in models/ or controllers/
[17-Aug-2026 18:32:06 Africa/Lagos] Autoload failed: Class 'Database' not found in models/ or controllers/
[17-Aug-2026 18:33:06 Africa/Lagos] Autoload failed: Class 'Database' not found in models/ or controllers/
[17-Aug-2026 18:34:06 Africa/Lagos] Autoload failed: Class 'Database' not found in models/ or controllers/
[17-Aug-2026 18:34:33 Africa/Lagos] Autoload failed: Class 'Database' not found in models/ or controllers/
[17-Aug-2026 18:34:34 Africa/Lagos] Autoload failed: Class 'Database' not found in models/ or controllers/
[17-Aug-2026 18:34:34 Africa/Lagos] PHP Warning:  Undefined variable $otherUserId in C:\laragon\www\skillswap\views\exchanges\view.php on line 448
[17-Aug-2026 18:34:34 Africa/Lagos] PHP Warning:  Undefined variable $otherUserId in C:\laragon\www\skillswap\views\exchanges\view.php on line 579
[17-Aug-2026 18:34:36 Africa/Lagos] Autoload failed: Class 'Database' not found in models/ or controllers/
[17-Aug-2026 18:34:46 Africa/Lagos] Autoload failed: Class 'Database' not found in models/ or controllers/
[17-Aug-2026 18:34:51 Africa/Lagos] Autoload failed: Class 'Database' not found in models/ or controllers/
[17-Aug-2026 18:34:51 Africa/Lagos] PHP Warning:  Undefined variable $otherUserId in C:\laragon\www\skillswap\views\exchanges\view.php on line 448
[17-Aug-2026 18:34:51 Africa/Lagos] PHP Warning:  Undefined variable $otherUserId in C:\laragon\www\skillswap\views\exchanges\view.php on line 579
[17-Aug-2026 18:34:51 Africa/Lagos] Autoload failed: Class 'Database' not found in models/ or controllers/
[17-Aug-2026 18:35:01 Africa/Lagos] Autoload failed: Class 'Database' not found in models/ or controllers/
[17-Aug-2026 18:35:11 Africa/Lagos] Autoload failed: Class 'Database' not found in models/ or controllers/
[17-Aug-2026 18:35:21 Africa/Lagos] Autoload failed: Class 'Database' not found in models/ or controllers/
[17-Aug-2026 18:35:31 Africa/Lagos] Autoload failed: Class 'Database' not found in models/ or controllers/
[17-Aug-2026 18:35:41 Africa/Lagos] Autoload failed: Class 'Database' not found in models/ or controllers/
[17-Aug-2026 18:35:51 Africa/Lagos] Autoload failed: Class 'Database' not found in models/ or controllers/
[17-Aug-2026 18:36:01 Africa/Lagos] Autoload failed: Class 'Database' not found in models/ or controllers/
[17-Aug-2026 18:36:11 Africa/Lagos] Autoload failed: Class 'Database' not found in models/ or controllers/
[17-Aug-2026 18:36:21 Africa/Lagos] Autoload failed: Class 'Database' not found in models/ or controllers/
[17-Aug-2026 18:36:31 Africa/Lagos] Autoload failed: Class 'Database' not found in models/ or controllers/
[17-Aug-2026 18:36:41 Africa/Lagos] Autoload failed: Class 'Database' not found in models/ or controllers/
[17-Aug-2026 18:36:51 Africa/Lagos] Autoload failed: Class 'Database' not found in models/ or controllers/
[17-Aug-2026 18:37:01 Africa/Lagos] Autoload failed: Class 'Database' not found in models/ or controllers/
[17-Aug-2026 18:37:11 Africa/Lagos] Autoload failed: Class 'Database' not found in models/ or controllers/
[17-Aug-2026 18:37:21 Africa/Lagos] Autoload failed: Class 'Database' not found in models/ or controllers/
[17-Aug-2026 18:37:31 Africa/Lagos] Autoload failed: Class 'Database' not found in models/ or controllers/
[17-Aug-2026 18:37:41 Africa/Lagos] Autoload failed: Class 'Database' not found in models/ or controllers/
[17-Aug-2026 18:37:51 Africa/Lagos] Autoload failed: Class 'Database' not found in models/ or controllers/
[17-Aug-2026 18:38:01 Africa/Lagos] Autoload failed: Class 'Database' not found in models/ or controllers/
[17-Aug-2026 18:38:11 Africa/Lagos] Autoload failed: Class 'Database' not found in models/ or controllers/
[17-Aug-2026 18:38:22 Africa/Lagos] Autoload failed: Class 'Database' not found in models/ or controllers/
[17-Aug-2026 18:38:32 Africa/Lagos] Autoload failed: Class 'Database' not found in models/ or controllers/
[17-Aug-2026 18:38:42 Africa/Lagos] Autoload failed: Class 'Database' not found in models/ or controllers/
[17-Aug-2026 18:38:52 Africa/Lagos] Autoload failed: Class 'Database' not found in models/ or controllers/
[17-Aug-2026 18:39:02 Africa/Lagos] Autoload failed: Class 'Database' not found in models/ or controllers/
[17-Aug-2026 18:39:12 Africa/Lagos] Autoload failed: Class 'Database' not found in models/ or controllers/
[17-Aug-2026 18:40:06 Africa/Lagos] Autoload failed: Class 'Database' not found in models/ or controllers/
[17-Aug-2026 18:41:06 Africa/Lagos] Autoload failed: Class 'Database' not found in models/ or controllers/
[17-Aug-2026 18:42:06 Africa/Lagos] Autoload failed: Class 'Database' not found in models/ or controllers/
[17-Aug-2026 18:43:06 Africa/Lagos] Autoload failed: Class 'Database' not found in models/ or controllers/
[17-Aug-2026 18:44:06 Africa/Lagos] Autoload failed: Class 'Database' not found in models/ or controllers/
[17-Aug-2026 18:45:06 Africa/Lagos] Autoload failed: Class 'Database' not found in models/ or controllers/
[17-Aug-2026 18:45:26 Africa/Lagos] Autoload failed: Class 'Database' not found in models/ or controllers/
[17-Aug-2026 18:45:32 Africa/Lagos] Autoload failed: Class 'Database' not found in models/ or controllers/
[17-Aug-2026 18:45:42 Africa/Lagos] Autoload failed: Class 'Database' not found in models/ or controllers/
[17-Aug-2026 18:45:52 Africa/Lagos] Autoload failed: Class 'Database' not found in models/ or controllers/
[17-Aug-2026 18:46:02 Africa/Lagos] Autoload failed: Class 'Database' not found in models/ or controllers/
[17-Aug-2026 18:46:12 Africa/Lagos] Autoload failed: Class 'Database' not found in models/ or controllers/
[17-Aug-2026 18:46:22 Africa/Lagos] Autoload failed: Class 'Database' not found in models/ or controllers/
[17-Aug-2026 18:47:06 Africa/Lagos] Autoload failed: Class 'Database' not found in models/ or controllers/
[17-Aug-2026 18:48:06 Africa/Lagos] Autoload failed: Class 'Database' not found in models/ or controllers/
[17-Aug-2026 18:49:06 Africa/Lagos] Autoload failed: Class 'Database' not found in models/ or controllers/
[17-Aug-2026 18:50:06 Africa/Lagos] Autoload failed: Class 'Database' not found in models/ or controllers/
[17-Aug-2026 18:50:28 Africa/Lagos] Autoload failed: Class 'Database' not found in models/ or controllers/
[17-Aug-2026 18:50:30 Africa/Lagos] Autoload failed: Class 'Database' not found in models/ or controllers/
[17-Aug-2026 18:50:30 Africa/Lagos] PHP Warning:  Undefined variable $otherUserId in C:\laragon\www\skillswap\views\exchanges\view.php on line 442
[17-Aug-2026 18:50:30 Africa/Lagos] PHP Warning:  Undefined variable $otherUserId in C:\laragon\www\skillswap\views\exchanges\view.php on line 573
[17-Aug-2026 18:50:31 Africa/Lagos] Autoload failed: Class 'Database' not found in models/ or controllers/
[17-Aug-2026 18:50:41 Africa/Lagos] Autoload failed: Class 'Database' not found in models/ or controllers/
[17-Aug-2026 18:50:51 Africa/Lagos] Autoload failed: Class 'Database' not found in models/ or controllers/
[17-Aug-2026 18:51:02 Africa/Lagos] Autoload failed: Class 'Database' not found in models/ or controllers/
[17-Aug-2026 18:51:11 Africa/Lagos] Autoload failed: Class 'Database' not found in models/ or controllers/
[17-Aug-2026 18:51:13 Africa/Lagos] Autoload failed: Class 'Database' not found in models/ or controllers/
[17-Aug-2026 18:51:13 Africa/Lagos] PHP Warning:  Undefined variable $otherUserId in C:\laragon\www\skillswap\views\exchanges\view.php on line 442
[17-Aug-2026 18:51:13 Africa/Lagos] PHP Warning:  Undefined variable $otherUserId in C:\laragon\www\skillswap\views\exchanges\view.php on line 573
[17-Aug-2026 18:51:14 Africa/Lagos] Autoload failed: Class 'Database' not found in models/ or controllers/
[17-Aug-2026 18:51:24 Africa/Lagos] Autoload failed: Class 'Database' not found in models/ or controllers/
[17-Aug-2026 18:51:34 Africa/Lagos] Autoload failed: Class 'Database' not found in models/ or controllers/
[17-Aug-2026 18:51:44 Africa/Lagos] Autoload failed: Class 'Database' not found in models/ or controllers/
[17-Aug-2026 18:51:54 Africa/Lagos] Autoload failed: Class 'Database' not found in models/ or controllers/
[17-Aug-2026 18:52:04 Africa/Lagos] Autoload failed: Class 'Database' not found in models/ or controllers/
[17-Aug-2026 18:52:14 Africa/Lagos] Autoload failed: Class 'Database' not found in models/ or controllers/
[17-Aug-2026 18:52:24 Africa/Lagos] Autoload failed: Class 'Database' not found in models/ or controllers/
[17-Aug-2026 18:52:34 Africa/Lagos] Autoload failed: Class 'Database' not found in models/ or controllers/
[17-Aug-2026 18:52:45 Africa/Lagos] Autoload failed: Class 'Database' not found in models/ or controllers/
[17-Aug-2026 18:52:55 Africa/Lagos] Autoload failed: Class 'Database' not found in models/ or controllers/
[17-Aug-2026 18:53:03 Africa/Lagos] Autoload failed: Class 'Database' not found in models/ or controllers/
[17-Aug-2026 18:53:03 Africa/Lagos] PHP Warning:  Undefined variable $otherUserId in C:\laragon\www\skillswap\views\exchanges\view.php on line 442
[17-Aug-2026 18:53:03 Africa/Lagos] PHP Warning:  Undefined variable $otherUserId in C:\laragon\www\skillswap\views\exchanges\view.php on line 573
[17-Aug-2026 18:53:04 Africa/Lagos] Autoload failed: Class 'Database' not found in models/ or controllers/
[17-Aug-2026 18:53:15 Africa/Lagos] Autoload failed: Class 'Database' not found in models/ or controllers/
[17-Aug-2026 18:53:25 Africa/Lagos] Autoload failed: Class 'Database' not found in models/ or controllers/
[17-Aug-2026 18:53:35 Africa/Lagos] Autoload failed: Class 'Database' not found in models/ or controllers/
[17-Aug-2026 18:53:45 Africa/Lagos] Autoload failed: Class 'Database' not found in models/ or controllers/
[17-Aug-2026 18:53:55 Africa/Lagos] Autoload failed: Class 'Database' not found in models/ or controllers/
[17-Aug-2026 18:54:05 Africa/Lagos] Autoload failed: Class 'Database' not found in models/ or controllers/
[17-Aug-2026 18:55:06 Africa/Lagos] Autoload failed: Class 'Database' not found in models/ or controllers/
[17-Aug-2026 18:55:12 Africa/Lagos] Autoload failed: Class 'Database' not found in models/ or controllers/
[17-Aug-2026 18:55:12 Africa/Lagos] PHP Warning:  Undefined variable $otherUserId in C:\laragon\www\skillswap\views\exchanges\view.php on line 442
[17-Aug-2026 18:55:12 Africa/Lagos] PHP Warning:  Undefined variable $otherUserId in C:\laragon\www\skillswap\views\exchanges\view.php on line 573
[17-Aug-2026 18:55:14 Africa/Lagos] Autoload failed: Class 'Database' not found in models/ or controllers/
[17-Aug-2026 18:55:24 Africa/Lagos] Autoload failed: Class 'Database' not found in models/ or controllers/
[17-Aug-2026 18:55:34 Africa/Lagos] Autoload failed: Class 'Database' not found in models/ or controllers/
[17-Aug-2026 18:55:38 Africa/Lagos] Autoload failed: Class 'Database' not found in models/ or controllers/
[17-Aug-2026 18:55:38 Africa/Lagos] PHP Warning:  Undefined variable $otherUserId in C:\laragon\www\skillswap\views\exchanges\view.php on line 442
[17-Aug-2026 18:55:38 Africa/Lagos] PHP Warning:  Undefined variable $otherUserId in C:\laragon\www\skillswap\views\exchanges\view.php on line 573
[17-Aug-2026 18:55:39 Africa/Lagos] Autoload failed: Class 'Database' not found in models/ or controllers/
[17-Aug-2026 18:55:49 Africa/Lagos] Autoload failed: Class 'Database' not found in models/ or controllers/
[17-Aug-2026 18:55:59 Africa/Lagos] Autoload failed: Class 'Database' not found in models/ or controllers/
[17-Aug-2026 18:56:10 Africa/Lagos] Autoload failed: Class 'Database' not found in models/ or controllers/
[17-Aug-2026 18:56:20 Africa/Lagos] Autoload failed: Class 'Database' not found in models/ or controllers/
[17-Aug-2026 18:56:30 Africa/Lagos] Autoload failed: Class 'Database' not found in models/ or controllers/
[17-Aug-2026 18:56:40 Africa/Lagos] Autoload failed: Class 'Database' not found in models/ or controllers/
[17-Aug-2026 18:56:50 Africa/Lagos] Autoload failed: Class 'Database' not found in models/ or controllers/
[17-Aug-2026 18:57:00 Africa/Lagos] Autoload failed: Class 'Database' not found in models/ or controllers/
[17-Aug-2026 18:58:02 Africa/Lagos] Autoload failed: Class 'Database' not found in models/ or controllers/
[17-Aug-2026 18:58:04 Africa/Lagos] Autoload failed: Class 'Database' not found in models/ or controllers/
[17-Aug-2026 18:58:04 Africa/Lagos] PHP Warning:  Undefined variable $otherUserId in C:\laragon\www\skillswap\views\exchanges\view.php on line 442
[17-Aug-2026 18:58:04 Africa/Lagos] PHP Warning:  Undefined variable $otherUserId in C:\laragon\www\skillswap\views\exchanges\view.php on line 573
[17-Aug-2026 18:58:05 Africa/Lagos] Autoload failed: Class 'Database' not found in models/ or controllers/
[17-Aug-2026 18:58:15 Africa/Lagos] Autoload failed: Class 'Database' not found in models/ or controllers/
[17-Aug-2026 18:58:25 Africa/Lagos] Autoload failed: Class 'Database' not found in models/ or controllers/
[17-Aug-2026 18:58:35 Africa/Lagos] Autoload failed: Class 'Database' not found in models/ or controllers/
[17-Aug-2026 18:58:45 Africa/Lagos] Autoload failed: Class 'Database' not found in models/ or controllers/
[17-Aug-2026 18:58:55 Africa/Lagos] Autoload failed: Class 'Database' not found in models/ or controllers/
[17-Aug-2026 18:59:05 Africa/Lagos] Autoload failed: Class 'Database' not found in models/ or controllers/
[17-Aug-2026 18:59:15 Africa/Lagos] Autoload failed: Class 'Database' not found in models/ or controllers/
[17-Aug-2026 18:59:25 Africa/Lagos] Autoload failed: Class 'Database' not found in models/ or controllers/
[17-Aug-2026 18:59:35 Africa/Lagos] Autoload failed: Class 'Database' not found in models/ or controllers/
[17-Aug-2026 18:59:45 Africa/Lagos] Autoload failed: Class 'Database' not found in models/ or controllers/
[17-Aug-2026 18:59:55 Africa/Lagos] Autoload failed: Class 'Database' not found in models/ or controllers/
[17-Aug-2026 19:00:05 Africa/Lagos] Autoload failed: Class 'Database' not found in models/ or controllers/
[17-Aug-2026 19:00:15 Africa/Lagos] Autoload failed: Class 'Database' not found in models/ or controllers/
[17-Aug-2026 19:00:25 Africa/Lagos] Autoload failed: Class 'Database' not found in models/ or controllers/
[17-Aug-2026 19:00:35 Africa/Lagos] Autoload failed: Class 'Database' not found in models/ or controllers/
[17-Aug-2026 19:00:45 Africa/Lagos] Autoload failed: Class 'Database' not found in models/ or controllers/
[17-Aug-2026 19:01:00 Africa/Lagos] Autoload failed: Class 'Database' not found in models/ or controllers/
[17-Aug-2026 19:01:05 Africa/Lagos] Autoload failed: Class 'Database' not found in models/ or controllers/
[17-Aug-2026 19:01:15 Africa/Lagos] Autoload failed: Class 'Database' not found in models/ or controllers/
[17-Aug-2026 19:01:25 Africa/Lagos] Autoload failed: Class 'Database' not found in models/ or controllers/
[17-Aug-2026 19:01:35 Africa/Lagos] Autoload failed: Class 'Database' not found in models/ or controllers/
[17-Aug-2026 19:01:45 Africa/Lagos] Autoload failed: Class 'Database' not found in models/ or controllers/
[17-Aug-2026 19:01:50 Africa/Lagos] Autoload failed: Class 'Database' not found in models/ or controllers/
[17-Aug-2026 19:01:50 Africa/Lagos] Autoload failed: Class 'Database' not found in models/ or controllers/
[17-Aug-2026 19:01:58 Africa/Lagos] Autoload failed: Class 'Database' not found in models/ or controllers/
[17-Aug-2026 19:01:58 Africa/Lagos] Get User Exchanges Error: SQLSTATE[HY093]: Invalid parameter number
[17-Aug-2026 19:01:58 Africa/Lagos] Count User Exchanges Error: SQLSTATE[HY093]: Invalid parameter number
[17-Aug-2026 19:01:58 Africa/Lagos] Get Exchange Stats Error: SQLSTATE[HY093]: Invalid parameter number
[17-Aug-2026 19:01:59 Africa/Lagos] Autoload failed: Class 'Database' not found in models/ or controllers/
[17-Aug-2026 19:02:03 Africa/Lagos] Autoload failed: Class 'Database' not found in models/ or controllers/
[17-Aug-2026 19:02:03 Africa/Lagos] Get Exchange History Error: SQLSTATE[HY093]: Invalid parameter number
[17-Aug-2026 19:02:04 Africa/Lagos] Autoload failed: Class 'Database' not found in models/ or controllers/
[17-Aug-2026 19:02:06 Africa/Lagos] Autoload failed: Class 'Database' not found in models/ or controllers/
[17-Aug-2026 19:02:06 Africa/Lagos] Get User Exchanges Error: SQLSTATE[HY093]: Invalid parameter number
[17-Aug-2026 19:02:06 Africa/Lagos] Count User Exchanges Error: SQLSTATE[HY093]: Invalid parameter number
[17-Aug-2026 19:02:06 Africa/Lagos] Get Exchange Stats Error: SQLSTATE[HY093]: Invalid parameter number
[17-Aug-2026 19:02:06 Africa/Lagos] Autoload failed: Class 'Database' not found in models/ or controllers/
[17-Aug-2026 19:02:08 Africa/Lagos] Autoload failed: Class 'Database' not found in models/ or controllers/
[17-Aug-2026 19:02:08 Africa/Lagos] Get User Matches Error: SQLSTATE[HY093]: Invalid parameter number
[17-Aug-2026 19:02:08 Africa/Lagos] Count User Matches Error: SQLSTATE[HY093]: Invalid parameter number
[17-Aug-2026 19:02:08 Africa/Lagos] Autoload failed: Class 'Database' not found in models/ or controllers/
[17-Aug-2026 19:02:10 Africa/Lagos] Autoload failed: Class 'Database' not found in models/ or controllers/
[17-Aug-2026 19:02:10 Africa/Lagos] Get Top Matches Error: SQLSTATE[HY093]: Invalid parameter number
[17-Aug-2026 19:02:10 Africa/Lagos] Get Recent Conversations Error: SQLSTATE[HY093]: Invalid parameter number
[17-Aug-2026 19:02:10 Africa/Lagos] Get Exchange Stats Error: SQLSTATE[HY093]: Invalid parameter number
[17-Aug-2026 19:02:11 Africa/Lagos] Autoload failed: Class 'Database' not found in models/ or controllers/
[17-Aug-2026 19:02:15 Africa/Lagos] Autoload failed: Class 'Database' not found in models/ or controllers/
[17-Aug-2026 19:02:15 Africa/Lagos] Autoload failed: Class 'Database' not found in models/ or controllers/
[17-Aug-2026 19:02:25 Africa/Lagos] Autoload failed: Class 'Database' not found in models/ or controllers/
[17-Aug-2026 19:02:25 Africa/Lagos] Autoload failed: Class 'Database' not found in models/ or controllers/
[17-Aug-2026 19:02:25 Africa/Lagos] Get User Exchanges Error: SQLSTATE[HY093]: Invalid parameter number
[17-Aug-2026 19:02:25 Africa/Lagos] Count User Exchanges Error: SQLSTATE[HY093]: Invalid parameter number
[17-Aug-2026 19:02:25 Africa/Lagos] Get Exchange Stats Error: SQLSTATE[HY093]: Invalid parameter number
[17-Aug-2026 19:02:26 Africa/Lagos] Autoload failed: Class 'Database' not found in models/ or controllers/
[17-Aug-2026 19:02:36 Africa/Lagos] Autoload failed: Class 'Database' not found in models/ or controllers/
[17-Aug-2026 19:02:42 Africa/Lagos] Autoload failed: Class 'Database' not found in models/ or controllers/
[17-Aug-2026 19:02:43 Africa/Lagos] Autoload failed: Class 'Database' not found in models/ or controllers/
[17-Aug-2026 19:02:51 Africa/Lagos] Autoload failed: Class 'Database' not found in models/ or controllers/
[17-Aug-2026 19:02:51 Africa/Lagos] Get User Exchanges Error: SQLSTATE[HY093]: Invalid parameter number
[17-Aug-2026 19:02:51 Africa/Lagos] Count User Exchanges Error: SQLSTATE[HY093]: Invalid parameter number
[17-Aug-2026 19:02:51 Africa/Lagos] Get Exchange Stats Error: SQLSTATE[HY093]: Invalid parameter number
[17-Aug-2026 19:02:51 Africa/Lagos] Autoload failed: Class 'Database' not found in models/ or controllers/
[17-Aug-2026 19:03:01 Africa/Lagos] Autoload failed: Class 'Database' not found in models/ or controllers/
[17-Aug-2026 19:03:11 Africa/Lagos] Autoload failed: Class 'Database' not found in models/ or controllers/
[17-Aug-2026 19:03:21 Africa/Lagos] Autoload failed: Class 'Database' not found in models/ or controllers/
[17-Aug-2026 19:03:31 Africa/Lagos] Autoload failed: Class 'Database' not found in models/ or controllers/
[17-Aug-2026 19:03:41 Africa/Lagos] Autoload failed: Class 'Database' not found in models/ or controllers/
[17-Aug-2026 19:03:51 Africa/Lagos] Autoload failed: Class 'Database' not found in models/ or controllers/
[17-Aug-2026 19:04:02 Africa/Lagos] Autoload failed: Class 'Database' not found in models/ or controllers/
[17-Aug-2026 19:04:12 Africa/Lagos] Autoload failed: Class 'Database' not found in models/ or controllers/
[17-Aug-2026 19:04:22 Africa/Lagos] Autoload failed: Class 'Database' not found in models/ or controllers/
[17-Aug-2026 19:04:32 Africa/Lagos] Autoload failed: Class 'Database' not found in models/ or controllers/
[17-Aug-2026 19:04:42 Africa/Lagos] Autoload failed: Class 'Database' not found in models/ or controllers/
[17-Aug-2026 19:04:52 Africa/Lagos] Autoload failed: Class 'Database' not found in models/ or controllers/
[17-Aug-2026 19:05:06 Africa/Lagos] Autoload failed: Class 'Database' not found in models/ or controllers/
[17-Aug-2026 19:06:06 Africa/Lagos] Autoload failed: Class 'Database' not found in models/ or controllers/
[17-Aug-2026 19:07:06 Africa/Lagos] Autoload failed: Class 'Database' not found in models/ or controllers/
[17-Aug-2026 19:08:06 Africa/Lagos] Autoload failed: Class 'Database' not found in models/ or controllers/
[17-Aug-2026 19:09:06 Africa/Lagos] Autoload failed: Class 'Database' not found in models/ or controllers/
[17-Aug-2026 19:10:06 Africa/Lagos] Autoload failed: Class 'Database' not found in models/ or controllers/
[17-Aug-2026 19:11:06 Africa/Lagos] Autoload failed: Class 'Database' not found in models/ or controllers/
[17-Aug-2026 19:12:06 Africa/Lagos] Autoload failed: Class 'Database' not found in models/ or controllers/
[17-Aug-2026 19:13:06 Africa/Lagos] Autoload failed: Class 'Database' not found in models/ or controllers/
[17-Aug-2026 19:14:06 Africa/Lagos] Autoload failed: Class 'Database' not found in models/ or controllers/
[17-Aug-2026 19:15:06 Africa/Lagos] Autoload failed: Class 'Database' not found in models/ or controllers/
[17-Aug-2026 19:16:06 Africa/Lagos] Autoload failed: Class 'Database' not found in models/ or controllers/
[17-Aug-2026 19:17:06 Africa/Lagos] Autoload failed: Class 'Database' not found in models/ or controllers/
[17-Aug-2026 19:18:06 Africa/Lagos] Autoload failed: Class 'Database' not found in models/ or controllers/
[17-Aug-2026 19:19:06 Africa/Lagos] Autoload failed: Class 'Database' not found in models/ or controllers/
[17-Aug-2026 19:20:07 Africa/Lagos] Autoload failed: Class 'Database' not found in models/ or controllers/
[17-Aug-2026 19:21:06 Africa/Lagos] Autoload failed: Class 'Database' not found in models/ or controllers/
[17-Aug-2026 19:22:06 Africa/Lagos] Autoload failed: Class 'Database' not found in models/ or controllers/
[17-Aug-2026 19:23:06 Africa/Lagos] Autoload failed: Class 'Database' not found in models/ or controllers/
[17-Aug-2026 19:24:06 Africa/Lagos] Autoload failed: Class 'Database' not found in models/ or controllers/
[17-Aug-2026 19:24:12 Africa/Lagos] Autoload failed: Class 'Database' not found in models/ or controllers/
[17-Aug-2026 19:24:15 Africa/Lagos] Autoload failed: Class 'Database' not found in models/ or controllers/
[17-Aug-2026 19:24:15 Africa/Lagos] Count User Exchanges Error: SQLSTATE[HY093]: Invalid parameter number
[17-Aug-2026 19:24:15 Africa/Lagos] Get Exchange Stats Error: SQLSTATE[HY093]: Invalid parameter number
[17-Aug-2026 19:24:15 Africa/Lagos] PHP Warning:  Undefined array key "other_user_username" in C:\laragon\www\skillswap\views\exchanges\index.php on line 117
[17-Aug-2026 19:24:15 Africa/Lagos] PHP Fatal error:  Uncaught TypeError: e(): Argument #1 ($text) must be of type string, null given, called in C:\laragon\www\skillswap\views\exchanges\index.php on line 117 and defined in C:\laragon\www\skillswap\helpers\functions.php:711
Stack trace:
#0 C:\laragon\www\skillswap\views\exchanges\index.php(117): e(NULL)
#1 C:\laragon\www\skillswap\controllers\ExchangeController.php(88): require_once('C:\\laragon\\www\\...')
#2 C:\laragon\www\skillswap\index.php(201): ExchangeController->index()
#3 {main}
  thrown in C:\laragon\www\skillswap\helpers\functions.php on line 711
[17-Aug-2026 19:25:08 Africa/Lagos] Autoload failed: Class 'Database' not found in models/ or controllers/
[17-Aug-2026 19:25:08 Africa/Lagos] Count User Exchanges Error: SQLSTATE[HY093]: Invalid parameter number
[17-Aug-2026 19:25:08 Africa/Lagos] Get Exchange Stats Error: SQLSTATE[HY093]: Invalid parameter number
[17-Aug-2026 19:25:08 Africa/Lagos] PHP Warning:  Undefined array key "other_user_username" in C:\laragon\www\skillswap\views\exchanges\index.php on line 117
[17-Aug-2026 19:25:08 Africa/Lagos] PHP Fatal error:  Uncaught TypeError: e(): Argument #1 ($text) must be of type string, null given, called in C:\laragon\www\skillswap\views\exchanges\index.php on line 117 and defined in C:\laragon\www\skillswap\helpers\functions.php:711
Stack trace:
#0 C:\laragon\www\skillswap\views\exchanges\index.php(117): e(NULL)
#1 C:\laragon\www\skillswap\controllers\ExchangeController.php(88): require_once('C:\\laragon\\www\\...')
#2 C:\laragon\www\skillswap\index.php(201): ExchangeController->index()
#3 {main}
  thrown in C:\laragon\www\skillswap\helpers\functions.php on line 711
[17-Aug-2026 19:25:11 Africa/Lagos] Autoload failed: Class 'Database' not found in models/ or controllers/
[17-Aug-2026 19:25:11 Africa/Lagos] Count User Exchanges Error: SQLSTATE[HY093]: Invalid parameter number
[17-Aug-2026 19:25:11 Africa/Lagos] Get Exchange Stats Error: SQLSTATE[HY093]: Invalid parameter number
[17-Aug-2026 19:25:11 Africa/Lagos] PHP Warning:  Undefined array key "other_user_username" in C:\laragon\www\skillswap\views\exchanges\index.php on line 117
[17-Aug-2026 19:25:11 Africa/Lagos] PHP Fatal error:  Uncaught TypeError: e(): Argument #1 ($text) must be of type string, null given, called in C:\laragon\www\skillswap\views\exchanges\index.php on line 117 and defined in C:\laragon\www\skillswap\helpers\functions.php:711
Stack trace:
#0 C:\laragon\www\skillswap\views\exchanges\index.php(117): e(NULL)
#1 C:\laragon\www\skillswap\controllers\ExchangeController.php(88): require_once('C:\\laragon\\www\\...')
#2 C:\laragon\www\skillswap\index.php(201): ExchangeController->index()
#3 {main}
  thrown in C:\laragon\www\skillswap\helpers\functions.php on line 711
[17-Aug-2026 19:28:18 Africa/Lagos] Autoload failed: Class 'Database' not found in models/ or controllers/
[17-Aug-2026 19:28:18 Africa/Lagos] Count User Exchanges Error: SQLSTATE[HY093]: Invalid parameter number
[17-Aug-2026 19:28:18 Africa/Lagos] Get Exchange Stats Error: SQLSTATE[HY093]: Invalid parameter number
[17-Aug-2026 19:28:18 Africa/Lagos] PHP Warning:  include(C:\laragon\www\skillswap\views\exchanges/_exchange-card.php): Failed to open stream: No such file or directory in C:\laragon\www\skillswap\views\exchanges\index.php on line 213
[17-Aug-2026 19:28:18 Africa/Lagos] PHP Warning:  include(): Failed opening 'C:\laragon\www\skillswap\views\exchanges/_exchange-card.php' for inclusion (include_path='.;C:/laragon/etc/php/pear') in C:\laragon\www\skillswap\views\exchanges\index.php on line 213
[17-Aug-2026 19:28:18 Africa/Lagos] PHP Warning:  include(C:\laragon\www\skillswap\views\exchanges/_exchange-card.php): Failed to open stream: No such file or directory in C:\laragon\www\skillswap\views\exchanges\index.php on line 232
[17-Aug-2026 19:28:18 Africa/Lagos] PHP Warning:  include(): Failed opening 'C:\laragon\www\skillswap\views\exchanges/_exchange-card.php' for inclusion (include_path='.;C:/laragon/etc/php/pear') in C:\laragon\www\skillswap\views\exchanges\index.php on line 232
[17-Aug-2026 19:28:19 Africa/Lagos] Autoload failed: Class 'Database' not found in models/ or controllers/
[17-Aug-2026 19:28:29 Africa/Lagos] Autoload failed: Class 'Database' not found in models/ or controllers/
[17-Aug-2026 19:28:39 Africa/Lagos] Autoload failed: Class 'Database' not found in models/ or controllers/
[17-Aug-2026 19:28:44 Africa/Lagos] Autoload failed: Class 'Database' not found in models/ or controllers/
[17-Aug-2026 19:28:44 Africa/Lagos] Count User Exchanges Error: SQLSTATE[HY093]: Invalid parameter number
[17-Aug-2026 19:28:44 Africa/Lagos] Get Exchange Stats Error: SQLSTATE[HY093]: Invalid parameter number
[17-Aug-2026 19:28:44 Africa/Lagos] PHP Warning:  include(C:\laragon\www\skillswap\views\exchanges/_exchange-card.php): Failed to open stream: No such file or directory in C:\laragon\www\skillswap\views\exchanges\index.php on line 213
[17-Aug-2026 19:28:44 Africa/Lagos] PHP Warning:  include(): Failed opening 'C:\laragon\www\skillswap\views\exchanges/_exchange-card.php' for inclusion (include_path='.;C:/laragon/etc/php/pear') in C:\laragon\www\skillswap\views\exchanges\index.php on line 213
[17-Aug-2026 19:28:44 Africa/Lagos] PHP Warning:  include(C:\laragon\www\skillswap\views\exchanges/_exchange-card.php): Failed to open stream: No such file or directory in C:\laragon\www\skillswap\views\exchanges\index.php on line 232
[17-Aug-2026 19:28:44 Africa/Lagos] PHP Warning:  include(): Failed opening 'C:\laragon\www\skillswap\views\exchanges/_exchange-card.php' for inclusion (include_path='.;C:/laragon/etc/php/pear') in C:\laragon\www\skillswap\views\exchanges\index.php on line 232
[17-Aug-2026 19:28:44 Africa/Lagos] Autoload failed: Class 'Database' not found in models/ or controllers/
[17-Aug-2026 19:28:54 Africa/Lagos] Autoload failed: Class 'Database' not found in models/ or controllers/
[17-Aug-2026 19:29:01 Africa/Lagos] Autoload failed: Class 'Database' not found in models/ or controllers/
[17-Aug-2026 19:29:01 Africa/Lagos] Count User Exchanges Error: SQLSTATE[HY093]: Invalid parameter number
[17-Aug-2026 19:29:01 Africa/Lagos] Get Exchange Stats Error: SQLSTATE[HY093]: Invalid parameter number
[17-Aug-2026 19:29:01 Africa/Lagos] PHP Warning:  include(C:\laragon\www\skillswap\views\exchanges/_exchange-card.php): Failed to open stream: No such file or directory in C:\laragon\www\skillswap\views\exchanges\index.php on line 213
[17-Aug-2026 19:29:01 Africa/Lagos] PHP Warning:  include(): Failed opening 'C:\laragon\www\skillswap\views\exchanges/_exchange-card.php' for inclusion (include_path='.;C:/laragon/etc/php/pear') in C:\laragon\www\skillswap\views\exchanges\index.php on line 213
[17-Aug-2026 19:29:01 Africa/Lagos] PHP Warning:  include(C:\laragon\www\skillswap\views\exchanges/_exchange-card.php): Failed to open stream: No such file or directory in C:\laragon\www\skillswap\views\exchanges\index.php on line 232
[17-Aug-2026 19:29:01 Africa/Lagos] PHP Warning:  include(): Failed opening 'C:\laragon\www\skillswap\views\exchanges/_exchange-card.php' for inclusion (include_path='.;C:/laragon/etc/php/pear') in C:\laragon\www\skillswap\views\exchanges\index.php on line 232
[17-Aug-2026 19:29:01 Africa/Lagos] Autoload failed: Class 'Database' not found in models/ or controllers/
[17-Aug-2026 19:29:11 Africa/Lagos] Autoload failed: Class 'Database' not found in models/ or controllers/
[17-Aug-2026 19:29:21 Africa/Lagos] Autoload failed: Class 'Database' not found in models/ or controllers/
[17-Aug-2026 19:29:31 Africa/Lagos] Autoload failed: Class 'Database' not found in models/ or controllers/
[17-Aug-2026 19:29:41 Africa/Lagos] Autoload failed: Class 'Database' not found in models/ or controllers/
[17-Aug-2026 19:29:51 Africa/Lagos] Autoload failed: Class 'Database' not found in models/ or controllers/
[17-Aug-2026 19:30:01 Africa/Lagos] Autoload failed: Class 'Database' not found in models/ or controllers/
[17-Aug-2026 19:30:11 Africa/Lagos] Autoload failed: Class 'Database' not found in models/ or controllers/
[17-Aug-2026 19:30:21 Africa/Lagos] Autoload failed: Class 'Database' not found in models/ or controllers/
[17-Aug-2026 19:30:31 Africa/Lagos] Autoload failed: Class 'Database' not found in models/ or controllers/
[17-Aug-2026 19:30:41 Africa/Lagos] Autoload failed: Class 'Database' not found in models/ or controllers/
[17-Aug-2026 19:30:51 Africa/Lagos] Autoload failed: Class 'Database' not found in models/ or controllers/
[17-Aug-2026 19:31:01 Africa/Lagos] Autoload failed: Class 'Database' not found in models/ or controllers/
[17-Aug-2026 19:31:11 Africa/Lagos] Autoload failed: Class 'Database' not found in models/ or controllers/
[17-Aug-2026 19:31:21 Africa/Lagos] Autoload failed: Class 'Database' not found in models/ or controllers/
[17-Aug-2026 19:31:31 Africa/Lagos] Autoload failed: Class 'Database' not found in models/ or controllers/
[17-Aug-2026 19:31:41 Africa/Lagos] Autoload failed: Class 'Database' not found in models/ or controllers/
[17-Aug-2026 19:31:51 Africa/Lagos] Autoload failed: Class 'Database' not found in models/ or controllers/
[17-Aug-2026 19:32:01 Africa/Lagos] Autoload failed: Class 'Database' not found in models/ or controllers/
[17-Aug-2026 19:32:11 Africa/Lagos] Autoload failed: Class 'Database' not found in models/ or controllers/
[17-Aug-2026 19:32:21 Africa/Lagos] Autoload failed: Class 'Database' not found in models/ or controllers/
[17-Aug-2026 19:32:31 Africa/Lagos] Autoload failed: Class 'Database' not found in models/ or controllers/
[17-Aug-2026 19:33:06 Africa/Lagos] Autoload failed: Class 'Database' not found in models/ or controllers/
[17-Aug-2026 19:33:11 Africa/Lagos] Autoload failed: Class 'Database' not found in models/ or controllers/
[17-Aug-2026 19:33:13 Africa/Lagos] Autoload failed: Class 'Database' not found in models/ or controllers/
[17-Aug-2026 19:33:13 Africa/Lagos] Count User Exchanges Error: SQLSTATE[HY093]: Invalid parameter number
[17-Aug-2026 19:33:13 Africa/Lagos] Get Exchange Stats Error: SQLSTATE[HY093]: Invalid parameter number
[17-Aug-2026 19:33:13 Africa/Lagos] PHP Warning:  include(C:\laragon\www\skillswap\views\exchanges/_exchange-card.php): Failed to open stream: No such file or directory in C:\laragon\www\skillswap\views\exchanges\index.php on line 213
[17-Aug-2026 19:33:13 Africa/Lagos] PHP Warning:  include(): Failed opening 'C:\laragon\www\skillswap\views\exchanges/_exchange-card.php' for inclusion (include_path='.;C:/laragon/etc/php/pear') in C:\laragon\www\skillswap\views\exchanges\index.php on line 213
[17-Aug-2026 19:33:13 Africa/Lagos] PHP Warning:  include(C:\laragon\www\skillswap\views\exchanges/_exchange-card.php): Failed to open stream: No such file or directory in C:\laragon\www\skillswap\views\exchanges\index.php on line 232
[17-Aug-2026 19:33:13 Africa/Lagos] PHP Warning:  include(): Failed opening 'C:\laragon\www\skillswap\views\exchanges/_exchange-card.php' for inclusion (include_path='.;C:/laragon/etc/php/pear') in C:\laragon\www\skillswap\views\exchanges\index.php on line 232
[17-Aug-2026 19:33:13 Africa/Lagos] Autoload failed: Class 'Database' not found in models/ or controllers/
[17-Aug-2026 19:33:15 Africa/Lagos] Autoload failed: Class 'Database' not found in models/ or controllers/
[17-Aug-2026 19:33:15 Africa/Lagos] Count User Exchanges Error: SQLSTATE[HY093]: Invalid parameter number
[17-Aug-2026 19:33:15 Africa/Lagos] Get Exchange Stats Error: SQLSTATE[HY093]: Invalid parameter number
[17-Aug-2026 19:33:15 Africa/Lagos] PHP Warning:  include(C:\laragon\www\skillswap\views\exchanges/_exchange-card.php): Failed to open stream: No such file or directory in C:\laragon\www\skillswap\views\exchanges\index.php on line 213
[17-Aug-2026 19:33:15 Africa/Lagos] PHP Warning:  include(): Failed opening 'C:\laragon\www\skillswap\views\exchanges/_exchange-card.php' for inclusion (include_path='.;C:/laragon/etc/php/pear') in C:\laragon\www\skillswap\views\exchanges\index.php on line 213
[17-Aug-2026 19:33:15 Africa/Lagos] PHP Warning:  include(C:\laragon\www\skillswap\views\exchanges/_exchange-card.php): Failed to open stream: No such file or directory in C:\laragon\www\skillswap\views\exchanges\index.php on line 232
[17-Aug-2026 19:33:15 Africa/Lagos] PHP Warning:  include(): Failed opening 'C:\laragon\www\skillswap\views\exchanges/_exchange-card.php' for inclusion (include_path='.;C:/laragon/etc/php/pear') in C:\laragon\www\skillswap\views\exchanges\index.php on line 232
[17-Aug-2026 19:33:15 Africa/Lagos] Autoload failed: Class 'Database' not found in models/ or controllers/
[17-Aug-2026 19:33:25 Africa/Lagos] Autoload failed: Class 'Database' not found in models/ or controllers/
[17-Aug-2026 19:33:26 Africa/Lagos] Autoload failed: Class 'Database' not found in models/ or controllers/
[17-Aug-2026 19:33:26 Africa/Lagos] Count User Exchanges Error: SQLSTATE[HY093]: Invalid parameter number
[17-Aug-2026 19:33:26 Africa/Lagos] Get Exchange Stats Error: SQLSTATE[HY093]: Invalid parameter number
[17-Aug-2026 19:33:26 Africa/Lagos] PHP Warning:  include(C:\laragon\www\skillswap\views\exchanges/_exchange-card.php): Failed to open stream: No such file or directory in C:\laragon\www\skillswap\views\exchanges\index.php on line 223
[17-Aug-2026 19:33:26 Africa/Lagos] PHP Warning:  include(): Failed opening 'C:\laragon\www\skillswap\views\exchanges/_exchange-card.php' for inclusion (include_path='.;C:/laragon/etc/php/pear') in C:\laragon\www\skillswap\views\exchanges\index.php on line 223
[17-Aug-2026 19:33:26 Africa/Lagos] PHP Warning:  include(C:\laragon\www\skillswap\views\exchanges/_exchange-card.php): Failed to open stream: No such file or directory in C:\laragon\www\skillswap\views\exchanges\index.php on line 242
[17-Aug-2026 19:33:26 Africa/Lagos] PHP Warning:  include(): Failed opening 'C:\laragon\www\skillswap\views\exchanges/_exchange-card.php' for inclusion (include_path='.;C:/laragon/etc/php/pear') in C:\laragon\www\skillswap\views\exchanges\index.php on line 242
[17-Aug-2026 19:33:26 Africa/Lagos] Autoload failed: Class 'Database' not found in models/ or controllers/
[17-Aug-2026 19:33:36 Africa/Lagos] Autoload failed: Class 'Database' not found in models/ or controllers/
[17-Aug-2026 19:33:46 Africa/Lagos] Autoload failed: Class 'Database' not found in models/ or controllers/
[17-Aug-2026 19:33:56 Africa/Lagos] Autoload failed: Class 'Database' not found in models/ or controllers/
[17-Aug-2026 19:34:06 Africa/Lagos] Autoload failed: Class 'Database' not found in models/ or controllers/
[17-Aug-2026 19:34:16 Africa/Lagos] Autoload failed: Class 'Database' not found in models/ or controllers/
[17-Aug-2026 19:34:26 Africa/Lagos] Autoload failed: Class 'Database' not found in models/ or controllers/
[17-Aug-2026 19:34:36 Africa/Lagos] Autoload failed: Class 'Database' not found in models/ or controllers/
[17-Aug-2026 19:34:46 Africa/Lagos] Autoload failed: Class 'Database' not found in models/ or controllers/
[17-Aug-2026 19:34:56 Africa/Lagos] Autoload failed: Class 'Database' not found in models/ or controllers/
[17-Aug-2026 19:35:06 Africa/Lagos] Autoload failed: Class 'Database' not found in models/ or controllers/
[17-Aug-2026 19:35:16 Africa/Lagos] Autoload failed: Class 'Database' not found in models/ or controllers/
[17-Aug-2026 19:35:26 Africa/Lagos] Autoload failed: Class 'Database' not found in models/ or controllers/
[17-Aug-2026 19:35:36 Africa/Lagos] Autoload failed: Class 'Database' not found in models/ or controllers/
[17-Aug-2026 19:35:46 Africa/Lagos] Autoload failed: Class 'Database' not found in models/ or controllers/
[17-Aug-2026 19:35:56 Africa/Lagos] Autoload failed: Class 'Database' not found in models/ or controllers/
[17-Aug-2026 19:36:06 Africa/Lagos] Autoload failed: Class 'Database' not found in models/ or controllers/
[17-Aug-2026 19:37:06 Africa/Lagos] Autoload failed: Class 'Database' not found in models/ or controllers/
[17-Aug-2026 19:37:54 Africa/Lagos] Autoload failed: Class 'Database' not found in models/ or controllers/
[17-Aug-2026 19:37:56 Africa/Lagos] Autoload failed: Class 'Database' not found in models/ or controllers/
[17-Aug-2026 19:38:06 Africa/Lagos] Autoload failed: Class 'Database' not found in models/ or controllers/
[17-Aug-2026 19:38:16 Africa/Lagos] Autoload failed: Class 'Database' not found in models/ or controllers/
[17-Aug-2026 19:38:26 Africa/Lagos] Autoload failed: Class 'Database' not found in models/ or controllers/
[17-Aug-2026 19:38:36 Africa/Lagos] Autoload failed: Class 'Database' not found in models/ or controllers/
[17-Aug-2026 19:38:46 Africa/Lagos] Autoload failed: Class 'Database' not found in models/ or controllers/
[17-Aug-2026 19:38:56 Africa/Lagos] Autoload failed: Class 'Database' not found in models/ or controllers/
[17-Aug-2026 19:39:06 Africa/Lagos] Autoload failed: Class 'Database' not found in models/ or controllers/
[17-Aug-2026 19:39:16 Africa/Lagos] Autoload failed: Class 'Database' not found in models/ or controllers/
[17-Aug-2026 19:39:48 Africa/Lagos] Autoload failed: Class 'Database' not found in models/ or controllers/
[17-Aug-2026 19:39:49 Africa/Lagos] Autoload failed: Class 'Database' not found in models/ or controllers/
[17-Aug-2026 19:39:49 Africa/Lagos] Count User Exchanges Error: SQLSTATE[HY093]: Invalid parameter number
[17-Aug-2026 19:39:49 Africa/Lagos] Get Exchange Stats Error: SQLSTATE[HY093]: Invalid parameter number
[17-Aug-2026 19:39:51 Africa/Lagos] Autoload failed: Class 'Database' not found in models/ or controllers/
[17-Aug-2026 19:40:01 Africa/Lagos] Autoload failed: Class 'Database' not found in models/ or controllers/
[17-Aug-2026 19:40:11 Africa/Lagos] Autoload failed: Class 'Database' not found in models/ or controllers/
[17-Aug-2026 19:40:21 Africa/Lagos] Autoload failed: Class 'Database' not found in models/ or controllers/
[17-Aug-2026 19:40:31 Africa/Lagos] Autoload failed: Class 'Database' not found in models/ or controllers/
[17-Aug-2026 19:40:41 Africa/Lagos] Autoload failed: Class 'Database' not found in models/ or controllers/
[17-Aug-2026 19:40:51 Africa/Lagos] Autoload failed: Class 'Database' not found in models/ or controllers/
[17-Aug-2026 19:41:01 Africa/Lagos] Autoload failed: Class 'Database' not found in models/ or controllers/
[17-Aug-2026 19:41:11 Africa/Lagos] Autoload failed: Class 'Database' not found in models/ or controllers/
[17-Aug-2026 19:41:21 Africa/Lagos] Autoload failed: Class 'Database' not found in models/ or controllers/
[17-Aug-2026 19:41:31 Africa/Lagos] Autoload failed: Class 'Database' not found in models/ or controllers/
[17-Aug-2026 19:42:06 Africa/Lagos] Autoload failed: Class 'Database' not found in models/ or controllers/
[17-Aug-2026 19:42:53 Africa/Lagos] Autoload failed: Class 'Database' not found in models/ or controllers/
[17-Aug-2026 19:42:54 Africa/Lagos] Autoload failed: Class 'Database' not found in models/ or controllers/
[17-Aug-2026 19:42:54 Africa/Lagos] Count User Exchanges Error: SQLSTATE[HY093]: Invalid parameter number
[17-Aug-2026 19:42:54 Africa/Lagos] Get Exchange Stats Error: SQLSTATE[HY093]: Invalid parameter number
[17-Aug-2026 19:42:54 Africa/Lagos] Autoload failed: Class 'Database' not found in models/ or controllers/
[17-Aug-2026 19:43:04 Africa/Lagos] Autoload failed: Class 'Database' not found in models/ or controllers/
[17-Aug-2026 19:43:13 Africa/Lagos] Autoload failed: Class 'Database' not found in models/ or controllers/
[17-Aug-2026 19:43:14 Africa/Lagos] Autoload failed: Class 'Database' not found in models/ or controllers/
[17-Aug-2026 19:43:18 Africa/Lagos] Autoload failed: Class 'Database' not found in models/ or controllers/
[17-Aug-2026 19:43:18 Africa/Lagos] Get Top Matches Error: SQLSTATE[HY093]: Invalid parameter number
[17-Aug-2026 19:43:18 Africa/Lagos] Get Recent Conversations Error: SQLSTATE[HY093]: Invalid parameter number
[17-Aug-2026 19:43:18 Africa/Lagos] Get Exchange Stats Error: SQLSTATE[HY093]: Invalid parameter number
[17-Aug-2026 19:43:18 Africa/Lagos] Autoload failed: Class 'Database' not found in models/ or controllers/
[17-Aug-2026 19:43:20 Africa/Lagos] Autoload failed: Class 'Database' not found in models/ or controllers/
[17-Aug-2026 19:43:21 Africa/Lagos] Autoload failed: Class 'Database' not found in models/ or controllers/
[17-Aug-2026 19:43:23 Africa/Lagos] Autoload failed: Class 'Database' not found in models/ or controllers/
[17-Aug-2026 19:43:23 Africa/Lagos] Get Recent Conversations Error: SQLSTATE[HY093]: Invalid parameter number
[17-Aug-2026 19:43:23 Africa/Lagos] Autoload failed: Class 'Database' not found in models/ or controllers/
[17-Aug-2026 19:43:33 Africa/Lagos] Autoload failed: Class 'Database' not found in models/ or controllers/
[17-Aug-2026 19:43:37 Africa/Lagos] Autoload failed: Class 'Database' not found in models/ or controllers/
[17-Aug-2026 19:43:37 Africa/Lagos] Get User Matches Error: SQLSTATE[HY093]: Invalid parameter number
[17-Aug-2026 19:43:37 Africa/Lagos] Count User Matches Error: SQLSTATE[HY093]: Invalid parameter number
[17-Aug-2026 19:43:38 Africa/Lagos] Autoload failed: Class 'Database' not found in models/ or controllers/
[17-Aug-2026 19:43:48 Africa/Lagos] Autoload failed: Class 'Database' not found in models/ or controllers/
[17-Aug-2026 21:18:06 Africa/Lagos] Autoload failed: Class 'Database' not found in models/ or controllers/
[17-Aug-2026 21:18:11 Africa/Lagos] Autoload failed: Class 'Database' not found in models/ or controllers/
[17-Aug-2026 21:18:20 Africa/Lagos] Autoload failed: Class 'Database' not found in models/ or controllers/
[17-Aug-2026 21:18:30 Africa/Lagos] Autoload failed: Class 'Database' not found in models/ or controllers/
[17-Aug-2026 21:18:40 Africa/Lagos] Autoload failed: Class 'Database' not found in models/ or controllers/
[17-Aug-2026 21:18:50 Africa/Lagos] Autoload failed: Class 'Database' not found in models/ or controllers/
[17-Aug-2026 21:19:00 Africa/Lagos] Autoload failed: Class 'Database' not found in models/ or controllers/
[17-Aug-2026 21:19:10 Africa/Lagos] Autoload failed: Class 'Database' not found in models/ or controllers/
[17-Aug-2026 21:19:20 Africa/Lagos] Autoload failed: Class 'Database' not found in models/ or controllers/
[17-Aug-2026 21:19:30 Africa/Lagos] Autoload failed: Class 'Database' not found in models/ or controllers/
[17-Aug-2026 21:19:40 Africa/Lagos] Autoload failed: Class 'Database' not found in models/ or controllers/
[17-Aug-2026 21:19:50 Africa/Lagos] Autoload failed: Class 'Database' not found in models/ or controllers/
[17-Aug-2026 21:20:00 Africa/Lagos] Autoload failed: Class 'Database' not found in models/ or controllers/
[17-Aug-2026 21:20:03 Africa/Lagos] Autoload failed: Class 'Database' not found in models/ or controllers/
[17-Aug-2026 21:20:04 Africa/Lagos] Autoload failed: Class 'Database' not found in models/ or controllers/
[17-Aug-2026 21:20:08 Africa/Lagos] Autoload failed: Class 'Database' not found in models/ or controllers/
[17-Aug-2026 21:20:09 Africa/Lagos] Autoload failed: Class 'Database' not found in models/ or controllers/
[17-Aug-2026 21:20:13 Africa/Lagos] Autoload failed: Class 'Database' not found in models/ or controllers/
[17-Aug-2026 21:20:13 Africa/Lagos] Get User Matches Error: SQLSTATE[HY093]: Invalid parameter number
[17-Aug-2026 21:20:13 Africa/Lagos] Count User Matches Error: SQLSTATE[HY093]: Invalid parameter number
[17-Aug-2026 21:20:13 Africa/Lagos] Autoload failed: Class 'Database' not found in models/ or controllers/
[17-Aug-2026 21:20:16 Africa/Lagos] Autoload failed: Class 'Database' not found in models/ or controllers/
[17-Aug-2026 21:20:16 Africa/Lagos] Count User Exchanges Error: SQLSTATE[HY093]: Invalid parameter number
[17-Aug-2026 21:20:16 Africa/Lagos] Get Exchange Stats Error: SQLSTATE[HY093]: Invalid parameter number
[17-Aug-2026 21:20:16 Africa/Lagos] Autoload failed: Class 'Database' not found in models/ or controllers/
[17-Aug-2026 21:20:19 Africa/Lagos] Autoload failed: Class 'Database' not found in models/ or controllers/
[17-Aug-2026 21:20:19 Africa/Lagos] Get User Matches Error: SQLSTATE[HY093]: Invalid parameter number
[17-Aug-2026 21:20:19 Africa/Lagos] Count User Matches Error: SQLSTATE[HY093]: Invalid parameter number
[17-Aug-2026 21:20:19 Africa/Lagos] Autoload failed: Class 'Database' not found in models/ or controllers/
[17-Aug-2026 21:20:30 Africa/Lagos] Autoload failed: Class 'Database' not found in models/ or controllers/
[17-Aug-2026 21:20:40 Africa/Lagos] Autoload failed: Class 'Database' not found in models/ or controllers/
[17-Aug-2026 21:20:50 Africa/Lagos] Autoload failed: Class 'Database' not found in models/ or controllers/
[17-Aug-2026 21:21:00 Africa/Lagos] Autoload failed: Class 'Database' not found in models/ or controllers/
[17-Aug-2026 21:21:10 Africa/Lagos] Autoload failed: Class 'Database' not found in models/ or controllers/
[17-Aug-2026 21:21:20 Africa/Lagos] Autoload failed: Class 'Database' not found in models/ or controllers/
[17-Aug-2026 21:21:59 Africa/Lagos] Autoload failed: Class 'Database' not found in models/ or controllers/
[17-Aug-2026 21:22:59 Africa/Lagos] Autoload failed: Class 'Database' not found in models/ or controllers/
[17-Aug-2026 21:23:59 Africa/Lagos] Autoload failed: Class 'Database' not found in models/ or controllers/
[17-Aug-2026 21:24:59 Africa/Lagos] Autoload failed: Class 'Database' not found in models/ or controllers/
[17-Aug-2026 21:25:59 Africa/Lagos] Autoload failed: Class 'Database' not found in models/ or controllers/
[17-Aug-2026 21:26:59 Africa/Lagos] Autoload failed: Class 'Database' not found in models/ or controllers/
[17-Aug-2026 21:27:59 Africa/Lagos] Autoload failed: Class 'Database' not found in models/ or controllers/
[17-Aug-2026 21:28:59 Africa/Lagos] Autoload failed: Class 'Database' not found in models/ or controllers/
[17-Aug-2026 21:29:59 Africa/Lagos] Autoload failed: Class 'Database' not found in models/ or controllers/
[17-Aug-2026 21:30:59 Africa/Lagos] Autoload failed: Class 'Database' not found in models/ or controllers/
[17-Aug-2026 21:31:59 Africa/Lagos] Autoload failed: Class 'Database' not found in models/ or controllers/
[17-Aug-2026 21:32:59 Africa/Lagos] Autoload failed: Class 'Database' not found in models/ or controllers/
[17-Aug-2026 21:33:59 Africa/Lagos] Autoload failed: Class 'Database' not found in models/ or controllers/
[17-Aug-2026 21:34:59 Africa/Lagos] Autoload failed: Class 'Database' not found in models/ or controllers/
[17-Aug-2026 21:35:59 Africa/Lagos] Autoload failed: Class 'Database' not found in models/ or controllers/
[17-Aug-2026 21:36:59 Africa/Lagos] Autoload failed: Class 'Database' not found in models/ or controllers/
[17-Aug-2026 21:37:59 Africa/Lagos] Autoload failed: Class 'Database' not found in models/ or controllers/
[17-Aug-2026 21:38:59 Africa/Lagos] Autoload failed: Class 'Database' not found in models/ or controllers/
[17-Aug-2026 21:39:59 Africa/Lagos] Autoload failed: Class 'Database' not found in models/ or controllers/
[17-Aug-2026 21:40:59 Africa/Lagos] Autoload failed: Class 'Database' not found in models/ or controllers/
[17-Aug-2026 21:41:59 Africa/Lagos] Autoload failed: Class 'Database' not found in models/ or controllers/
[17-Aug-2026 21:42:59 Africa/Lagos] Autoload failed: Class 'Database' not found in models/ or controllers/
[17-Aug-2026 21:43:59 Africa/Lagos] Autoload failed: Class 'Database' not found in models/ or controllers/
[17-Aug-2026 21:44:59 Africa/Lagos] Autoload failed: Class 'Database' not found in models/ or controllers/
[17-Aug-2026 21:45:59 Africa/Lagos] Autoload failed: Class 'Database' not found in models/ or controllers/
[17-Aug-2026 21:46:59 Africa/Lagos] Autoload failed: Class 'Database' not found in models/ or controllers/
[17-Aug-2026 21:47:59 Africa/Lagos] Autoload failed: Class 'Database' not found in models/ or controllers/
[17-Aug-2026 21:48:59 Africa/Lagos] Autoload failed: Class 'Database' not found in models/ or controllers/
[17-Aug-2026 21:49:59 Africa/Lagos] Autoload failed: Class 'Database' not found in models/ or controllers/
[17-Aug-2026 21:50:59 Africa/Lagos] Autoload failed: Class 'Database' not found in models/ or controllers/
[17-Aug-2026 21:51:59 Africa/Lagos] Autoload failed: Class 'Database' not found in models/ or controllers/
[17-Aug-2026 21:52:59 Africa/Lagos] Autoload failed: Class 'Database' not found in models/ or controllers/
[17-Aug-2026 21:53:59 Africa/Lagos] Autoload failed: Class 'Database' not found in models/ or controllers/
[17-Aug-2026 21:54:59 Africa/Lagos] Autoload failed: Class 'Database' not found in models/ or controllers/
[17-Aug-2026 21:55:59 Africa/Lagos] Autoload failed: Class 'Database' not found in models/ or controllers/
[17-Aug-2026 21:56:59 Africa/Lagos] Autoload failed: Class 'Database' not found in models/ or controllers/
[17-Aug-2026 21:57:59 Africa/Lagos] Autoload failed: Class 'Database' not found in models/ or controllers/
[17-Aug-2026 21:58:59 Africa/Lagos] Autoload failed: Class 'Database' not found in models/ or controllers/
[17-Aug-2026 21:59:59 Africa/Lagos] Autoload failed: Class 'Database' not found in models/ or controllers/
[17-Aug-2026 22:00:59 Africa/Lagos] Autoload failed: Class 'Database' not found in models/ or controllers/
[17-Aug-2026 22:01:59 Africa/Lagos] Autoload failed: Class 'Database' not found in models/ or controllers/
[17-Aug-2026 22:02:59 Africa/Lagos] Autoload failed: Class 'Database' not found in models/ or controllers/
[17-Aug-2026 22:03:59 Africa/Lagos] Autoload failed: Class 'Database' not found in models/ or controllers/
[17-Aug-2026 22:04:59 Africa/Lagos] Autoload failed: Class 'Database' not found in models/ or controllers/
[17-Aug-2026 22:05:59 Africa/Lagos] Autoload failed: Class 'Database' not found in models/ or controllers/
[17-Aug-2026 22:06:59 Africa/Lagos] Autoload failed: Class 'Database' not found in models/ or controllers/
[17-Aug-2026 22:07:59 Africa/Lagos] Autoload failed: Class 'Database' not found in models/ or controllers/
[17-Aug-2026 22:08:59 Africa/Lagos] Autoload failed: Class 'Database' not found in models/ or controllers/
[17-Aug-2026 22:09:59 Africa/Lagos] Autoload failed: Class 'Database' not found in models/ or controllers/
[17-Aug-2026 22:10:59 Africa/Lagos] Autoload failed: Class 'Database' not found in models/ or controllers/
[17-Aug-2026 22:11:59 Africa/Lagos] Autoload failed: Class 'Database' not found in models/ or controllers/
[17-Aug-2026 22:12:59 Africa/Lagos] Autoload failed: Class 'Database' not found in models/ or controllers/
[17-Aug-2026 22:13:59 Africa/Lagos] Autoload failed: Class 'Database' not found in models/ or controllers/
[17-Aug-2026 22:14:59 Africa/Lagos] Autoload failed: Class 'Database' not found in models/ or controllers/
[17-Aug-2026 22:15:59 Africa/Lagos] Autoload failed: Class 'Database' not found in models/ or controllers/
[17-Aug-2026 22:16:59 Africa/Lagos] Autoload failed: Class 'Database' not found in models/ or controllers/
[17-Aug-2026 22:17:59 Africa/Lagos] Autoload failed: Class 'Database' not found in models/ or controllers/
[17-Aug-2026 22:18:59 Africa/Lagos] Autoload failed: Class 'Database' not found in models/ or controllers/
[17-Aug-2026 22:19:59 Africa/Lagos] Autoload failed: Class 'Database' not found in models/ or controllers/
[17-Aug-2026 22:20:59 Africa/Lagos] Autoload failed: Class 'Database' not found in models/ or controllers/
[17-Aug-2026 22:21:59 Africa/Lagos] Autoload failed: Class 'Database' not found in models/ or controllers/
[17-Aug-2026 22:22:59 Africa/Lagos] Autoload failed: Class 'Database' not found in models/ or controllers/
[17-Aug-2026 22:23:59 Africa/Lagos] Autoload failed: Class 'Database' not found in models/ or controllers/
[17-Aug-2026 22:24:59 Africa/Lagos] Autoload failed: Class 'Database' not found in models/ or controllers/
[17-Aug-2026 22:25:59 Africa/Lagos] Autoload failed: Class 'Database' not found in models/ or controllers/
[17-Aug-2026 22:26:59 Africa/Lagos] Autoload failed: Class 'Database' not found in models/ or controllers/
[17-Aug-2026 22:27:59 Africa/Lagos] Autoload failed: Class 'Database' not found in models/ or controllers/
[17-Aug-2026 22:28:59 Africa/Lagos] Autoload failed: Class 'Database' not found in models/ or controllers/
[17-Aug-2026 22:29:59 Africa/Lagos] Autoload failed: Class 'Database' not found in models/ or controllers/
[17-Aug-2026 22:30:59 Africa/Lagos] Autoload failed: Class 'Database' not found in models/ or controllers/
[17-Aug-2026 22:31:59 Africa/Lagos] Autoload failed: Class 'Database' not found in models/ or controllers/
[17-Aug-2026 22:32:59 Africa/Lagos] Autoload failed: Class 'Database' not found in models/ or controllers/
[17-Aug-2026 22:33:59 Africa/Lagos] Autoload failed: Class 'Database' not found in models/ or controllers/
[17-Aug-2026 22:34:59 Africa/Lagos] Autoload failed: Class 'Database' not found in models/ or controllers/
[17-Aug-2026 22:35:59 Africa/Lagos] Autoload failed: Class 'Database' not found in models/ or controllers/
[17-Aug-2026 22:36:59 Africa/Lagos] Autoload failed: Class 'Database' not found in models/ or controllers/
[17-Aug-2026 22:37:59 Africa/Lagos] Autoload failed: Class 'Database' not found in models/ or controllers/
[17-Aug-2026 22:38:59 Africa/Lagos] Autoload failed: Class 'Database' not found in models/ or controllers/
[17-Aug-2026 22:39:59 Africa/Lagos] Autoload failed: Class 'Database' not found in models/ or controllers/
[17-Aug-2026 22:40:59 Africa/Lagos] Autoload failed: Class 'Database' not found in models/ or controllers/
[17-Aug-2026 22:41:59 Africa/Lagos] Autoload failed: Class 'Database' not found in models/ or controllers/
[17-Aug-2026 22:42:59 Africa/Lagos] Autoload failed: Class 'Database' not found in models/ or controllers/
[17-Aug-2026 22:43:59 Africa/Lagos] Autoload failed: Class 'Database' not found in models/ or controllers/
[17-Aug-2026 22:44:59 Africa/Lagos] Autoload failed: Class 'Database' not found in models/ or controllers/
[17-Aug-2026 22:45:59 Africa/Lagos] Autoload failed: Class 'Database' not found in models/ or controllers/
[17-Aug-2026 22:46:59 Africa/Lagos] Autoload failed: Class 'Database' not found in models/ or controllers/
[17-Aug-2026 22:47:59 Africa/Lagos] Autoload failed: Class 'Database' not found in models/ or controllers/
[17-Aug-2026 22:48:59 Africa/Lagos] Autoload failed: Class 'Database' not found in models/ or controllers/
[17-Aug-2026 22:49:59 Africa/Lagos] Autoload failed: Class 'Database' not found in models/ or controllers/
[17-Aug-2026 22:50:59 Africa/Lagos] Autoload failed: Class 'Database' not found in models/ or controllers/
[17-Aug-2026 22:51:59 Africa/Lagos] Autoload failed: Class 'Database' not found in models/ or controllers/
[17-Aug-2026 22:52:59 Africa/Lagos] Autoload failed: Class 'Database' not found in models/ or controllers/
[17-Aug-2026 22:53:59 Africa/Lagos] Autoload failed: Class 'Database' not found in models/ or controllers/
[17-Aug-2026 22:54:59 Africa/Lagos] Autoload failed: Class 'Database' not found in models/ or controllers/
[17-Aug-2026 22:55:59 Africa/Lagos] Autoload failed: Class 'Database' not found in models/ or controllers/
[17-Aug-2026 22:56:59 Africa/Lagos] Autoload failed: Class 'Database' not found in models/ or controllers/
[17-Aug-2026 22:57:59 Africa/Lagos] Autoload failed: Class 'Database' not found in models/ or controllers/
[17-Aug-2026 22:58:59 Africa/Lagos] Autoload failed: Class 'Database' not found in models/ or controllers/
[17-Aug-2026 22:59:59 Africa/Lagos] Autoload failed: Class 'Database' not found in models/ or controllers/
[17-Aug-2026 23:00:59 Africa/Lagos] Autoload failed: Class 'Database' not found in models/ or controllers/
[17-Aug-2026 23:01:59 Africa/Lagos] Autoload failed: Class 'Database' not found in models/ or controllers/
[17-Aug-2026 23:02:59 Africa/Lagos] Autoload failed: Class 'Database' not found in models/ or controllers/
[17-Aug-2026 23:03:59 Africa/Lagos] Autoload failed: Class 'Database' not found in models/ or controllers/
[17-Aug-2026 23:04:59 Africa/Lagos] Autoload failed: Class 'Database' not found in models/ or controllers/
[17-Aug-2026 23:05:59 Africa/Lagos] Autoload failed: Class 'Database' not found in models/ or controllers/
[17-Aug-2026 23:06:59 Africa/Lagos] Autoload failed: Class 'Database' not found in models/ or controllers/
[17-Aug-2026 23:07:59 Africa/Lagos] Autoload failed: Class 'Database' not found in models/ or controllers/
[17-Aug-2026 23:08:59 Africa/Lagos] Autoload failed: Class 'Database' not found in models/ or controllers/
[17-Aug-2026 23:09:59 Africa/Lagos] Autoload failed: Class 'Database' not found in models/ or controllers/
[17-Aug-2026 23:10:59 Africa/Lagos] Autoload failed: Class 'Database' not found in models/ or controllers/
[17-Aug-2026 23:11:59 Africa/Lagos] Autoload failed: Class 'Database' not found in models/ or controllers/
[17-Aug-2026 23:12:59 Africa/Lagos] Autoload failed: Class 'Database' not found in models/ or controllers/
[17-Aug-2026 23:13:59 Africa/Lagos] Autoload failed: Class 'Database' not found in models/ or controllers/
[17-Aug-2026 23:14:59 Africa/Lagos] Autoload failed: Class 'Database' not found in models/ or controllers/
[17-Aug-2026 23:15:59 Africa/Lagos] Autoload failed: Class 'Database' not found in models/ or controllers/
[17-Aug-2026 23:16:59 Africa/Lagos] Autoload failed: Class 'Database' not found in models/ or controllers/
[17-Aug-2026 23:17:59 Africa/Lagos] Autoload failed: Class 'Database' not found in models/ or controllers/
[17-Aug-2026 23:18:59 Africa/Lagos] Autoload failed: Class 'Database' not found in models/ or controllers/
[17-Aug-2026 23:19:59 Africa/Lagos] Autoload failed: Class 'Database' not found in models/ or controllers/
[17-Aug-2026 23:20:59 Africa/Lagos] Autoload failed: Class 'Database' not found in models/ or controllers/
[17-Aug-2026 23:21:59 Africa/Lagos] Autoload failed: Class 'Database' not found in models/ or controllers/
[17-Aug-2026 23:22:59 Africa/Lagos] Autoload failed: Class 'Database' not found in models/ or controllers/
[17-Aug-2026 23:23:59 Africa/Lagos] Autoload failed: Class 'Database' not found in models/ or controllers/
[17-Aug-2026 23:24:59 Africa/Lagos] Autoload failed: Class 'Database' not found in models/ or controllers/
[17-Aug-2026 23:25:59 Africa/Lagos] Autoload failed: Class 'Database' not found in models/ or controllers/
[17-Aug-2026 23:26:59 Africa/Lagos] Autoload failed: Class 'Database' not found in models/ or controllers/
[17-Aug-2026 23:27:59 Africa/Lagos] Autoload failed: Class 'Database' not found in models/ or controllers/
[17-Aug-2026 23:28:59 Africa/Lagos] Autoload failed: Class 'Database' not found in models/ or controllers/
[17-Aug-2026 23:29:59 Africa/Lagos] Autoload failed: Class 'Database' not found in models/ or controllers/
[17-Aug-2026 23:30:59 Africa/Lagos] Autoload failed: Class 'Database' not found in models/ or controllers/
[17-Aug-2026 23:31:59 Africa/Lagos] Autoload failed: Class 'Database' not found in models/ or controllers/
[17-Aug-2026 23:32:59 Africa/Lagos] Autoload failed: Class 'Database' not found in models/ or controllers/
[17-Aug-2026 23:33:59 Africa/Lagos] Autoload failed: Class 'Database' not found in models/ or controllers/
[17-Aug-2026 23:34:59 Africa/Lagos] Autoload failed: Class 'Database' not found in models/ or controllers/
[17-Aug-2026 23:35:59 Africa/Lagos] Autoload failed: Class 'Database' not found in models/ or controllers/
[17-Aug-2026 23:36:59 Africa/Lagos] Autoload failed: Class 'Database' not found in models/ or controllers/
[17-Aug-2026 23:37:59 Africa/Lagos] Autoload failed: Class 'Database' not found in models/ or controllers/
[17-Aug-2026 23:38:59 Africa/Lagos] Autoload failed: Class 'Database' not found in models/ or controllers/
[17-Aug-2026 23:39:59 Africa/Lagos] Autoload failed: Class 'Database' not found in models/ or controllers/
[17-Aug-2026 23:40:59 Africa/Lagos] Autoload failed: Class 'Database' not found in models/ or controllers/
[17-Aug-2026 23:41:59 Africa/Lagos] Autoload failed: Class 'Database' not found in models/ or controllers/
[17-Aug-2026 23:42:59 Africa/Lagos] Autoload failed: Class 'Database' not found in models/ or controllers/
[17-Aug-2026 23:43:59 Africa/Lagos] Autoload failed: Class 'Database' not found in models/ or controllers/
[17-Aug-2026 23:44:59 Africa/Lagos] Autoload failed: Class 'Database' not found in models/ or controllers/
[17-Aug-2026 23:45:59 Africa/Lagos] Autoload failed: Class 'Database' not found in models/ or controllers/
[17-Aug-2026 23:46:59 Africa/Lagos] Autoload failed: Class 'Database' not found in models/ or controllers/
[17-Aug-2026 23:47:59 Africa/Lagos] Autoload failed: Class 'Database' not found in models/ or controllers/
[17-Aug-2026 23:48:59 Africa/Lagos] Autoload failed: Class 'Database' not found in models/ or controllers/
[17-Aug-2026 23:49:59 Africa/Lagos] Autoload failed: Class 'Database' not found in models/ or controllers/
[17-Aug-2026 23:50:59 Africa/Lagos] Autoload failed: Class 'Database' not found in models/ or controllers/
[17-Aug-2026 23:51:59 Africa/Lagos] Autoload failed: Class 'Database' not found in models/ or controllers/
[17-Aug-2026 23:52:59 Africa/Lagos] Autoload failed: Class 'Database' not found in models/ or controllers/
[17-Aug-2026 23:53:59 Africa/Lagos] Autoload failed: Class 'Database' not found in models/ or controllers/
[17-Aug-2026 23:54:59 Africa/Lagos] Autoload failed: Class 'Database' not found in models/ or controllers/
[17-Aug-2026 23:55:59 Africa/Lagos] Autoload failed: Class 'Database' not found in models/ or controllers/
[17-Aug-2026 23:56:59 Africa/Lagos] Autoload failed: Class 'Database' not found in models/ or controllers/
[17-Aug-2026 23:57:59 Africa/Lagos] Autoload failed: Class 'Database' not found in models/ or controllers/
[17-Aug-2026 23:58:59 Africa/Lagos] Autoload failed: Class 'Database' not found in models/ or controllers/
[17-Aug-2026 23:59:59 Africa/Lagos] Autoload failed: Class 'Database' not found in models/ or controllers/
[18-Aug-2026 00:00:59 Africa/Lagos] Autoload failed: Class 'Database' not found in models/ or controllers/
[18-Aug-2026 00:01:59 Africa/Lagos] Autoload failed: Class 'Database' not found in models/ or controllers/
[18-Aug-2026 00:02:59 Africa/Lagos] Autoload failed: Class 'Database' not found in models/ or controllers/
[18-Aug-2026 00:03:59 Africa/Lagos] Autoload failed: Class 'Database' not found in models/ or controllers/
[18-Aug-2026 00:04:59 Africa/Lagos] Autoload failed: Class 'Database' not found in models/ or controllers/
[18-Aug-2026 00:05:59 Africa/Lagos] Autoload failed: Class 'Database' not found in models/ or controllers/
[18-Aug-2026 00:06:59 Africa/Lagos] Autoload failed: Class 'Database' not found in models/ or controllers/
[18-Aug-2026 00:07:59 Africa/Lagos] Autoload failed: Class 'Database' not found in models/ or controllers/
[18-Aug-2026 00:08:59 Africa/Lagos] Autoload failed: Class 'Database' not found in models/ or controllers/
[18-Aug-2026 00:09:59 Africa/Lagos] Autoload failed: Class 'Database' not found in models/ or controllers/
[18-Aug-2026 00:10:59 Africa/Lagos] Autoload failed: Class 'Database' not found in models/ or controllers/
[18-Aug-2026 00:11:59 Africa/Lagos] Autoload failed: Class 'Database' not found in models/ or controllers/
[18-Aug-2026 00:12:59 Africa/Lagos] Autoload failed: Class 'Database' not found in models/ or controllers/
[18-Aug-2026 00:13:59 Africa/Lagos] Autoload failed: Class 'Database' not found in models/ or controllers/
[18-Aug-2026 00:15:01 Africa/Lagos] Autoload failed: Class 'Database' not found in models/ or controllers/
[18-Aug-2026 00:15:59 Africa/Lagos] Autoload failed: Class 'Database' not found in models/ or controllers/
[18-Aug-2026 00:16:59 Africa/Lagos] Autoload failed: Class 'Database' not found in models/ or controllers/
[18-Aug-2026 00:17:59 Africa/Lagos] Autoload failed: Class 'Database' not found in models/ or controllers/
[18-Aug-2026 00:18:59 Africa/Lagos] Autoload failed: Class 'Database' not found in models/ or controllers/
[18-Aug-2026 00:19:59 Africa/Lagos] Autoload failed: Class 'Database' not found in models/ or controllers/
[18-Aug-2026 00:20:59 Africa/Lagos] Autoload failed: Class 'Database' not found in models/ or controllers/
[18-Aug-2026 00:21:59 Africa/Lagos] Autoload failed: Class 'Database' not found in models/ or controllers/
[18-Aug-2026 00:22:59 Africa/Lagos] Autoload failed: Class 'Database' not found in models/ or controllers/
[18-Aug-2026 00:23:59 Africa/Lagos] Autoload failed: Class 'Database' not found in models/ or controllers/
[18-Aug-2026 00:24:59 Africa/Lagos] Autoload failed: Class 'Database' not found in models/ or controllers/
[18-Aug-2026 00:25:59 Africa/Lagos] Autoload failed: Class 'Database' not found in models/ or controllers/
[18-Aug-2026 00:26:59 Africa/Lagos] Autoload failed: Class 'Database' not found in models/ or controllers/
[18-Aug-2026 00:27:59 Africa/Lagos] Autoload failed: Class 'Database' not found in models/ or controllers/
[18-Aug-2026 00:28:59 Africa/Lagos] Autoload failed: Class 'Database' not found in models/ or controllers/
[18-Aug-2026 00:29:59 Africa/Lagos] Autoload failed: Class 'Database' not found in models/ or controllers/
[18-Aug-2026 00:30:59 Africa/Lagos] Autoload failed: Class 'Database' not found in models/ or controllers/
[18-Aug-2026 00:31:59 Africa/Lagos] Autoload failed: Class 'Database' not found in models/ or controllers/
[18-Aug-2026 00:32:59 Africa/Lagos] Autoload failed: Class 'Database' not found in models/ or controllers/
[18-Aug-2026 00:33:59 Africa/Lagos] Autoload failed: Class 'Database' not found in models/ or controllers/
[18-Aug-2026 00:34:59 Africa/Lagos] Autoload failed: Class 'Database' not found in models/ or controllers/
[18-Aug-2026 00:35:59 Africa/Lagos] Autoload failed: Class 'Database' not found in models/ or controllers/
[18-Aug-2026 00:36:59 Africa/Lagos] Autoload failed: Class 'Database' not found in models/ or controllers/
[18-Aug-2026 00:37:59 Africa/Lagos] Autoload failed: Class 'Database' not found in models/ or controllers/
[18-Aug-2026 00:38:59 Africa/Lagos] Autoload failed: Class 'Database' not found in models/ or controllers/
[18-Aug-2026 00:39:59 Africa/Lagos] Autoload failed: Class 'Database' not found in models/ or controllers/
[18-Aug-2026 00:40:59 Africa/Lagos] Autoload failed: Class 'Database' not found in models/ or controllers/
[18-Aug-2026 00:41:59 Africa/Lagos] Autoload failed: Class 'Database' not found in models/ or controllers/
[18-Aug-2026 00:42:59 Africa/Lagos] Autoload failed: Class 'Database' not found in models/ or controllers/
[18-Aug-2026 00:43:59 Africa/Lagos] Autoload failed: Class 'Database' not found in models/ or controllers/
[18-Aug-2026 00:44:59 Africa/Lagos] Autoload failed: Class 'Database' not found in models/ or controllers/
[18-Aug-2026 00:45:59 Africa/Lagos] Autoload failed: Class 'Database' not found in models/ or controllers/
[18-Aug-2026 00:46:59 Africa/Lagos] Autoload failed: Class 'Database' not found in models/ or controllers/
[18-Aug-2026 00:47:59 Africa/Lagos] Autoload failed: Class 'Database' not found in models/ or controllers/
[18-Aug-2026 00:48:59 Africa/Lagos] Autoload failed: Class 'Database' not found in models/ or controllers/
[18-Aug-2026 01:00:29 Africa/Lagos] Autoload failed: Class 'Database' not found in models/ or controllers/
[18-Aug-2026 01:00:51 Africa/Lagos] Autoload failed: Class 'Database' not found in models/ or controllers/
[18-Aug-2026 01:01:51 Africa/Lagos] Autoload failed: Class 'Database' not found in models/ or controllers/
[18-Aug-2026 01:02:51 Africa/Lagos] Autoload failed: Class 'Database' not found in models/ or controllers/
[18-Aug-2026 01:03:51 Africa/Lagos] Autoload failed: Class 'Database' not found in models/ or controllers/
[18-Aug-2026 01:04:51 Africa/Lagos] Autoload failed: Class 'Database' not found in models/ or controllers/
[18-Aug-2026 01:05:51 Africa/Lagos] Autoload failed: Class 'Database' not found in models/ or controllers/
[18-Aug-2026 01:06:51 Africa/Lagos] Autoload failed: Class 'Database' not found in models/ or controllers/
[18-Aug-2026 01:07:51 Africa/Lagos] Autoload failed: Class 'Database' not found in models/ or controllers/
[18-Aug-2026 01:08:51 Africa/Lagos] Autoload failed: Class 'Database' not found in models/ or controllers/
[18-Aug-2026 01:09:51 Africa/Lagos] Autoload failed: Class 'Database' not found in models/ or controllers/
[18-Aug-2026 01:10:51 Africa/Lagos] Autoload failed: Class 'Database' not found in models/ or controllers/
[18-Aug-2026 01:11:51 Africa/Lagos] Autoload failed: Class 'Database' not found in models/ or controllers/
[18-Aug-2026 01:12:51 Africa/Lagos] Autoload failed: Class 'Database' not found in models/ or controllers/
[18-Aug-2026 01:13:51 Africa/Lagos] Autoload failed: Class 'Database' not found in models/ or controllers/
[18-Aug-2026 01:14:51 Africa/Lagos] Autoload failed: Class 'Database' not found in models/ or controllers/
[18-Aug-2026 01:15:51 Africa/Lagos] Autoload failed: Class 'Database' not found in models/ or controllers/
[18-Aug-2026 01:16:51 Africa/Lagos] Autoload failed: Class 'Database' not found in models/ or controllers/
[18-Aug-2026 01:17:51 Africa/Lagos] Autoload failed: Class 'Database' not found in models/ or controllers/
[18-Aug-2026 01:18:51 Africa/Lagos] Autoload failed: Class 'Database' not found in models/ or controllers/
[18-Aug-2026 01:19:51 Africa/Lagos] Autoload failed: Class 'Database' not found in models/ or controllers/
[18-Aug-2026 01:20:51 Africa/Lagos] Autoload failed: Class 'Database' not found in models/ or controllers/
[18-Aug-2026 01:21:51 Africa/Lagos] Autoload failed: Class 'Database' not found in models/ or controllers/
[18-Aug-2026 01:22:51 Africa/Lagos] Autoload failed: Class 'Database' not found in models/ or controllers/
[18-Aug-2026 01:23:51 Africa/Lagos] Autoload failed: Class 'Database' not found in models/ or controllers/
[18-Aug-2026 01:24:51 Africa/Lagos] Autoload failed: Class 'Database' not found in models/ or controllers/
[18-Aug-2026 01:25:51 Africa/Lagos] Autoload failed: Class 'Database' not found in models/ or controllers/
[18-Aug-2026 01:26:51 Africa/Lagos] Autoload failed: Class 'Database' not found in models/ or controllers/
[18-Aug-2026 01:27:51 Africa/Lagos] Autoload failed: Class 'Database' not found in models/ or controllers/
[18-Aug-2026 01:28:51 Africa/Lagos] Autoload failed: Class 'Database' not found in models/ or controllers/
[18-Aug-2026 01:28:57 Africa/Lagos] Autoload failed: Class 'Database' not found in models/ or controllers/
[18-Aug-2026 01:29:01 Africa/Lagos] Autoload failed: Class 'Database' not found in models/ or controllers/
[18-Aug-2026 01:29:09 Africa/Lagos] Autoload failed: Class 'Database' not found in models/ or controllers/
[18-Aug-2026 01:29:09 Africa/Lagos] Get Top Matches Error: SQLSTATE[HY093]: Invalid parameter number
[18-Aug-2026 01:29:09 Africa/Lagos] Get Recent Conversations Error: SQLSTATE[HY093]: Invalid parameter number
[18-Aug-2026 01:29:09 Africa/Lagos] Get Exchange Stats Error: SQLSTATE[HY093]: Invalid parameter number
[18-Aug-2026 01:29:11 Africa/Lagos] Autoload failed: Class 'Database' not found in models/ or controllers/
[18-Aug-2026 01:29:21 Africa/Lagos] Autoload failed: Class 'Database' not found in models/ or controllers/
[18-Aug-2026 01:29:31 Africa/Lagos] Autoload failed: Class 'Database' not found in models/ or controllers/
[18-Aug-2026 01:29:41 Africa/Lagos] Autoload failed: Class 'Database' not found in models/ or controllers/
[18-Aug-2026 01:29:51 Africa/Lagos] Autoload failed: Class 'Database' not found in models/ or controllers/
[18-Aug-2026 01:30:01 Africa/Lagos] Autoload failed: Class 'Database' not found in models/ or controllers/
[18-Aug-2026 01:30:11 Africa/Lagos] Autoload failed: Class 'Database' not found in models/ or controllers/
[18-Aug-2026 01:30:21 Africa/Lagos] Autoload failed: Class 'Database' not found in models/ or controllers/
[18-Aug-2026 01:30:31 Africa/Lagos] Autoload failed: Class 'Database' not found in models/ or controllers/
[18-Aug-2026 01:30:41 Africa/Lagos] Autoload failed: Class 'Database' not found in models/ or controllers/
[18-Aug-2026 01:30:51 Africa/Lagos] Autoload failed: Class 'Database' not found in models/ or controllers/
[18-Aug-2026 01:31:05 Africa/Lagos] Autoload failed: Class 'Database' not found in models/ or controllers/
[18-Aug-2026 01:31:11 Africa/Lagos] Autoload failed: Class 'Database' not found in models/ or controllers/
[18-Aug-2026 01:31:22 Africa/Lagos] Autoload failed: Class 'Database' not found in models/ or controllers/
[18-Aug-2026 01:31:32 Africa/Lagos] Autoload failed: Class 'Database' not found in models/ or controllers/
[18-Aug-2026 01:31:41 Africa/Lagos] Autoload failed: Class 'Database' not found in models/ or controllers/
[18-Aug-2026 01:32:51 Africa/Lagos] Autoload failed: Class 'Database' not found in models/ or controllers/
[18-Aug-2026 01:33:24 Africa/Lagos] Autoload failed: Class 'Database' not found in models/ or controllers/
[18-Aug-2026 01:33:31 Africa/Lagos] Autoload failed: Class 'Database' not found in models/ or controllers/
[18-Aug-2026 01:33:32 Africa/Lagos] Autoload failed: Class 'Database' not found in models/ or controllers/
[18-Aug-2026 01:33:32 Africa/Lagos] Get User Matches Error: SQLSTATE[HY093]: Invalid parameter number
[18-Aug-2026 01:33:32 Africa/Lagos] Count User Matches Error: SQLSTATE[HY093]: Invalid parameter number
[18-Aug-2026 01:33:34 Africa/Lagos] Autoload failed: Class 'Database' not found in models/ or controllers/
[18-Aug-2026 01:33:35 Africa/Lagos] Autoload failed: Class 'Database' not found in models/ or controllers/
[18-Aug-2026 01:33:36 Africa/Lagos] Autoload failed: Class 'Database' not found in models/ or controllers/
[18-Aug-2026 01:33:37 Africa/Lagos] Autoload failed: Class 'Database' not found in models/ or controllers/
[18-Aug-2026 01:33:37 Africa/Lagos] Get User Matches Error: SQLSTATE[HY093]: Invalid parameter number
[18-Aug-2026 01:33:37 Africa/Lagos] Count User Matches Error: SQLSTATE[HY093]: Invalid parameter number
[18-Aug-2026 01:33:37 Africa/Lagos] Autoload failed: Class 'Database' not found in models/ or controllers/
[18-Aug-2026 01:33:48 Africa/Lagos] Autoload failed: Class 'Database' not found in models/ or controllers/
[18-Aug-2026 01:33:58 Africa/Lagos] Autoload failed: Class 'Database' not found in models/ or controllers/
[18-Aug-2026 01:34:08 Africa/Lagos] Autoload failed: Class 'Database' not found in models/ or controllers/
[18-Aug-2026 01:34:17 Africa/Lagos] Autoload failed: Class 'Database' not found in models/ or controllers/
[18-Aug-2026 01:34:28 Africa/Lagos] Autoload failed: Class 'Database' not found in models/ or controllers/
[18-Aug-2026 01:34:38 Africa/Lagos] Autoload failed: Class 'Database' not found in models/ or controllers/
[18-Aug-2026 01:34:48 Africa/Lagos] Autoload failed: Class 'Database' not found in models/ or controllers/
[18-Aug-2026 01:34:58 Africa/Lagos] Autoload failed: Class 'Database' not found in models/ or controllers/
[18-Aug-2026 01:35:08 Africa/Lagos] Autoload failed: Class 'Database' not found in models/ or controllers/
[18-Aug-2026 01:35:18 Africa/Lagos] Autoload failed: Class 'Database' not found in models/ or controllers/
[18-Aug-2026 01:35:51 Africa/Lagos] Autoload failed: Class 'Database' not found in models/ or controllers/
[18-Aug-2026 01:36:51 Africa/Lagos] Autoload failed: Class 'Database' not found in models/ or controllers/
[18-Aug-2026 01:37:51 Africa/Lagos] Autoload failed: Class 'Database' not found in models/ or controllers/
[18-Aug-2026 01:38:51 Africa/Lagos] Autoload failed: Class 'Database' not found in models/ or controllers/
[18-Aug-2026 01:39:51 Africa/Lagos] Autoload failed: Class 'Database' not found in models/ or controllers/
[18-Aug-2026 01:40:51 Africa/Lagos] Autoload failed: Class 'Database' not found in models/ or controllers/
[18-Aug-2026 01:41:51 Africa/Lagos] Autoload failed: Class 'Database' not found in models/ or controllers/
[18-Aug-2026 01:42:51 Africa/Lagos] Autoload failed: Class 'Database' not found in models/ or controllers/
[18-Aug-2026 01:43:51 Africa/Lagos] Autoload failed: Class 'Database' not found in models/ or controllers/
[18-Aug-2026 01:43:57 Africa/Lagos] Autoload failed: Class 'Database' not found in models/ or controllers/
[18-Aug-2026 01:44:01 Africa/Lagos] Autoload failed: Class 'Database' not found in models/ or controllers/
[18-Aug-2026 01:44:01 Africa/Lagos] PHP Warning:  Undefined array key "category_id" in C:\laragon\www\skillswap\controllers\MatchController.php on line 303
[18-Aug-2026 01:44:01 Africa/Lagos] PHP Warning:  Undefined array key "category_id" in C:\laragon\www\skillswap\controllers\MatchController.php on line 306
[18-Aug-2026 01:44:01 Africa/Lagos] PHP Warning:  Undefined array key "category_id" in C:\laragon\www\skillswap\controllers\MatchController.php on line 306
[18-Aug-2026 01:44:01 Africa/Lagos] PHP Warning:  Undefined array key "category_id" in C:\laragon\www\skillswap\controllers\MatchController.php on line 314
[18-Aug-2026 01:44:01 Africa/Lagos] PHP Warning:  Undefined array key "category_id" in C:\laragon\www\skillswap\controllers\MatchController.php on line 314
[18-Aug-2026 01:44:01 Africa/Lagos] PHP Warning:  Undefined array key "category_id" in C:\laragon\www\skillswap\controllers\MatchController.php on line 303
[18-Aug-2026 01:44:01 Africa/Lagos] PHP Warning:  Undefined array key "category_id" in C:\laragon\www\skillswap\controllers\MatchController.php on line 306
[18-Aug-2026 01:44:01 Africa/Lagos] PHP Warning:  Undefined array key "category_id" in C:\laragon\www\skillswap\controllers\MatchController.php on line 306
[18-Aug-2026 01:44:01 Africa/Lagos] PHP Warning:  Undefined array key "category_id" in C:\laragon\www\skillswap\controllers\MatchController.php on line 314
[18-Aug-2026 01:44:01 Africa/Lagos] PHP Warning:  Undefined array key "category_id" in C:\laragon\www\skillswap\controllers\MatchController.php on line 314
[18-Aug-2026 01:44:01 Africa/Lagos] PHP Warning:  Undefined array key "category_id" in C:\laragon\www\skillswap\controllers\MatchController.php on line 303
[18-Aug-2026 01:44:01 Africa/Lagos] PHP Warning:  Undefined array key "category_id" in C:\laragon\www\skillswap\controllers\MatchController.php on line 306
[18-Aug-2026 01:44:01 Africa/Lagos] PHP Warning:  Undefined array key "category_id" in C:\laragon\www\skillswap\controllers\MatchController.php on line 306
[18-Aug-2026 01:44:01 Africa/Lagos] PHP Warning:  Undefined array key "category_id" in C:\laragon\www\skillswap\controllers\MatchController.php on line 314
[18-Aug-2026 01:44:01 Africa/Lagos] PHP Warning:  Undefined array key "category_id" in C:\laragon\www\skillswap\controllers\MatchController.php on line 314
[18-Aug-2026 01:44:01 Africa/Lagos] PHP Warning:  Undefined array key "category_id" in C:\laragon\www\skillswap\controllers\MatchController.php on line 303
[18-Aug-2026 01:44:01 Africa/Lagos] PHP Warning:  Undefined array key "category_id" in C:\laragon\www\skillswap\controllers\MatchController.php on line 306
[18-Aug-2026 01:44:01 Africa/Lagos] PHP Warning:  Undefined array key "category_id" in C:\laragon\www\skillswap\controllers\MatchController.php on line 306
[18-Aug-2026 01:44:01 Africa/Lagos] PHP Warning:  Undefined array key "category_id" in C:\laragon\www\skillswap\controllers\MatchController.php on line 314
[18-Aug-2026 01:44:01 Africa/Lagos] PHP Warning:  Undefined array key "category_id" in C:\laragon\www\skillswap\controllers\MatchController.php on line 314
[18-Aug-2026 01:44:01 Africa/Lagos] PHP Warning:  Undefined array key "category_id" in C:\laragon\www\skillswap\controllers\MatchController.php on line 303
[18-Aug-2026 01:44:01 Africa/Lagos] PHP Warning:  Undefined array key "category_id" in C:\laragon\www\skillswap\controllers\MatchController.php on line 306
[18-Aug-2026 01:44:01 Africa/Lagos] PHP Warning:  Undefined array key "category_id" in C:\laragon\www\skillswap\controllers\MatchController.php on line 306
[18-Aug-2026 01:44:01 Africa/Lagos] PHP Warning:  Undefined array key "category_id" in C:\laragon\www\skillswap\controllers\MatchController.php on line 314
[18-Aug-2026 01:44:01 Africa/Lagos] PHP Warning:  Undefined array key "category_id" in C:\laragon\www\skillswap\controllers\MatchController.php on line 314
[18-Aug-2026 01:44:01 Africa/Lagos] PHP Warning:  Undefined array key "category_id" in C:\laragon\www\skillswap\controllers\MatchController.php on line 303
[18-Aug-2026 01:44:01 Africa/Lagos] PHP Warning:  Undefined array key "category_id" in C:\laragon\www\skillswap\controllers\MatchController.php on line 306
[18-Aug-2026 01:44:01 Africa/Lagos] PHP Warning:  Undefined array key "category_id" in C:\laragon\www\skillswap\controllers\MatchController.php on line 306
[18-Aug-2026 01:44:01 Africa/Lagos] PHP Warning:  Undefined array key "category_id" in C:\laragon\www\skillswap\controllers\MatchController.php on line 314
[18-Aug-2026 01:44:01 Africa/Lagos] PHP Warning:  Undefined array key "category_id" in C:\laragon\www\skillswap\controllers\MatchController.php on line 314
[18-Aug-2026 01:44:01 Africa/Lagos] PHP Warning:  Cannot modify header information - headers already sent by (output started at C:\laragon\www\skillswap\controllers\MatchController.php:306) in C:\laragon\www\skillswap\helpers\functions.php on line 29
[18-Aug-2026 01:44:16 Africa/Lagos] Autoload failed: Class 'Database' not found in models/ or controllers/
[18-Aug-2026 01:44:16 Africa/Lagos] Autoload failed: Class 'Database' not found in models/ or controllers/
[18-Aug-2026 01:44:26 Africa/Lagos] Autoload failed: Class 'Database' not found in models/ or controllers/
[18-Aug-2026 01:44:26 Africa/Lagos] Autoload failed: Class 'Database' not found in models/ or controllers/
[18-Aug-2026 01:44:27 Africa/Lagos] Autoload failed: Class 'Database' not found in models/ or controllers/
[18-Aug-2026 01:44:28 Africa/Lagos] Autoload failed: Class 'Database' not found in models/ or controllers/
[18-Aug-2026 01:44:29 Africa/Lagos] Autoload failed: Class 'Database' not found in models/ or controllers/
[18-Aug-2026 01:44:30 Africa/Lagos] Autoload failed: Class 'Database' not found in models/ or controllers/
[18-Aug-2026 01:44:30 Africa/Lagos] Autoload failed: Class 'Database' not found in models/ or controllers/
[18-Aug-2026 01:44:32 Africa/Lagos] Autoload failed: Class 'Database' not found in models/ or controllers/
[18-Aug-2026 01:44:33 Africa/Lagos] Autoload failed: Class 'Database' not found in models/ or controllers/
[18-Aug-2026 01:44:34 Africa/Lagos] Autoload failed: Class 'Database' not found in models/ or controllers/
[18-Aug-2026 01:44:35 Africa/Lagos] Autoload failed: Class 'Database' not found in models/ or controllers/
[18-Aug-2026 01:44:45 Africa/Lagos] Autoload failed: Class 'Database' not found in models/ or controllers/
[18-Aug-2026 01:44:49 Africa/Lagos] Autoload failed: Class 'Database' not found in models/ or controllers/
[18-Aug-2026 01:44:49 Africa/Lagos] PHP Warning:  Undefined array key "category_id" in C:\laragon\www\skillswap\controllers\MatchController.php on line 303
[18-Aug-2026 01:44:49 Africa/Lagos] PHP Warning:  Undefined array key "category_id" in C:\laragon\www\skillswap\controllers\MatchController.php on line 306
[18-Aug-2026 01:44:49 Africa/Lagos] PHP Warning:  Undefined array key "category_id" in C:\laragon\www\skillswap\controllers\MatchController.php on line 306
[18-Aug-2026 01:44:49 Africa/Lagos] PHP Warning:  Undefined array key "category_id" in C:\laragon\www\skillswap\controllers\MatchController.php on line 314
[18-Aug-2026 01:44:49 Africa/Lagos] PHP Warning:  Undefined array key "category_id" in C:\laragon\www\skillswap\controllers\MatchController.php on line 314
[18-Aug-2026 01:44:49 Africa/Lagos] PHP Warning:  Undefined array key "category_id" in C:\laragon\www\skillswap\controllers\MatchController.php on line 303
[18-Aug-2026 01:44:49 Africa/Lagos] PHP Warning:  Undefined array key "category_id" in C:\laragon\www\skillswap\controllers\MatchController.php on line 306
[18-Aug-2026 01:44:49 Africa/Lagos] PHP Warning:  Undefined array key "category_id" in C:\laragon\www\skillswap\controllers\MatchController.php on line 306
[18-Aug-2026 01:44:49 Africa/Lagos] PHP Warning:  Undefined array key "category_id" in C:\laragon\www\skillswap\controllers\MatchController.php on line 314
[18-Aug-2026 01:44:49 Africa/Lagos] PHP Warning:  Undefined array key "category_id" in C:\laragon\www\skillswap\controllers\MatchController.php on line 314
[18-Aug-2026 01:44:49 Africa/Lagos] PHP Warning:  Undefined array key "category_id" in C:\laragon\www\skillswap\controllers\MatchController.php on line 303
[18-Aug-2026 01:44:49 Africa/Lagos] PHP Warning:  Undefined array key "category_id" in C:\laragon\www\skillswap\controllers\MatchController.php on line 306
[18-Aug-2026 01:44:49 Africa/Lagos] PHP Warning:  Undefined array key "category_id" in C:\laragon\www\skillswap\controllers\MatchController.php on line 306
[18-Aug-2026 01:44:49 Africa/Lagos] PHP Warning:  Undefined array key "category_id" in C:\laragon\www\skillswap\controllers\MatchController.php on line 314
[18-Aug-2026 01:44:49 Africa/Lagos] PHP Warning:  Undefined array key "category_id" in C:\laragon\www\skillswap\controllers\MatchController.php on line 314
[18-Aug-2026 01:44:49 Africa/Lagos] PHP Warning:  Undefined array key "category_id" in C:\laragon\www\skillswap\controllers\MatchController.php on line 303
[18-Aug-2026 01:44:49 Africa/Lagos] PHP Warning:  Undefined array key "category_id" in C:\laragon\www\skillswap\controllers\MatchController.php on line 306
[18-Aug-2026 01:44:49 Africa/Lagos] PHP Warning:  Undefined array key "category_id" in C:\laragon\www\skillswap\controllers\MatchController.php on line 306
[18-Aug-2026 01:44:49 Africa/Lagos] PHP Warning:  Undefined array key "category_id" in C:\laragon\www\skillswap\controllers\MatchController.php on line 314
[18-Aug-2026 01:44:49 Africa/Lagos] PHP Warning:  Undefined array key "category_id" in C:\laragon\www\skillswap\controllers\MatchController.php on line 314
[18-Aug-2026 01:44:49 Africa/Lagos] PHP Warning:  Undefined array key "category_id" in C:\laragon\www\skillswap\controllers\MatchController.php on line 303
[18-Aug-2026 01:44:49 Africa/Lagos] PHP Warning:  Undefined array key "category_id" in C:\laragon\www\skillswap\controllers\MatchController.php on line 306
[18-Aug-2026 01:44:49 Africa/Lagos] PHP Warning:  Undefined array key "category_id" in C:\laragon\www\skillswap\controllers\MatchController.php on line 306
[18-Aug-2026 01:44:49 Africa/Lagos] PHP Warning:  Undefined array key "category_id" in C:\laragon\www\skillswap\controllers\MatchController.php on line 314
[18-Aug-2026 01:44:49 Africa/Lagos] PHP Warning:  Undefined array key "category_id" in C:\laragon\www\skillswap\controllers\MatchController.php on line 314
[18-Aug-2026 01:44:49 Africa/Lagos] PHP Warning:  Undefined array key "category_id" in C:\laragon\www\skillswap\controllers\MatchController.php on line 303
[18-Aug-2026 01:44:49 Africa/Lagos] PHP Warning:  Undefined array key "category_id" in C:\laragon\www\skillswap\controllers\MatchController.php on line 306
[18-Aug-2026 01:44:49 Africa/Lagos] PHP Warning:  Undefined array key "category_id" in C:\laragon\www\skillswap\controllers\MatchController.php on line 306
[18-Aug-2026 01:44:49 Africa/Lagos] PHP Warning:  Undefined array key "category_id" in C:\laragon\www\skillswap\controllers\MatchController.php on line 314
[18-Aug-2026 01:44:49 Africa/Lagos] PHP Warning:  Undefined array key "category_id" in C:\laragon\www\skillswap\controllers\MatchController.php on line 314
[18-Aug-2026 01:44:49 Africa/Lagos] PHP Warning:  Cannot modify header information - headers already sent by (output started at C:\laragon\www\skillswap\controllers\MatchController.php:306) in C:\laragon\www\skillswap\helpers\functions.php on line 29
[18-Aug-2026 01:44:51 Africa/Lagos] Autoload failed: Class 'Database' not found in models/ or controllers/
[18-Aug-2026 01:44:51 Africa/Lagos] Autoload failed: Class 'Database' not found in models/ or controllers/
[18-Aug-2026 01:45:01 Africa/Lagos] Autoload failed: Class 'Database' not found in models/ or controllers/
[18-Aug-2026 01:45:12 Africa/Lagos] Autoload failed: Class 'Database' not found in models/ or controllers/
[18-Aug-2026 01:45:22 Africa/Lagos] Autoload failed: Class 'Database' not found in models/ or controllers/
[18-Aug-2026 01:45:32 Africa/Lagos] Autoload failed: Class 'Database' not found in models/ or controllers/
[18-Aug-2026 01:45:42 Africa/Lagos] Autoload failed: Class 'Database' not found in models/ or controllers/
[18-Aug-2026 01:45:52 Africa/Lagos] Autoload failed: Class 'Database' not found in models/ or controllers/
[18-Aug-2026 01:46:02 Africa/Lagos] Autoload failed: Class 'Database' not found in models/ or controllers/
[18-Aug-2026 01:46:51 Africa/Lagos] Autoload failed: Class 'Database' not found in models/ or controllers/
[18-Aug-2026 01:47:51 Africa/Lagos] Autoload failed: Class 'Database' not found in models/ or controllers/
[18-Aug-2026 01:48:51 Africa/Lagos] Autoload failed: Class 'Database' not found in models/ or controllers/
[18-Aug-2026 01:49:51 Africa/Lagos] Autoload failed: Class 'Database' not found in models/ or controllers/
[18-Aug-2026 01:50:51 Africa/Lagos] Autoload failed: Class 'Database' not found in models/ or controllers/
[18-Aug-2026 01:51:51 Africa/Lagos] Autoload failed: Class 'Database' not found in models/ or controllers/
[18-Aug-2026 01:52:27 Africa/Lagos] Autoload failed: Class 'Database' not found in models/ or controllers/
[18-Aug-2026 01:52:29 Africa/Lagos] Autoload failed: Class 'Database' not found in models/ or controllers/
[18-Aug-2026 01:52:30 Africa/Lagos] Autoload failed: Class 'Database' not found in models/ or controllers/
[18-Aug-2026 01:52:31 Africa/Lagos] Autoload failed: Class 'Database' not found in models/ or controllers/
[18-Aug-2026 01:52:31 Africa/Lagos] Autoload failed: Class 'Database' not found in models/ or controllers/
[18-Aug-2026 01:52:32 Africa/Lagos] Autoload failed: Class 'Database' not found in models/ or controllers/
[18-Aug-2026 01:52:32 Africa/Lagos] Autoload failed: Class 'Database' not found in models/ or controllers/
[18-Aug-2026 01:52:33 Africa/Lagos] Autoload failed: Class 'Database' not found in models/ or controllers/
[18-Aug-2026 01:52:33 Africa/Lagos] Autoload failed: Class 'Database' not found in models/ or controllers/
[18-Aug-2026 01:52:35 Africa/Lagos] Autoload failed: Class 'Database' not found in models/ or controllers/
[18-Aug-2026 01:52:36 Africa/Lagos] Autoload failed: Class 'Database' not found in models/ or controllers/
[18-Aug-2026 01:52:40 Africa/Lagos] Autoload failed: Class 'Database' not found in models/ or controllers/
[18-Aug-2026 01:52:40 Africa/Lagos] PHP Warning:  Undefined array key "category_id" in C:\laragon\www\skillswap\controllers\MatchController.php on line 303
[18-Aug-2026 01:52:40 Africa/Lagos] PHP Warning:  Undefined array key "category_id" in C:\laragon\www\skillswap\controllers\MatchController.php on line 306
[18-Aug-2026 01:52:40 Africa/Lagos] PHP Warning:  Undefined array key "category_id" in C:\laragon\www\skillswap\controllers\MatchController.php on line 306
[18-Aug-2026 01:52:40 Africa/Lagos] PHP Warning:  Undefined array key "category_id" in C:\laragon\www\skillswap\controllers\MatchController.php on line 314
[18-Aug-2026 01:52:40 Africa/Lagos] PHP Warning:  Undefined array key "category_id" in C:\laragon\www\skillswap\controllers\MatchController.php on line 314
[18-Aug-2026 01:52:40 Africa/Lagos] PHP Warning:  Undefined array key "category_id" in C:\laragon\www\skillswap\controllers\MatchController.php on line 303
[18-Aug-2026 01:52:40 Africa/Lagos] PHP Warning:  Undefined array key "category_id" in C:\laragon\www\skillswap\controllers\MatchController.php on line 306
[18-Aug-2026 01:52:40 Africa/Lagos] PHP Warning:  Undefined array key "category_id" in C:\laragon\www\skillswap\controllers\MatchController.php on line 306
[18-Aug-2026 01:52:40 Africa/Lagos] PHP Warning:  Undefined array key "category_id" in C:\laragon\www\skillswap\controllers\MatchController.php on line 314
[18-Aug-2026 01:52:40 Africa/Lagos] PHP Warning:  Undefined array key "category_id" in C:\laragon\www\skillswap\controllers\MatchController.php on line 314
[18-Aug-2026 01:52:40 Africa/Lagos] PHP Warning:  Undefined array key "category_id" in C:\laragon\www\skillswap\controllers\MatchController.php on line 303
[18-Aug-2026 01:52:40 Africa/Lagos] PHP Warning:  Undefined array key "category_id" in C:\laragon\www\skillswap\controllers\MatchController.php on line 306
[18-Aug-2026 01:52:40 Africa/Lagos] PHP Warning:  Undefined array key "category_id" in C:\laragon\www\skillswap\controllers\MatchController.php on line 306
[18-Aug-2026 01:52:40 Africa/Lagos] PHP Warning:  Undefined array key "category_id" in C:\laragon\www\skillswap\controllers\MatchController.php on line 314
[18-Aug-2026 01:52:40 Africa/Lagos] PHP Warning:  Undefined array key "category_id" in C:\laragon\www\skillswap\controllers\MatchController.php on line 314
[18-Aug-2026 01:52:40 Africa/Lagos] PHP Warning:  Undefined array key "category_id" in C:\laragon\www\skillswap\controllers\MatchController.php on line 303
[18-Aug-2026 01:52:40 Africa/Lagos] PHP Warning:  Undefined array key "category_id" in C:\laragon\www\skillswap\controllers\MatchController.php on line 306
[18-Aug-2026 01:52:40 Africa/Lagos] PHP Warning:  Undefined array key "category_id" in C:\laragon\www\skillswap\controllers\MatchController.php on line 306
[18-Aug-2026 01:52:40 Africa/Lagos] PHP Warning:  Undefined array key "category_id" in C:\laragon\www\skillswap\controllers\MatchController.php on line 314
[18-Aug-2026 01:52:40 Africa/Lagos] PHP Warning:  Undefined array key "category_id" in C:\laragon\www\skillswap\controllers\MatchController.php on line 314
[18-Aug-2026 01:52:40 Africa/Lagos] PHP Warning:  Undefined array key "category_id" in C:\laragon\www\skillswap\controllers\MatchController.php on line 303
[18-Aug-2026 01:52:40 Africa/Lagos] PHP Warning:  Undefined array key "category_id" in C:\laragon\www\skillswap\controllers\MatchController.php on line 306
[18-Aug-2026 01:52:40 Africa/Lagos] PHP Warning:  Undefined array key "category_id" in C:\laragon\www\skillswap\controllers\MatchController.php on line 306
[18-Aug-2026 01:52:40 Africa/Lagos] PHP Warning:  Undefined array key "category_id" in C:\laragon\www\skillswap\controllers\MatchController.php on line 314
[18-Aug-2026 01:52:40 Africa/Lagos] PHP Warning:  Undefined array key "category_id" in C:\laragon\www\skillswap\controllers\MatchController.php on line 314
[18-Aug-2026 01:52:40 Africa/Lagos] PHP Warning:  Undefined array key "category_id" in C:\laragon\www\skillswap\controllers\MatchController.php on line 303
[18-Aug-2026 01:52:40 Africa/Lagos] PHP Warning:  Undefined array key "category_id" in C:\laragon\www\skillswap\controllers\MatchController.php on line 306
[18-Aug-2026 01:52:40 Africa/Lagos] PHP Warning:  Undefined array key "category_id" in C:\laragon\www\skillswap\controllers\MatchController.php on line 306
[18-Aug-2026 01:52:40 Africa/Lagos] PHP Warning:  Undefined array key "category_id" in C:\laragon\www\skillswap\controllers\MatchController.php on line 314
[18-Aug-2026 01:52:40 Africa/Lagos] PHP Warning:  Undefined array key "category_id" in C:\laragon\www\skillswap\controllers\MatchController.php on line 314
[18-Aug-2026 01:52:40 Africa/Lagos] PHP Warning:  Cannot modify header information - headers already sent by (output started at C:\laragon\www\skillswap\controllers\MatchController.php:306) in C:\laragon\www\skillswap\helpers\functions.php on line 29
[18-Aug-2026 02:03:03 Africa/Lagos] Autoload failed: Class 'Database' not found in models/ or controllers/
[18-Aug-2026 02:03:03 Africa/Lagos] Autoload failed: Class 'Database' not found in models/ or controllers/
[18-Aug-2026 02:03:04 Africa/Lagos] Autoload failed: Class 'Database' not found in models/ or controllers/
[18-Aug-2026 02:03:12 Africa/Lagos] Autoload failed: Class 'Database' not found in models/ or controllers/
[18-Aug-2026 02:03:12 Africa/Lagos] Autoload failed: Class 'Database' not found in models/ or controllers/
[18-Aug-2026 02:03:13 Africa/Lagos] Autoload failed: Class 'Database' not found in models/ or controllers/
[18-Aug-2026 02:03:23 Africa/Lagos] Autoload failed: Class 'Database' not found in models/ or controllers/
[18-Aug-2026 02:03:23 Africa/Lagos] Autoload failed: Class 'Database' not found in models/ or controllers/
[18-Aug-2026 02:03:23 Africa/Lagos] Autoload failed: Class 'Database' not found in models/ or controllers/
[18-Aug-2026 02:03:30 Africa/Lagos] Autoload failed: Class 'Database' not found in models/ or controllers/
[18-Aug-2026 02:03:30 Africa/Lagos] Autoload failed: Class 'Database' not found in models/ or controllers/
[18-Aug-2026 02:03:31 Africa/Lagos] Autoload failed: Class 'Database' not found in models/ or controllers/
[18-Aug-2026 02:03:41 Africa/Lagos] Autoload failed: Class 'Database' not found in models/ or controllers/
[18-Aug-2026 02:03:51 Africa/Lagos] Autoload failed: Class 'Database' not found in models/ or controllers/
[18-Aug-2026 02:04:01 Africa/Lagos] Autoload failed: Class 'Database' not found in models/ or controllers/
[18-Aug-2026 02:04:11 Africa/Lagos] Autoload failed: Class 'Database' not found in models/ or controllers/
[18-Aug-2026 02:04:21 Africa/Lagos] Autoload failed: Class 'Database' not found in models/ or controllers/
[18-Aug-2026 02:04:31 Africa/Lagos] Autoload failed: Class 'Database' not found in models/ or controllers/
[18-Aug-2026 02:04:43 Africa/Lagos] Autoload failed: Class 'Database' not found in models/ or controllers/
[18-Aug-2026 02:04:51 Africa/Lagos] Autoload failed: Class 'Database' not found in models/ or controllers/
[18-Aug-2026 02:05:01 Africa/Lagos] Autoload failed: Class 'Database' not found in models/ or controllers/
[18-Aug-2026 02:05:11 Africa/Lagos] Autoload failed: Class 'Database' not found in models/ or controllers/
[18-Aug-2026 02:05:21 Africa/Lagos] Autoload failed: Class 'Database' not found in models/ or controllers/
[18-Aug-2026 02:05:31 Africa/Lagos] Autoload failed: Class 'Database' not found in models/ or controllers/
[18-Aug-2026 02:05:41 Africa/Lagos] Autoload failed: Class 'Database' not found in models/ or controllers/
[18-Aug-2026 02:05:51 Africa/Lagos] Autoload failed: Class 'Database' not found in models/ or controllers/
[18-Aug-2026 02:06:01 Africa/Lagos] Autoload failed: Class 'Database' not found in models/ or controllers/
[18-Aug-2026 02:06:11 Africa/Lagos] Autoload failed: Class 'Database' not found in models/ or controllers/
[18-Aug-2026 02:06:21 Africa/Lagos] Autoload failed: Class 'Database' not found in models/ or controllers/
[18-Aug-2026 02:06:31 Africa/Lagos] Autoload failed: Class 'Database' not found in models/ or controllers/
[18-Aug-2026 02:06:41 Africa/Lagos] Autoload failed: Class 'Database' not found in models/ or controllers/
[18-Aug-2026 02:06:51 Africa/Lagos] Autoload failed: Class 'Database' not found in models/ or controllers/
[18-Aug-2026 02:07:01 Africa/Lagos] Autoload failed: Class 'Database' not found in models/ or controllers/
[18-Aug-2026 02:07:11 Africa/Lagos] Autoload failed: Class 'Database' not found in models/ or controllers/
[18-Aug-2026 02:07:21 Africa/Lagos] Autoload failed: Class 'Database' not found in models/ or controllers/
[18-Aug-2026 02:07:31 Africa/Lagos] Autoload failed: Class 'Database' not found in models/ or controllers/
[18-Aug-2026 02:07:41 Africa/Lagos] Autoload failed: Class 'Database' not found in models/ or controllers/
[18-Aug-2026 02:07:51 Africa/Lagos] Autoload failed: Class 'Database' not found in models/ or controllers/
[18-Aug-2026 02:08:51 Africa/Lagos] Autoload failed: Class 'Database' not found in models/ or controllers/
[18-Aug-2026 02:09:51 Africa/Lagos] Autoload failed: Class 'Database' not found in models/ or controllers/
[18-Aug-2026 02:10:51 Africa/Lagos] Autoload failed: Class 'Database' not found in models/ or controllers/
[18-Aug-2026 02:11:33 Africa/Lagos] Autoload failed: Class 'Database' not found in models/ or controllers/
[18-Aug-2026 02:11:37 Africa/Lagos] Autoload failed: Class 'Database' not found in models/ or controllers/
[18-Aug-2026 02:11:38 Africa/Lagos] Autoload failed: Class 'Database' not found in models/ or controllers/
[18-Aug-2026 02:11:49 Africa/Lagos] Autoload failed: Class 'Database' not found in models/ or controllers/
[18-Aug-2026 02:11:59 Africa/Lagos] Autoload failed: Class 'Database' not found in models/ or controllers/
[18-Aug-2026 02:12:09 Africa/Lagos] Autoload failed: Class 'Database' not found in models/ or controllers/
[18-Aug-2026 02:12:19 Africa/Lagos] Autoload failed: Class 'Database' not found in models/ or controllers/
[18-Aug-2026 02:12:29 Africa/Lagos] Autoload failed: Class 'Database' not found in models/ or controllers/
[18-Aug-2026 02:12:39 Africa/Lagos] Autoload failed: Class 'Database' not found in models/ or controllers/
[18-Aug-2026 02:12:51 Africa/Lagos] Autoload failed: Class 'Database' not found in models/ or controllers/
[18-Aug-2026 02:13:01 Africa/Lagos] Autoload failed: Class 'Database' not found in models/ or controllers/
[18-Aug-2026 02:13:05 Africa/Lagos] Autoload failed: Class 'Database' not found in models/ or controllers/
[18-Aug-2026 02:13:05 Africa/Lagos] Autoload failed: Class 'Database' not found in models/ or controllers/
[18-Aug-2026 02:13:15 Africa/Lagos] Autoload failed: Class 'Database' not found in models/ or controllers/
[18-Aug-2026 02:13:25 Africa/Lagos] Autoload failed: Class 'Database' not found in models/ or controllers/
[18-Aug-2026 02:13:35 Africa/Lagos] Autoload failed: Class 'Database' not found in models/ or controllers/
[18-Aug-2026 02:13:46 Africa/Lagos] Autoload failed: Class 'Database' not found in models/ or controllers/
[18-Aug-2026 02:13:56 Africa/Lagos] Autoload failed: Class 'Database' not found in models/ or controllers/
[18-Aug-2026 02:14:06 Africa/Lagos] Autoload failed: Class 'Database' not found in models/ or controllers/
[18-Aug-2026 02:14:16 Africa/Lagos] Autoload failed: Class 'Database' not found in models/ or controllers/
[18-Aug-2026 02:14:26 Africa/Lagos] Autoload failed: Class 'Database' not found in models/ or controllers/
[18-Aug-2026 02:14:36 Africa/Lagos] Autoload failed: Class 'Database' not found in models/ or controllers/
[18-Aug-2026 02:14:46 Africa/Lagos] Autoload failed: Class 'Database' not found in models/ or controllers/
[18-Aug-2026 02:14:56 Africa/Lagos] Autoload failed: Class 'Database' not found in models/ or controllers/
[18-Aug-2026 02:15:06 Africa/Lagos] Autoload failed: Class 'Database' not found in models/ or controllers/
[18-Aug-2026 02:15:16 Africa/Lagos] Autoload failed: Class 'Database' not found in models/ or controllers/
[18-Aug-2026 02:15:26 Africa/Lagos] Autoload failed: Class 'Database' not found in models/ or controllers/
[18-Aug-2026 02:15:36 Africa/Lagos] Autoload failed: Class 'Database' not found in models/ or controllers/
[18-Aug-2026 02:15:51 Africa/Lagos] Autoload failed: Class 'Database' not found in models/ or controllers/
[18-Aug-2026 02:16:22 Africa/Lagos] Autoload failed: Class 'Database' not found in models/ or controllers/
[18-Aug-2026 02:16:23 Africa/Lagos] Autoload failed: Class 'Database' not found in models/ or controllers/
[18-Aug-2026 02:16:24 Africa/Lagos] Autoload failed: Class 'Database' not found in models/ or controllers/
[18-Aug-2026 02:16:34 Africa/Lagos] Autoload failed: Class 'Database' not found in models/ or controllers/
[18-Aug-2026 02:16:34 Africa/Lagos] Autoload failed: Class 'Database' not found in models/ or controllers/
[18-Aug-2026 02:16:44 Africa/Lagos] Autoload failed: Class 'Database' not found in models/ or controllers/
[18-Aug-2026 02:16:53 Africa/Lagos] Autoload failed: Class 'Database' not found in models/ or controllers/
[18-Aug-2026 02:16:53 Africa/Lagos] Autoload failed: Class 'Database' not found in models/ or controllers/
[18-Aug-2026 02:17:03 Africa/Lagos] Autoload failed: Class 'Database' not found in models/ or controllers/
[18-Aug-2026 02:17:04 Africa/Lagos] Autoload failed: Class 'Database' not found in models/ or controllers/
[18-Aug-2026 02:17:04 Africa/Lagos] Autoload failed: Class 'Database' not found in models/ or controllers/
[18-Aug-2026 02:17:06 Africa/Lagos] Autoload failed: Class 'Database' not found in models/ or controllers/
[18-Aug-2026 02:17:06 Africa/Lagos] Autoload failed: Class 'Database' not found in models/ or controllers/
[18-Aug-2026 02:17:15 Africa/Lagos] Autoload failed: Class 'Database' not found in models/ or controllers/
[18-Aug-2026 02:17:15 Africa/Lagos] Autoload failed: Class 'Database' not found in models/ or controllers/
[18-Aug-2026 02:17:15 Africa/Lagos] Autoload failed: Class 'Database' not found in models/ or controllers/
[18-Aug-2026 02:17:18 Africa/Lagos] Autoload failed: Class 'Database' not found in models/ or controllers/
[18-Aug-2026 02:17:19 Africa/Lagos] Autoload failed: Class 'Database' not found in models/ or controllers/
[18-Aug-2026 02:17:20 Africa/Lagos] Autoload failed: Class 'Database' not found in models/ or controllers/
[18-Aug-2026 02:17:21 Africa/Lagos] Autoload failed: Class 'Database' not found in models/ or controllers/
[18-Aug-2026 02:17:21 Africa/Lagos] Autoload failed: Class 'Database' not found in models/ or controllers/
[18-Aug-2026 02:17:22 Africa/Lagos] Autoload failed: Class 'Database' not found in models/ or controllers/
[18-Aug-2026 02:17:22 Africa/Lagos] Autoload failed: Class 'Database' not found in models/ or controllers/
[18-Aug-2026 02:17:25 Africa/Lagos] Autoload failed: Class 'Database' not found in models/ or controllers/
[18-Aug-2026 02:17:25 Africa/Lagos] Count User Exchanges Error: SQLSTATE[HY093]: Invalid parameter number
[18-Aug-2026 02:17:25 Africa/Lagos] Get Exchange Stats Error: SQLSTATE[HY093]: Invalid parameter number
[18-Aug-2026 02:17:25 Africa/Lagos] Autoload failed: Class 'Database' not found in models/ or controllers/
[18-Aug-2026 02:17:27 Africa/Lagos] Autoload failed: Class 'Database' not found in models/ or controllers/
[18-Aug-2026 02:17:27 Africa/Lagos] Get Recent Conversations Error: SQLSTATE[HY093]: Invalid parameter number
[18-Aug-2026 02:17:27 Africa/Lagos] Autoload failed: Class 'Database' not found in models/ or controllers/
[18-Aug-2026 02:17:34 Africa/Lagos] Autoload failed: Class 'Database' not found in models/ or controllers/
[18-Aug-2026 02:17:35 Africa/Lagos] Autoload failed: Class 'Database' not found in models/ or controllers/
[18-Aug-2026 02:17:40 Africa/Lagos] Autoload failed: Class 'Database' not found in models/ or controllers/
[18-Aug-2026 02:17:40 Africa/Lagos] Autoload failed: Class 'Database' not found in models/ or controllers/
[18-Aug-2026 02:17:43 Africa/Lagos] Autoload failed: Class 'Database' not found in models/ or controllers/
[18-Aug-2026 02:17:44 Africa/Lagos] Autoload failed: Class 'Database' not found in models/ or controllers/
[18-Aug-2026 02:17:48 Africa/Lagos] Autoload failed: Class 'Database' not found in models/ or controllers/
[18-Aug-2026 02:17:48 Africa/Lagos] PHP Fatal error:  Uncaught Error: Call to undefined function getAvatarUrl() in C:\laragon\www\skillswap\views\reviews\index.php:95
Stack trace:
#0 C:\laragon\www\skillswap\controllers\ReviewController.php(79): require_once()
#1 C:\laragon\www\skillswap\index.php(201): ReviewController->index()
#2 {main}
  thrown in C:\laragon\www\skillswap\views\reviews\index.php on line 95
[18-Aug-2026 02:26:29 Africa/Lagos] Autoload failed: Class 'Database' not found in models/ or controllers/
[18-Aug-2026 02:26:29 Africa/Lagos] PHP Fatal error:  Uncaught Error: Call to undefined function getAvatarUrl() in C:\laragon\www\skillswap\views\reviews\index.php:93
Stack trace:
#0 C:\laragon\www\skillswap\controllers\ReviewController.php(79): require_once()
#1 C:\laragon\www\skillswap\index.php(201): ReviewController->index()
#2 {main}
  thrown in C:\laragon\www\skillswap\views\reviews\index.php on line 93
[18-Aug-2026 02:26:34 Africa/Lagos] Autoload failed: Class 'Database' not found in models/ or controllers/
[18-Aug-2026 02:26:34 Africa/Lagos] Get Recent Conversations Error: SQLSTATE[HY093]: Invalid parameter number
[18-Aug-2026 02:26:34 Africa/Lagos] Autoload failed: Class 'Database' not found in models/ or controllers/
[18-Aug-2026 02:26:44 Africa/Lagos] Autoload failed: Class 'Database' not found in models/ or controllers/
[18-Aug-2026 02:26:54 Africa/Lagos] Autoload failed: Class 'Database' not found in models/ or controllers/
[18-Aug-2026 02:26:56 Africa/Lagos] Autoload failed: Class 'Database' not found in models/ or controllers/
[18-Aug-2026 02:26:56 Africa/Lagos] Autoload failed: Class 'Database' not found in models/ or controllers/
[18-Aug-2026 02:26:56 Africa/Lagos] PHP Fatal error:  Uncaught Error: Call to undefined function generateCsrfToken() in C:\laragon\www\skillswap\views\notifications\index.php:20
Stack trace:
#0 C:\laragon\www\skillswap\controllers\NotificationController.php(56): require_once()
#1 C:\laragon\www\skillswap\index.php(201): NotificationController->index()
#2 {main}
  thrown in C:\laragon\www\skillswap\views\notifications\index.php on line 20
[18-Aug-2026 02:27:08 Africa/Lagos] Autoload failed: Class 'Database' not found in models/ or controllers/
[18-Aug-2026 02:27:08 Africa/Lagos] Get Recent Conversations Error: SQLSTATE[HY093]: Invalid parameter number
[18-Aug-2026 02:27:08 Africa/Lagos] Autoload failed: Class 'Database' not found in models/ or controllers/
[18-Aug-2026 02:27:18 Africa/Lagos] Autoload failed: Class 'Database' not found in models/ or controllers/
[18-Aug-2026 02:27:24 Africa/Lagos] Autoload failed: Class 'Database' not found in models/ or controllers/
[18-Aug-2026 02:27:24 Africa/Lagos] Get Recent Conversations Error: SQLSTATE[HY093]: Invalid parameter number
[18-Aug-2026 02:27:24 Africa/Lagos] Autoload failed: Class 'Database' not found in models/ or controllers/
[18-Aug-2026 02:27:34 Africa/Lagos] Autoload failed: Class 'Database' not found in models/ or controllers/
[18-Aug-2026 02:27:44 Africa/Lagos] Autoload failed: Class 'Database' not found in models/ or controllers/
[18-Aug-2026 02:27:55 Africa/Lagos] Autoload failed: Class 'Database' not found in models/ or controllers/
[18-Aug-2026 02:28:05 Africa/Lagos] Autoload failed: Class 'Database' not found in models/ or controllers/
[18-Aug-2026 02:28:15 Africa/Lagos] Autoload failed: Class 'Database' not found in models/ or controllers/
[18-Aug-2026 02:28:25 Africa/Lagos] Autoload failed: Class 'Database' not found in models/ or controllers/
[18-Aug-2026 02:28:35 Africa/Lagos] Autoload failed: Class 'Database' not found in models/ or controllers/
[18-Aug-2026 02:28:45 Africa/Lagos] Autoload failed: Class 'Database' not found in models/ or controllers/
[18-Aug-2026 02:29:50 Africa/Lagos] Autoload failed: Class 'Database' not found in models/ or controllers/
[18-Aug-2026 02:30:51 Africa/Lagos] Autoload failed: Class 'Database' not found in models/ or controllers/
[18-Aug-2026 02:31:33 Africa/Lagos] Autoload failed: Class 'Database' not found in models/ or controllers/
[18-Aug-2026 02:31:34 Africa/Lagos] Autoload failed: Class 'Database' not found in models/ or controllers/
[18-Aug-2026 02:31:35 Africa/Lagos] Autoload failed: Class 'Database' not found in models/ or controllers/
[18-Aug-2026 02:31:35 Africa/Lagos] Get Recent Conversations Error: SQLSTATE[HY093]: Invalid parameter number
[18-Aug-2026 02:31:36 Africa/Lagos] Autoload failed: Class 'Database' not found in models/ or controllers/
[18-Aug-2026 02:31:43 Africa/Lagos] Autoload failed: Class 'Database' not found in models/ or controllers/
[18-Aug-2026 02:31:43 Africa/Lagos] Get Recent Conversations Error: SQLSTATE[HY093]: Invalid parameter number
[18-Aug-2026 02:31:43 Africa/Lagos] Autoload failed: Class 'Database' not found in models/ or controllers/
[18-Aug-2026 02:31:45 Africa/Lagos] Autoload failed: Class 'Database' not found in models/ or controllers/
[18-Aug-2026 02:31:45 Africa/Lagos] Count User Exchanges Error: SQLSTATE[HY093]: Invalid parameter number
[18-Aug-2026 02:31:45 Africa/Lagos] Get Exchange Stats Error: SQLSTATE[HY093]: Invalid parameter number
[18-Aug-2026 02:31:45 Africa/Lagos] Autoload failed: Class 'Database' not found in models/ or controllers/
[18-Aug-2026 02:31:47 Africa/Lagos] Autoload failed: Class 'Database' not found in models/ or controllers/
[18-Aug-2026 02:31:47 Africa/Lagos] Get Recent Conversations Error: SQLSTATE[HY093]: Invalid parameter number
[18-Aug-2026 02:31:47 Africa/Lagos] Autoload failed: Class 'Database' not found in models/ or controllers/
[18-Aug-2026 02:31:50 Africa/Lagos] Autoload failed: Class 'Database' not found in models/ or controllers/
[18-Aug-2026 02:31:50 Africa/Lagos] Autoload failed: Class 'Database' not found in models/ or controllers/
[18-Aug-2026 02:32:00 Africa/Lagos] Autoload failed: Class 'Database' not found in models/ or controllers/
[18-Aug-2026 02:32:04 Africa/Lagos] Autoload failed: Class 'Database' not found in models/ or controllers/
[18-Aug-2026 02:32:04 Africa/Lagos] Get Conversation Error: SQLSTATE[HY093]: Invalid parameter number
[18-Aug-2026 02:32:04 Africa/Lagos] PHP Fatal error:  Uncaught Error: Call to undefined function getAvatarUrl() in C:\laragon\www\skillswap\views\messages\conversation.php:79
Stack trace:
#0 C:\laragon\www\skillswap\controllers\MessageController.php(111): require_once()
#1 C:\laragon\www\skillswap\index.php(201): MessageController->conversation('3')
#2 {main}
  thrown in C:\laragon\www\skillswap\views\messages\conversation.php on line 79
[18-Aug-2026 02:32:08 Africa/Lagos] Autoload failed: Class 'Database' not found in models/ or controllers/
[18-Aug-2026 02:32:08 Africa/Lagos] Get Recent Conversations Error: SQLSTATE[HY093]: Invalid parameter number
[18-Aug-2026 02:32:09 Africa/Lagos] Autoload failed: Class 'Database' not found in models/ or controllers/
[18-Aug-2026 02:32:11 Africa/Lagos] Autoload failed: Class 'Database' not found in models/ or controllers/
[18-Aug-2026 02:32:12 Africa/Lagos] Autoload failed: Class 'Database' not found in models/ or controllers/
[18-Aug-2026 02:32:15 Africa/Lagos] Autoload failed: Class 'Database' not found in models/ or controllers/
[18-Aug-2026 02:32:15 Africa/Lagos] Autoload failed: Class 'Database' not found in models/ or controllers/
[18-Aug-2026 02:32:19 Africa/Lagos] Autoload failed: Class 'Database' not found in models/ or controllers/
[18-Aug-2026 02:32:19 Africa/Lagos] Get Conversation Error: SQLSTATE[HY093]: Invalid parameter number
[18-Aug-2026 02:32:19 Africa/Lagos] PHP Fatal error:  Uncaught Error: Call to undefined function getAvatarUrl() in C:\laragon\www\skillswap\views\messages\conversation.php:79
Stack trace:
#0 C:\laragon\www\skillswap\controllers\MessageController.php(111): require_once()
#1 C:\laragon\www\skillswap\index.php(201): MessageController->conversation('3')
#2 {main}
  thrown in C:\laragon\www\skillswap\views\messages\conversation.php on line 79
[18-Aug-2026 02:32:28 Africa/Lagos] Autoload failed: Class 'Database' not found in models/ or controllers/
[18-Aug-2026 02:32:28 Africa/Lagos] Get Recent Conversations Error: SQLSTATE[HY093]: Invalid parameter number
[18-Aug-2026 02:32:28 Africa/Lagos] Autoload failed: Class 'Database' not found in models/ or controllers/
[18-Aug-2026 02:32:31 Africa/Lagos] Autoload failed: Class 'Database' not found in models/ or controllers/
[18-Aug-2026 02:32:31 Africa/Lagos] Autoload failed: Class 'Database' not found in models/ or controllers/
[18-Aug-2026 02:32:36 Africa/Lagos] Autoload failed: Class 'Database' not found in models/ or controllers/
[18-Aug-2026 02:32:36 Africa/Lagos] Get Recent Conversations Error: SQLSTATE[HY093]: Invalid parameter number
[18-Aug-2026 02:32:37 Africa/Lagos] Autoload failed: Class 'Database' not found in models/ or controllers/
[18-Aug-2026 02:32:39 Africa/Lagos] Autoload failed: Class 'Database' not found in models/ or controllers/
[18-Aug-2026 02:32:39 Africa/Lagos] Autoload failed: Class 'Database' not found in models/ or controllers/
[18-Aug-2026 02:32:43 Africa/Lagos] Autoload failed: Class 'Database' not found in models/ or controllers/
[18-Aug-2026 02:32:43 Africa/Lagos] Get Recent Conversations Error: SQLSTATE[HY093]: Invalid parameter number
[18-Aug-2026 02:32:43 Africa/Lagos] Autoload failed: Class 'Database' not found in models/ or controllers/
[18-Aug-2026 02:32:53 Africa/Lagos] Autoload failed: Class 'Database' not found in models/ or controllers/
[18-Aug-2026 02:33:04 Africa/Lagos] Autoload failed: Class 'Database' not found in models/ or controllers/
[18-Aug-2026 02:33:14 Africa/Lagos] Autoload failed: Class 'Database' not found in models/ or controllers/
[18-Aug-2026 02:33:24 Africa/Lagos] Autoload failed: Class 'Database' not found in models/ or controllers/
[18-Aug-2026 02:33:34 Africa/Lagos] Autoload failed: Class 'Database' not found in models/ or controllers/
[18-Aug-2026 02:33:44 Africa/Lagos] Autoload failed: Class 'Database' not found in models/ or controllers/
[18-Aug-2026 02:33:54 Africa/Lagos] Autoload failed: Class 'Database' not found in models/ or controllers/
[18-Aug-2026 02:34:51 Africa/Lagos] Autoload failed: Class 'Database' not found in models/ or controllers/
[18-Aug-2026 02:35:51 Africa/Lagos] Autoload failed: Class 'Database' not found in models/ or controllers/
[18-Aug-2026 02:36:51 Africa/Lagos] Autoload failed: Class 'Database' not found in models/ or controllers/
[18-Aug-2026 02:37:51 Africa/Lagos] Autoload failed: Class 'Database' not found in models/ or controllers/
[18-Aug-2026 02:38:51 Africa/Lagos] Autoload failed: Class 'Database' not found in models/ or controllers/
[18-Aug-2026 02:39:41 Africa/Lagos] Autoload failed: Class 'Database' not found in models/ or controllers/
[18-Aug-2026 02:39:43 Africa/Lagos] Autoload failed: Class 'Database' not found in models/ or controllers/
[18-Aug-2026 02:39:54 Africa/Lagos] Autoload failed: Class 'Database' not found in models/ or controllers/
[18-Aug-2026 02:40:13 Africa/Lagos] Autoload failed: Class 'Database' not found in models/ or controllers/
[18-Aug-2026 02:40:14 Africa/Lagos] Autoload failed: Class 'Database' not found in models/ or controllers/
[18-Aug-2026 02:40:24 Africa/Lagos] Autoload failed: Class 'Database' not found in models/ or controllers/
[18-Aug-2026 02:40:34 Africa/Lagos] Autoload failed: Class 'Database' not found in models/ or controllers/
[18-Aug-2026 02:40:44 Africa/Lagos] Autoload failed: Class 'Database' not found in models/ or controllers/
[18-Aug-2026 02:41:51 Africa/Lagos] Autoload failed: Class 'Database' not found in models/ or controllers/
[18-Aug-2026 02:42:32 Africa/Lagos] Autoload failed: Class 'Database' not found in models/ or controllers/
[18-Aug-2026 02:42:33 Africa/Lagos] Autoload failed: Class 'Database' not found in models/ or controllers/
[18-Aug-2026 02:42:33 Africa/Lagos] Autoload failed: Class 'Database' not found in models/ or controllers/
[18-Aug-2026 02:42:35 Africa/Lagos] Autoload failed: Class 'Database' not found in models/ or controllers/
[18-Aug-2026 02:42:39 Africa/Lagos] Autoload failed: Class 'Database' not found in models/ or controllers/
[18-Aug-2026 02:42:39 Africa/Lagos] PHP Fatal error:  Uncaught Error: Call to undefined function generateCsrfToken() in C:\laragon\www\skillswap\views\messages\conversation.php:430
Stack trace:
#0 C:\laragon\www\skillswap\controllers\MessageController.php(116): require_once()
#1 C:\laragon\www\skillswap\index.php(201): MessageController->conversation('8')
#2 {main}
  thrown in C:\laragon\www\skillswap\views\messages\conversation.php on line 430
[18-Aug-2026 02:42:52 Africa/Lagos] Autoload failed: Class 'Database' not found in models/ or controllers/
[18-Aug-2026 02:42:52 Africa/Lagos] Autoload failed: Class 'Database' not found in models/ or controllers/
[18-Aug-2026 02:43:01 Africa/Lagos] Autoload failed: Class 'Database' not found in models/ or controllers/
[18-Aug-2026 02:43:01 Africa/Lagos] PHP Fatal error:  Uncaught Error: Call to undefined function generateCsrfToken() in C:\laragon\www\skillswap\views\messages\conversation.php:430
Stack trace:
#0 C:\laragon\www\skillswap\controllers\MessageController.php(116): require_once()
#1 C:\laragon\www\skillswap\index.php(201): MessageController->conversation('8')
#2 {main}
  thrown in C:\laragon\www\skillswap\views\messages\conversation.php on line 430
[18-Aug-2026 02:45:30 Africa/Lagos] Autoload failed: Class 'Database' not found in models/ or controllers/
[18-Aug-2026 02:45:30 Africa/Lagos] Autoload failed: Class 'Database' not found in models/ or controllers/
[18-Aug-2026 02:45:33 Africa/Lagos] Autoload failed: Class 'Database' not found in models/ or controllers/
[18-Aug-2026 02:45:36 Africa/Lagos] Autoload failed: Class 'Database' not found in models/ or controllers/
[18-Aug-2026 02:45:39 Africa/Lagos] Autoload failed: Class 'Database' not found in models/ or controllers/
[18-Aug-2026 02:45:40 Africa/Lagos] Autoload failed: Class 'Database' not found in models/ or controllers/
[18-Aug-2026 02:45:42 Africa/Lagos] Autoload failed: Class 'Database' not found in models/ or controllers/
[18-Aug-2026 02:45:45 Africa/Lagos] Autoload failed: Class 'Database' not found in models/ or controllers/
[18-Aug-2026 02:45:48 Africa/Lagos] Autoload failed: Class 'Database' not found in models/ or controllers/
[18-Aug-2026 02:45:50 Africa/Lagos] Autoload failed: Class 'Database' not found in models/ or controllers/
[18-Aug-2026 02:45:51 Africa/Lagos] Autoload failed: Class 'Database' not found in models/ or controllers/
[18-Aug-2026 02:45:54 Africa/Lagos] Autoload failed: Class 'Database' not found in models/ or controllers/
[18-Aug-2026 02:45:58 Africa/Lagos] Autoload failed: Class 'Database' not found in models/ or controllers/
[18-Aug-2026 02:46:01 Africa/Lagos] Autoload failed: Class 'Database' not found in models/ or controllers/
[18-Aug-2026 02:46:02 Africa/Lagos] Autoload failed: Class 'Database' not found in models/ or controllers/
[18-Aug-2026 02:46:06 Africa/Lagos] Autoload failed: Class 'Database' not found in models/ or controllers/
[18-Aug-2026 02:46:10 Africa/Lagos] Autoload failed: Class 'Database' not found in models/ or controllers/
[18-Aug-2026 02:46:11 Africa/Lagos] Autoload failed: Class 'Database' not found in models/ or controllers/
[18-Aug-2026 02:46:14 Africa/Lagos] Autoload failed: Class 'Database' not found in models/ or controllers/
[18-Aug-2026 02:46:18 Africa/Lagos] Autoload failed: Class 'Database' not found in models/ or controllers/
[18-Aug-2026 02:46:21 Africa/Lagos] Autoload failed: Class 'Database' not found in models/ or controllers/
[18-Aug-2026 02:46:22 Africa/Lagos] Autoload failed: Class 'Database' not found in models/ or controllers/
[18-Aug-2026 02:46:26 Africa/Lagos] Autoload failed: Class 'Database' not found in models/ or controllers/
[18-Aug-2026 02:46:30 Africa/Lagos] Autoload failed: Class 'Database' not found in models/ or controllers/
[18-Aug-2026 02:46:31 Africa/Lagos] Autoload failed: Class 'Database' not found in models/ or controllers/
[18-Aug-2026 02:46:34 Africa/Lagos] Autoload failed: Class 'Database' not found in models/ or controllers/
[18-Aug-2026 02:46:38 Africa/Lagos] Autoload failed: Class 'Database' not found in models/ or controllers/
[18-Aug-2026 02:46:41 Africa/Lagos] Autoload failed: Class 'Database' not found in models/ or controllers/
[18-Aug-2026 02:46:42 Africa/Lagos] Autoload failed: Class 'Database' not found in models/ or controllers/
[18-Aug-2026 02:46:46 Africa/Lagos] Autoload failed: Class 'Database' not found in models/ or controllers/
[18-Aug-2026 02:46:50 Africa/Lagos] Autoload failed: Class 'Database' not found in models/ or controllers/
[18-Aug-2026 02:46:51 Africa/Lagos] Autoload failed: Class 'Database' not found in models/ or controllers/
[18-Aug-2026 02:46:54 Africa/Lagos] Autoload failed: Class 'Database' not found in models/ or controllers/
[18-Aug-2026 02:46:58 Africa/Lagos] Autoload failed: Class 'Database' not found in models/ or controllers/
[18-Aug-2026 02:47:02 Africa/Lagos] Autoload failed: Class 'Database' not found in models/ or controllers/
[18-Aug-2026 02:47:06 Africa/Lagos] Autoload failed: Class 'Database' not found in models/ or controllers/
[18-Aug-2026 02:47:10 Africa/Lagos] Autoload failed: Class 'Database' not found in models/ or controllers/
[18-Aug-2026 02:47:14 Africa/Lagos] Autoload failed: Class 'Database' not found in models/ or controllers/
[18-Aug-2026 02:47:18 Africa/Lagos] Autoload failed: Class 'Database' not found in models/ or controllers/
[18-Aug-2026 02:47:21 Africa/Lagos] Autoload failed: Class 'Database' not found in models/ or controllers/
[18-Aug-2026 02:47:21 Africa/Lagos] Autoload failed: Class 'Database' not found in models/ or controllers/
[18-Aug-2026 02:47:22 Africa/Lagos] Autoload failed: Class 'Database' not found in models/ or controllers/
[18-Aug-2026 02:47:23 Africa/Lagos] Autoload failed: Class 'Database' not found in models/ or controllers/
[18-Aug-2026 02:47:26 Africa/Lagos] Autoload failed: Class 'Database' not found in models/ or controllers/
[18-Aug-2026 02:47:29 Africa/Lagos] Autoload failed: Class 'Database' not found in models/ or controllers/
[18-Aug-2026 02:47:32 Africa/Lagos] Autoload failed: Class 'Database' not found in models/ or controllers/
[18-Aug-2026 02:47:33 Africa/Lagos] Autoload failed: Class 'Database' not found in models/ or controllers/
[18-Aug-2026 02:47:35 Africa/Lagos] Autoload failed: Class 'Database' not found in models/ or controllers/
[18-Aug-2026 02:47:38 Africa/Lagos] Autoload failed: Class 'Database' not found in models/ or controllers/
[18-Aug-2026 02:47:41 Africa/Lagos] Autoload failed: Class 'Database' not found in models/ or controllers/
[18-Aug-2026 02:47:43 Africa/Lagos] Autoload failed: Class 'Database' not found in models/ or controllers/
[18-Aug-2026 02:47:44 Africa/Lagos] Autoload failed: Class 'Database' not found in models/ or controllers/
[18-Aug-2026 02:47:47 Africa/Lagos] Autoload failed: Class 'Database' not found in models/ or controllers/
[18-Aug-2026 02:47:50 Africa/Lagos] Autoload failed: Class 'Database' not found in models/ or controllers/
[18-Aug-2026 02:47:53 Africa/Lagos] Autoload failed: Class 'Database' not found in models/ or controllers/
[18-Aug-2026 02:47:53 Africa/Lagos] Autoload failed: Class 'Database' not found in models/ or controllers/
[18-Aug-2026 02:47:56 Africa/Lagos] Autoload failed: Class 'Database' not found in models/ or controllers/
[18-Aug-2026 02:47:59 Africa/Lagos] Autoload failed: Class 'Database' not found in models/ or controllers/
[18-Aug-2026 02:48:02 Africa/Lagos] Autoload failed: Class 'Database' not found in models/ or controllers/
[18-Aug-2026 02:48:03 Africa/Lagos] Autoload failed: Class 'Database' not found in models/ or controllers/
[18-Aug-2026 02:48:05 Africa/Lagos] Autoload failed: Class 'Database' not found in models/ or controllers/
[18-Aug-2026 02:48:08 Africa/Lagos] Autoload failed: Class 'Database' not found in models/ or controllers/
[18-Aug-2026 02:48:11 Africa/Lagos] Autoload failed: Class 'Database' not found in models/ or controllers/
[18-Aug-2026 02:48:13 Africa/Lagos] Autoload failed: Class 'Database' not found in models/ or controllers/
[18-Aug-2026 02:48:14 Africa/Lagos] Autoload failed: Class 'Database' not found in models/ or controllers/
[18-Aug-2026 02:48:17 Africa/Lagos] Autoload failed: Class 'Database' not found in models/ or controllers/
[18-Aug-2026 02:48:20 Africa/Lagos] Autoload failed: Class 'Database' not found in models/ or controllers/
[18-Aug-2026 02:48:23 Africa/Lagos] Autoload failed: Class 'Database' not found in models/ or controllers/
[18-Aug-2026 02:48:23 Africa/Lagos] Autoload failed: Class 'Database' not found in models/ or controllers/
[18-Aug-2026 02:48:27 Africa/Lagos] Autoload failed: Class 'Database' not found in models/ or controllers/
[18-Aug-2026 02:48:30 Africa/Lagos] Autoload failed: Class 'Database' not found in models/ or controllers/
[18-Aug-2026 02:48:33 Africa/Lagos] Autoload failed: Class 'Database' not found in models/ or controllers/
[18-Aug-2026 02:48:33 Africa/Lagos] Autoload failed: Class 'Database' not found in models/ or controllers/
[18-Aug-2026 02:48:36 Africa/Lagos] Autoload failed: Class 'Database' not found in models/ or controllers/
[18-Aug-2026 02:48:39 Africa/Lagos] Autoload failed: Class 'Database' not found in models/ or controllers/
[18-Aug-2026 02:48:42 Africa/Lagos] Autoload failed: Class 'Database' not found in models/ or controllers/
[18-Aug-2026 02:48:43 Africa/Lagos] Autoload failed: Class 'Database' not found in models/ or controllers/
[18-Aug-2026 02:48:45 Africa/Lagos] Autoload failed: Class 'Database' not found in models/ or controllers/
[18-Aug-2026 02:48:48 Africa/Lagos] Autoload failed: Class 'Database' not found in models/ or controllers/
[18-Aug-2026 02:48:51 Africa/Lagos] Autoload failed: Class 'Database' not found in models/ or controllers/
[18-Aug-2026 02:48:53 Africa/Lagos] Autoload failed: Class 'Database' not found in models/ or controllers/
[18-Aug-2026 02:48:54 Africa/Lagos] Autoload failed: Class 'Database' not found in models/ or controllers/
[18-Aug-2026 02:48:57 Africa/Lagos] Autoload failed: Class 'Database' not found in models/ or controllers/
[18-Aug-2026 02:49:00 Africa/Lagos] Autoload failed: Class 'Database' not found in models/ or controllers/
[18-Aug-2026 02:49:03 Africa/Lagos] Autoload failed: Class 'Database' not found in models/ or controllers/
[18-Aug-2026 02:49:03 Africa/Lagos] Autoload failed: Class 'Database' not found in models/ or controllers/
[18-Aug-2026 02:49:06 Africa/Lagos] Autoload failed: Class 'Database' not found in models/ or controllers/
[18-Aug-2026 02:49:09 Africa/Lagos] Autoload failed: Class 'Database' not found in models/ or controllers/
[18-Aug-2026 02:49:12 Africa/Lagos] Autoload failed: Class 'Database' not found in models/ or controllers/
[18-Aug-2026 02:49:13 Africa/Lagos] Autoload failed: Class 'Database' not found in models/ or controllers/
[18-Aug-2026 02:49:15 Africa/Lagos] Autoload failed: Class 'Database' not found in models/ or controllers/
[18-Aug-2026 02:49:18 Africa/Lagos] Autoload failed: Class 'Database' not found in models/ or controllers/
[18-Aug-2026 02:49:22 Africa/Lagos] Autoload failed: Class 'Database' not found in models/ or controllers/
[18-Aug-2026 02:49:24 Africa/Lagos] Autoload failed: Class 'Database' not found in models/ or controllers/
[18-Aug-2026 02:49:26 Africa/Lagos] Autoload failed: Class 'Database' not found in models/ or controllers/
[18-Aug-2026 02:49:30 Africa/Lagos] Autoload failed: Class 'Database' not found in models/ or controllers/
[18-Aug-2026 02:49:34 Africa/Lagos] Autoload failed: Class 'Database' not found in models/ or controllers/
[18-Aug-2026 02:49:34 Africa/Lagos] Autoload failed: Class 'Database' not found in models/ or controllers/
[18-Aug-2026 02:49:38 Africa/Lagos] Autoload failed: Class 'Database' not found in models/ or controllers/
[18-Aug-2026 02:49:42 Africa/Lagos] Autoload failed: Class 'Database' not found in models/ or controllers/
[18-Aug-2026 02:49:44 Africa/Lagos] Autoload failed: Class 'Database' not found in models/ or controllers/
[18-Aug-2026 02:49:46 Africa/Lagos] Autoload failed: Class 'Database' not found in models/ or controllers/
[18-Aug-2026 02:49:50 Africa/Lagos] Autoload failed: Class 'Database' not found in models/ or controllers/
[18-Aug-2026 02:49:53 Africa/Lagos] Autoload failed: Class 'Database' not found in models/ or controllers/
[18-Aug-2026 02:49:53 Africa/Lagos] Autoload failed: Class 'Database' not found in models/ or controllers/
[18-Aug-2026 02:49:54 Africa/Lagos] Autoload failed: Class 'Database' not found in models/ or controllers/
[18-Aug-2026 02:49:56 Africa/Lagos] Autoload failed: Class 'Database' not found in models/ or controllers/
[18-Aug-2026 02:49:58 Africa/Lagos] Autoload failed: Class 'Database' not found in models/ or controllers/
[18-Aug-2026 02:50:00 Africa/Lagos] Autoload failed: Class 'Database' not found in models/ or controllers/
[18-Aug-2026 02:50:02 Africa/Lagos] Autoload failed: Class 'Database' not found in models/ or controllers/
[18-Aug-2026 02:50:03 Africa/Lagos] Autoload failed: Class 'Database' not found in models/ or controllers/
[18-Aug-2026 02:50:06 Africa/Lagos] Autoload failed: Class 'Database' not found in models/ or controllers/
[18-Aug-2026 02:50:09 Africa/Lagos] Autoload failed: Class 'Database' not found in models/ or controllers/
[18-Aug-2026 02:50:12 Africa/Lagos] Autoload failed: Class 'Database' not found in models/ or controllers/
[18-Aug-2026 02:50:13 Africa/Lagos] Autoload failed: Class 'Database' not found in models/ or controllers/
[18-Aug-2026 02:50:16 Africa/Lagos] Autoload failed: Class 'Database' not found in models/ or controllers/
[18-Aug-2026 02:50:19 Africa/Lagos] Autoload failed: Class 'Database' not found in models/ or controllers/
[18-Aug-2026 02:50:22 Africa/Lagos] Autoload failed: Class 'Database' not found in models/ or controllers/
[18-Aug-2026 02:50:23 Africa/Lagos] Autoload failed: Class 'Database' not found in models/ or controllers/
[18-Aug-2026 02:50:25 Africa/Lagos] Autoload failed: Class 'Database' not found in models/ or controllers/
[18-Aug-2026 02:50:28 Africa/Lagos] Autoload failed: Class 'Database' not found in models/ or controllers/
[18-Aug-2026 02:50:30 Africa/Lagos] Autoload failed: Class 'Database' not found in models/ or controllers/
[18-Aug-2026 02:50:32 Africa/Lagos] Autoload failed: Class 'Database' not found in models/ or controllers/
[18-Aug-2026 02:50:34 Africa/Lagos] Autoload failed: Class 'Database' not found in models/ or controllers/
[18-Aug-2026 02:50:34 Africa/Lagos] Autoload failed: Class 'Database' not found in models/ or controllers/
[18-Aug-2026 02:50:37 Africa/Lagos] Autoload failed: Class 'Database' not found in models/ or controllers/
[18-Aug-2026 02:50:40 Africa/Lagos] Autoload failed: Class 'Database' not found in models/ or controllers/
[18-Aug-2026 02:50:43 Africa/Lagos] Autoload failed: Class 'Database' not found in models/ or controllers/
[18-Aug-2026 02:50:44 Africa/Lagos] Autoload failed: Class 'Database' not found in models/ or controllers/
[18-Aug-2026 02:50:45 Africa/Lagos] Autoload failed: Class 'Database' not found in models/ or controllers/
[18-Aug-2026 02:50:46 Africa/Lagos] Autoload failed: Class 'Database' not found in models/ or controllers/
[18-Aug-2026 02:50:47 Africa/Lagos] Autoload failed: Class 'Database' not found in models/ or controllers/
[18-Aug-2026 02:50:47 Africa/Lagos] Autoload failed: Class 'Database' not found in models/ or controllers/
[18-Aug-2026 02:50:48 Africa/Lagos] Autoload failed: Class 'Database' not found in models/ or controllers/
[18-Aug-2026 02:50:49 Africa/Lagos] Autoload failed: Class 'Database' not found in models/ or controllers/
[18-Aug-2026 02:50:50 Africa/Lagos] Autoload failed: Class 'Database' not found in models/ or controllers/
[18-Aug-2026 02:50:50 Africa/Lagos] Autoload failed: Class 'Database' not found in models/ or controllers/
[18-Aug-2026 02:50:53 Africa/Lagos] Autoload failed: Class 'Database' not found in models/ or controllers/
[18-Aug-2026 02:50:56 Africa/Lagos] Autoload failed: Class 'Database' not found in models/ or controllers/
[18-Aug-2026 02:50:59 Africa/Lagos] Autoload failed: Class 'Database' not found in models/ or controllers/
[18-Aug-2026 02:51:00 Africa/Lagos] Autoload failed: Class 'Database' not found in models/ or controllers/
[18-Aug-2026 02:51:02 Africa/Lagos] Autoload failed: Class 'Database' not found in models/ or controllers/
[18-Aug-2026 02:51:05 Africa/Lagos] Autoload failed: Class 'Database' not found in models/ or controllers/
[18-Aug-2026 02:51:08 Africa/Lagos] Autoload failed: Class 'Database' not found in models/ or controllers/
[18-Aug-2026 02:51:10 Africa/Lagos] Autoload failed: Class 'Database' not found in models/ or controllers/
[18-Aug-2026 02:51:12 Africa/Lagos] Autoload failed: Class 'Database' not found in models/ or controllers/
[18-Aug-2026 02:51:15 Africa/Lagos] Autoload failed: Class 'Database' not found in models/ or controllers/
[18-Aug-2026 02:51:18 Africa/Lagos] Autoload failed: Class 'Database' not found in models/ or controllers/
[18-Aug-2026 02:51:20 Africa/Lagos] Autoload failed: Class 'Database' not found in models/ or controllers/
[18-Aug-2026 02:51:21 Africa/Lagos] Autoload failed: Class 'Database' not found in models/ or controllers/
[18-Aug-2026 02:51:24 Africa/Lagos] Autoload failed: Class 'Database' not found in models/ or controllers/
[18-Aug-2026 02:51:27 Africa/Lagos] Autoload failed: Class 'Database' not found in models/ or controllers/
[18-Aug-2026 02:51:31 Africa/Lagos] Autoload failed: Class 'Database' not found in models/ or controllers/
[18-Aug-2026 02:51:31 Africa/Lagos] Autoload failed: Class 'Database' not found in models/ or controllers/
[18-Aug-2026 02:51:35 Africa/Lagos] Autoload failed: Class 'Database' not found in models/ or controllers/
[18-Aug-2026 02:51:39 Africa/Lagos] Autoload failed: Class 'Database' not found in models/ or controllers/
[18-Aug-2026 02:51:41 Africa/Lagos] Autoload failed: Class 'Database' not found in models/ or controllers/
[18-Aug-2026 02:51:43 Africa/Lagos] Autoload failed: Class 'Database' not found in models/ or controllers/
[18-Aug-2026 02:51:47 Africa/Lagos] Autoload failed: Class 'Database' not found in models/ or controllers/
[18-Aug-2026 02:51:51 Africa/Lagos] Autoload failed: Class 'Database' not found in models/ or controllers/
[18-Aug-2026 02:51:51 Africa/Lagos] Autoload failed: Class 'Database' not found in models/ or controllers/
[18-Aug-2026 02:51:55 Africa/Lagos] Autoload failed: Class 'Database' not found in models/ or controllers/
[18-Aug-2026 02:51:59 Africa/Lagos] Autoload failed: Class 'Database' not found in models/ or controllers/
[18-Aug-2026 02:52:01 Africa/Lagos] Autoload failed: Class 'Database' not found in models/ or controllers/
[18-Aug-2026 02:52:03 Africa/Lagos] Autoload failed: Class 'Database' not found in models/ or controllers/
[18-Aug-2026 02:52:07 Africa/Lagos] Autoload failed: Class 'Database' not found in models/ or controllers/
[18-Aug-2026 02:52:11 Africa/Lagos] Autoload failed: Class 'Database' not found in models/ or controllers/
[18-Aug-2026 02:52:11 Africa/Lagos] Autoload failed: Class 'Database' not found in models/ or controllers/
[18-Aug-2026 02:52:15 Africa/Lagos] Autoload failed: Class 'Database' not found in models/ or controllers/
[18-Aug-2026 02:52:19 Africa/Lagos] Autoload failed: Class 'Database' not found in models/ or controllers/
[18-Aug-2026 02:52:21 Africa/Lagos] Autoload failed: Class 'Database' not found in models/ or controllers/
[18-Aug-2026 02:52:23 Africa/Lagos] Autoload failed: Class 'Database' not found in models/ or controllers/
[18-Aug-2026 02:52:27 Africa/Lagos] Autoload failed: Class 'Database' not found in models/ or controllers/
[18-Aug-2026 02:52:31 Africa/Lagos] Autoload failed: Class 'Database' not found in models/ or controllers/
[18-Aug-2026 02:52:35 Africa/Lagos] Autoload failed: Class 'Database' not found in models/ or controllers/
[18-Aug-2026 02:52:39 Africa/Lagos] Autoload failed: Class 'Database' not found in models/ or controllers/
[18-Aug-2026 02:52:43 Africa/Lagos] Autoload failed: Class 'Database' not found in models/ or controllers/
[18-Aug-2026 02:52:47 Africa/Lagos] Autoload failed: Class 'Database' not found in models/ or controllers/
[18-Aug-2026 02:52:51 Africa/Lagos] Autoload failed: Class 'Database' not found in models/ or controllers/
[18-Aug-2026 02:52:51 Africa/Lagos] Autoload failed: Class 'Database' not found in models/ or controllers/
[18-Aug-2026 02:52:55 Africa/Lagos] Autoload failed: Class 'Database' not found in models/ or controllers/
[18-Aug-2026 02:52:59 Africa/Lagos] Autoload failed: Class 'Database' not found in models/ or controllers/
[18-Aug-2026 02:53:03 Africa/Lagos] Autoload failed: Class 'Database' not found in models/ or controllers/
[18-Aug-2026 02:53:07 Africa/Lagos] Autoload failed: Class 'Database' not found in models/ or controllers/
[18-Aug-2026 02:53:11 Africa/Lagos] Autoload failed: Class 'Database' not found in models/ or controllers/
[18-Aug-2026 02:53:15 Africa/Lagos] Autoload failed: Class 'Database' not found in models/ or controllers/
[18-Aug-2026 02:53:19 Africa/Lagos] Autoload failed: Class 'Database' not found in models/ or controllers/
[18-Aug-2026 02:53:20 Africa/Lagos] Autoload failed: Class 'Database' not found in models/ or controllers/
[18-Aug-2026 02:53:22 Africa/Lagos] Autoload failed: Class 'Database' not found in models/ or controllers/
[18-Aug-2026 02:53:25 Africa/Lagos] Autoload failed: Class 'Database' not found in models/ or controllers/
[18-Aug-2026 02:53:26 Africa/Lagos] Autoload failed: Class 'Database' not found in models/ or controllers/
[18-Aug-2026 02:58:11 Africa/Lagos] Autoload failed: Class 'Database' not found in models/ or controllers/
[18-Aug-2026 02:58:13 Africa/Lagos] Autoload failed: Class 'Database' not found in models/ or controllers/
[18-Aug-2026 02:58:16 Africa/Lagos] Autoload failed: Class 'Database' not found in models/ or controllers/
[18-Aug-2026 02:58:16 Africa/Lagos] Autoload failed: Class 'Database' not found in models/ or controllers/
[18-Aug-2026 02:58:17 Africa/Lagos] Autoload failed: Class 'Database' not found in models/ or controllers/
[18-Aug-2026 02:58:20 Africa/Lagos] Autoload failed: Class 'Database' not found in models/ or controllers/
[18-Aug-2026 02:58:23 Africa/Lagos] Autoload failed: Class 'Database' not found in models/ or controllers/
[18-Aug-2026 02:58:26 Africa/Lagos] Autoload failed: Class 'Database' not found in models/ or controllers/
[18-Aug-2026 02:58:27 Africa/Lagos] Autoload failed: Class 'Database' not found in models/ or controllers/
[18-Aug-2026 02:58:28 Africa/Lagos] Autoload failed: Class 'Database' not found in models/ or controllers/
[18-Aug-2026 02:58:28 Africa/Lagos] Autoload failed: Class 'Database' not found in models/ or controllers/
[18-Aug-2026 02:58:30 Africa/Lagos] Autoload failed: Class 'Database' not found in models/ or controllers/
[18-Aug-2026 02:58:31 Africa/Lagos] Autoload failed: Class 'Database' not found in models/ or controllers/
[18-Aug-2026 02:58:32 Africa/Lagos] Autoload failed: Class 'Database' not found in models/ or controllers/
[18-Aug-2026 02:58:33 Africa/Lagos] Autoload failed: Class 'Database' not found in models/ or controllers/
[18-Aug-2026 02:58:36 Africa/Lagos] Autoload failed: Class 'Database' not found in models/ or controllers/
[18-Aug-2026 02:58:39 Africa/Lagos] Autoload failed: Class 'Database' not found in models/ or controllers/
[18-Aug-2026 02:58:42 Africa/Lagos] Autoload failed: Class 'Database' not found in models/ or controllers/
[18-Aug-2026 02:58:43 Africa/Lagos] Autoload failed: Class 'Database' not found in models/ or controllers/
[18-Aug-2026 02:58:45 Africa/Lagos] Autoload failed: Class 'Database' not found in models/ or controllers/
[18-Aug-2026 02:58:49 Africa/Lagos] Autoload failed: Class 'Database' not found in models/ or controllers/
[18-Aug-2026 02:58:53 Africa/Lagos] Autoload failed: Class 'Database' not found in models/ or controllers/
[18-Aug-2026 02:58:54 Africa/Lagos] Autoload failed: Class 'Database' not found in models/ or controllers/
[18-Aug-2026 02:58:57 Africa/Lagos] Autoload failed: Class 'Database' not found in models/ or controllers/
[18-Aug-2026 02:59:01 Africa/Lagos] Autoload failed: Class 'Database' not found in models/ or controllers/
[18-Aug-2026 02:59:04 Africa/Lagos] Autoload failed: Class 'Database' not found in models/ or controllers/
[18-Aug-2026 02:59:05 Africa/Lagos] Autoload failed: Class 'Database' not found in models/ or controllers/
[18-Aug-2026 02:59:09 Africa/Lagos] Autoload failed: Class 'Database' not found in models/ or controllers/
[18-Aug-2026 02:59:13 Africa/Lagos] Autoload failed: Class 'Database' not found in models/ or controllers/
[18-Aug-2026 02:59:14 Africa/Lagos] Autoload failed: Class 'Database' not found in models/ or controllers/
[18-Aug-2026 02:59:17 Africa/Lagos] Autoload failed: Class 'Database' not found in models/ or controllers/
[18-Aug-2026 02:59:21 Africa/Lagos] Autoload failed: Class 'Database' not found in models/ or controllers/
[18-Aug-2026 02:59:24 Africa/Lagos] Autoload failed: Class 'Database' not found in models/ or controllers/
[18-Aug-2026 02:59:25 Africa/Lagos] Autoload failed: Class 'Database' not found in models/ or controllers/
[18-Aug-2026 02:59:28 Africa/Lagos] Autoload failed: Class 'Database' not found in models/ or controllers/
[18-Aug-2026 02:59:30 Africa/Lagos] Autoload failed: Class 'Database' not found in models/ or controllers/
[18-Aug-2026 02:59:30 Africa/Lagos] Autoload failed: Class 'Database' not found in models/ or controllers/
[18-Aug-2026 02:59:33 Africa/Lagos] Autoload failed: Class 'Database' not found in models/ or controllers/
[18-Aug-2026 02:59:36 Africa/Lagos] Autoload failed: Class 'Database' not found in models/ or controllers/
[18-Aug-2026 02:59:39 Africa/Lagos] Autoload failed: Class 'Database' not found in models/ or controllers/
[18-Aug-2026 02:59:40 Africa/Lagos] Autoload failed: Class 'Database' not found in models/ or controllers/
[18-Aug-2026 02:59:40 Africa/Lagos] Autoload failed: Class 'Database' not found in models/ or controllers/
[18-Aug-2026 02:59:43 Africa/Lagos] Autoload failed: Class 'Database' not found in models/ or controllers/
[18-Aug-2026 02:59:43 Africa/Lagos] Autoload failed: Class 'Database' not found in models/ or controllers/
[18-Aug-2026 02:59:53 Africa/Lagos] Autoload failed: Class 'Database' not found in models/ or controllers/
[18-Aug-2026 02:59:53 Africa/Lagos] Autoload failed: Class 'Database' not found in models/ or controllers/
[18-Aug-2026 02:59:54 Africa/Lagos] Autoload failed: Class 'Database' not found in models/ or controllers/
[18-Aug-2026 02:59:57 Africa/Lagos] Autoload failed: Class 'Database' not found in models/ or controllers/
[18-Aug-2026 03:00:00 Africa/Lagos] Autoload failed: Class 'Database' not found in models/ or controllers/
[18-Aug-2026 03:00:03 Africa/Lagos] Autoload failed: Class 'Database' not found in models/ or controllers/
[18-Aug-2026 03:00:04 Africa/Lagos] Autoload failed: Class 'Database' not found in models/ or controllers/
[18-Aug-2026 03:00:07 Africa/Lagos] Autoload failed: Class 'Database' not found in models/ or controllers/
[18-Aug-2026 03:00:11 Africa/Lagos] Autoload failed: Class 'Database' not found in models/ or controllers/
[18-Aug-2026 03:00:15 Africa/Lagos] Autoload failed: Class 'Database' not found in models/ or controllers/
[18-Aug-2026 03:00:15 Africa/Lagos] Autoload failed: Class 'Database' not found in models/ or controllers/
[18-Aug-2026 03:00:19 Africa/Lagos] Autoload failed: Class 'Database' not found in models/ or controllers/
[18-Aug-2026 03:00:23 Africa/Lagos] Autoload failed: Class 'Database' not found in models/ or controllers/
[18-Aug-2026 03:00:25 Africa/Lagos] Autoload failed: Class 'Database' not found in models/ or controllers/
[18-Aug-2026 03:00:27 Africa/Lagos] Autoload failed: Class 'Database' not found in models/ or controllers/
[18-Aug-2026 03:00:31 Africa/Lagos] Autoload failed: Class 'Database' not found in models/ or controllers/
[18-Aug-2026 03:00:35 Africa/Lagos] Autoload failed: Class 'Database' not found in models/ or controllers/
[18-Aug-2026 03:00:35 Africa/Lagos] Autoload failed: Class 'Database' not found in models/ or controllers/
[18-Aug-2026 03:00:39 Africa/Lagos] Autoload failed: Class 'Database' not found in models/ or controllers/
[18-Aug-2026 03:00:43 Africa/Lagos] Autoload failed: Class 'Database' not found in models/ or controllers/
[18-Aug-2026 03:00:45 Africa/Lagos] Autoload failed: Class 'Database' not found in models/ or controllers/
[18-Aug-2026 03:00:47 Africa/Lagos] Autoload failed: Class 'Database' not found in models/ or controllers/
[18-Aug-2026 03:00:51 Africa/Lagos] Autoload failed: Class 'Database' not found in models/ or controllers/
[18-Aug-2026 03:00:55 Africa/Lagos] Autoload failed: Class 'Database' not found in models/ or controllers/
[18-Aug-2026 03:00:55 Africa/Lagos] Autoload failed: Class 'Database' not found in models/ or controllers/
[18-Aug-2026 03:00:59 Africa/Lagos] Autoload failed: Class 'Database' not found in models/ or controllers/
[18-Aug-2026 03:01:03 Africa/Lagos] Autoload failed: Class 'Database' not found in models/ or controllers/
[18-Aug-2026 03:01:05 Africa/Lagos] Autoload failed: Class 'Database' not found in models/ or controllers/
[18-Aug-2026 03:01:07 Africa/Lagos] Autoload failed: Class 'Database' not found in models/ or controllers/
[18-Aug-2026 03:01:11 Africa/Lagos] Autoload failed: Class 'Database' not found in models/ or controllers/
[18-Aug-2026 03:01:15 Africa/Lagos] Autoload failed: Class 'Database' not found in models/ or controllers/
[18-Aug-2026 03:01:19 Africa/Lagos] Autoload failed: Class 'Database' not found in models/ or controllers/
[18-Aug-2026 03:01:23 Africa/Lagos] Autoload failed: Class 'Database' not found in models/ or controllers/
[18-Aug-2026 03:01:27 Africa/Lagos] Autoload failed: Class 'Database' not found in models/ or controllers/
[18-Aug-2026 03:01:31 Africa/Lagos] Autoload failed: Class 'Database' not found in models/ or controllers/
[18-Aug-2026 03:01:35 Africa/Lagos] Autoload failed: Class 'Database' not found in models/ or controllers/
[18-Aug-2026 03:01:39 Africa/Lagos] Autoload failed: Class 'Database' not found in models/ or controllers/
[18-Aug-2026 03:01:43 Africa/Lagos] Autoload failed: Class 'Database' not found in models/ or controllers/
[18-Aug-2026 03:01:47 Africa/Lagos] Autoload failed: Class 'Database' not found in models/ or controllers/
[18-Aug-2026 03:01:51 Africa/Lagos] Autoload failed: Class 'Database' not found in models/ or controllers/
[18-Aug-2026 03:01:51 Africa/Lagos] Autoload failed: Class 'Database' not found in models/ or controllers/
[18-Aug-2026 03:01:55 Africa/Lagos] Autoload failed: Class 'Database' not found in models/ or controllers/
[18-Aug-2026 03:01:59 Africa/Lagos] Autoload failed: Class 'Database' not found in models/ or controllers/
[18-Aug-2026 03:02:03 Africa/Lagos] Autoload failed: Class 'Database' not found in models/ or controllers/
[18-Aug-2026 03:02:07 Africa/Lagos] Autoload failed: Class 'Database' not found in models/ or controllers/
[18-Aug-2026 03:02:11 Africa/Lagos] Autoload failed: Class 'Database' not found in models/ or controllers/
[18-Aug-2026 03:02:15 Africa/Lagos] Autoload failed: Class 'Database' not found in models/ or controllers/
[18-Aug-2026 03:02:19 Africa/Lagos] Autoload failed: Class 'Database' not found in models/ or controllers/
[18-Aug-2026 03:02:23 Africa/Lagos] Autoload failed: Class 'Database' not found in models/ or controllers/
[18-Aug-2026 03:02:27 Africa/Lagos] Autoload failed: Class 'Database' not found in models/ or controllers/
[18-Aug-2026 03:02:31 Africa/Lagos] Autoload failed: Class 'Database' not found in models/ or controllers/
[18-Aug-2026 03:02:35 Africa/Lagos] Autoload failed: Class 'Database' not found in models/ or controllers/
[18-Aug-2026 03:02:39 Africa/Lagos] Autoload failed: Class 'Database' not found in models/ or controllers/
[18-Aug-2026 03:02:43 Africa/Lagos] Autoload failed: Class 'Database' not found in models/ or controllers/
[18-Aug-2026 03:02:47 Africa/Lagos] Autoload failed: Class 'Database' not found in models/ or controllers/
[18-Aug-2026 03:02:51 Africa/Lagos] Autoload failed: Class 'Database' not found in models/ or controllers/
[18-Aug-2026 03:02:51 Africa/Lagos] Autoload failed: Class 'Database' not found in models/ or controllers/
[18-Aug-2026 03:02:55 Africa/Lagos] Autoload failed: Class 'Database' not found in models/ or controllers/
[18-Aug-2026 03:02:59 Africa/Lagos] Autoload failed: Class 'Database' not found in models/ or controllers/
[18-Aug-2026 03:03:03 Africa/Lagos] Autoload failed: Class 'Database' not found in models/ or controllers/
[18-Aug-2026 03:03:07 Africa/Lagos] Autoload failed: Class 'Database' not found in models/ or controllers/
[18-Aug-2026 03:03:11 Africa/Lagos] Autoload failed: Class 'Database' not found in models/ or controllers/
[18-Aug-2026 03:03:15 Africa/Lagos] Autoload failed: Class 'Database' not found in models/ or controllers/
[18-Aug-2026 03:03:19 Africa/Lagos] Autoload failed: Class 'Database' not found in models/ or controllers/
[18-Aug-2026 03:03:23 Africa/Lagos] Autoload failed: Class 'Database' not found in models/ or controllers/
[18-Aug-2026 03:03:27 Africa/Lagos] Autoload failed: Class 'Database' not found in models/ or controllers/
[18-Aug-2026 03:03:31 Africa/Lagos] Autoload failed: Class 'Database' not found in models/ or controllers/
[18-Aug-2026 03:03:35 Africa/Lagos] Autoload failed: Class 'Database' not found in models/ or controllers/
[18-Aug-2026 03:03:39 Africa/Lagos] Autoload failed: Class 'Database' not found in models/ or controllers/
[18-Aug-2026 03:03:43 Africa/Lagos] Autoload failed: Class 'Database' not found in models/ or controllers/
[18-Aug-2026 03:03:47 Africa/Lagos] Autoload failed: Class 'Database' not found in models/ or controllers/
[18-Aug-2026 03:03:51 Africa/Lagos] Autoload failed: Class 'Database' not found in models/ or controllers/
[18-Aug-2026 03:03:51 Africa/Lagos] Autoload failed: Class 'Database' not found in models/ or controllers/
[18-Aug-2026 03:03:55 Africa/Lagos] Autoload failed: Class 'Database' not found in models/ or controllers/
[18-Aug-2026 03:03:59 Africa/Lagos] Autoload failed: Class 'Database' not found in models/ or controllers/
[18-Aug-2026 03:04:03 Africa/Lagos] Autoload failed: Class 'Database' not found in models/ or controllers/
[18-Aug-2026 03:04:07 Africa/Lagos] Autoload failed: Class 'Database' not found in models/ or controllers/
[18-Aug-2026 03:04:08 Africa/Lagos] Autoload failed: Class 'Database' not found in models/ or controllers/
[18-Aug-2026 03:04:10 Africa/Lagos] Autoload failed: Class 'Database' not found in models/ or controllers/
[18-Aug-2026 03:04:13 Africa/Lagos] Autoload failed: Class 'Database' not found in models/ or controllers/
[18-Aug-2026 03:04:14 Africa/Lagos] Autoload failed: Class 'Database' not found in models/ or controllers/
[18-Aug-2026 03:04:16 Africa/Lagos] Autoload failed: Class 'Database' not found in models/ or controllers/
[18-Aug-2026 03:04:16 Africa/Lagos] Autoload failed: Class 'Database' not found in models/ or controllers/
[18-Aug-2026 03:04:17 Africa/Lagos] Autoload failed: Class 'Database' not found in models/ or controllers/
[18-Aug-2026 03:04:20 Africa/Lagos] Autoload failed: Class 'Database' not found in models/ or controllers/
[18-Aug-2026 03:04:22 Africa/Lagos] Autoload failed: Class 'Database' not found in models/ or controllers/
[18-Aug-2026 03:04:22 Africa/Lagos] Autoload failed: Class 'Database' not found in models/ or controllers/
[18-Aug-2026 03:04:25 Africa/Lagos] Autoload failed: Class 'Database' not found in models/ or controllers/
[18-Aug-2026 03:04:28 Africa/Lagos] Autoload failed: Class 'Database' not found in models/ or controllers/
[18-Aug-2026 03:04:31 Africa/Lagos] Autoload failed: Class 'Database' not found in models/ or controllers/
[18-Aug-2026 03:04:32 Africa/Lagos] Autoload failed: Class 'Database' not found in models/ or controllers/
[18-Aug-2026 03:04:35 Africa/Lagos] Autoload failed: Class 'Database' not found in models/ or controllers/
[18-Aug-2026 03:04:38 Africa/Lagos] Autoload failed: Class 'Database' not found in models/ or controllers/
[18-Aug-2026 03:04:41 Africa/Lagos] Autoload failed: Class 'Database' not found in models/ or controllers/
[18-Aug-2026 03:04:42 Africa/Lagos] Autoload failed: Class 'Database' not found in models/ or controllers/
[18-Aug-2026 03:04:44 Africa/Lagos] Autoload failed: Class 'Database' not found in models/ or controllers/
[18-Aug-2026 03:04:47 Africa/Lagos] Autoload failed: Class 'Database' not found in models/ or controllers/
[18-Aug-2026 03:04:50 Africa/Lagos] Autoload failed: Class 'Database' not found in models/ or controllers/
[18-Aug-2026 03:04:52 Africa/Lagos] Autoload failed: Class 'Database' not found in models/ or controllers/
[18-Aug-2026 03:04:53 Africa/Lagos] Autoload failed: Class 'Database' not found in models/ or controllers/
[18-Aug-2026 03:04:56 Africa/Lagos] Autoload failed: Class 'Database' not found in models/ or controllers/
[18-Aug-2026 03:04:56 Africa/Lagos] Autoload failed: Class 'Database' not found in models/ or controllers/
[18-Aug-2026 03:04:56 Africa/Lagos] Autoload failed: Class 'Database' not found in models/ or controllers/
[18-Aug-2026 03:05:04 Africa/Lagos] Autoload failed: Class 'Database' not found in models/ or controllers/
[18-Aug-2026 03:05:05 Africa/Lagos] Autoload failed: Class 'Database' not found in models/ or controllers/
[18-Aug-2026 03:05:14 Africa/Lagos] Autoload failed: Class 'Database' not found in models/ or controllers/
[18-Aug-2026 03:05:15 Africa/Lagos] Autoload failed: Class 'Database' not found in models/ or controllers/
[18-Aug-2026 03:05:21 Africa/Lagos] Autoload failed: Class 'Database' not found in models/ or controllers/
[18-Aug-2026 03:05:22 Africa/Lagos] Autoload failed: Class 'Database' not found in models/ or controllers/
[18-Aug-2026 03:05:31 Africa/Lagos] Autoload failed: Class 'Database' not found in models/ or controllers/
[18-Aug-2026 03:05:31 Africa/Lagos] PHP Fatal error:  Uncaught Error: Call to undefined function getAvatarUrl() in C:\laragon\www\skillswap\views\reviews\index.php:93
Stack trace:
#0 C:\laragon\www\skillswap\controllers\ReviewController.php(79): require_once()
#1 C:\laragon\www\skillswap\index.php(201): ReviewController->index()
#2 {main}
  thrown in C:\laragon\www\skillswap\views\reviews\index.php on line 93
[18-Aug-2026 03:07:17 Africa/Lagos] Autoload failed: Class 'Database' not found in models/ or controllers/
[18-Aug-2026 03:07:17 Africa/Lagos] Get Top Matches Error: SQLSTATE[HY093]: Invalid parameter number
[18-Aug-2026 03:07:17 Africa/Lagos] Get Exchange Stats Error: SQLSTATE[HY093]: Invalid parameter number
[18-Aug-2026 03:07:18 Africa/Lagos] Autoload failed: Class 'Database' not found in models/ or controllers/
[18-Aug-2026 03:07:27 Africa/Lagos] Autoload failed: Class 'Database' not found in models/ or controllers/
[18-Aug-2026 03:07:27 Africa/Lagos] Autoload failed: Class 'Database' not found in models/ or controllers/
[18-Aug-2026 03:07:31 Africa/Lagos] Autoload failed: Class 'Database' not found in models/ or controllers/
[18-Aug-2026 03:07:31 Africa/Lagos] Get Top Matches Error: SQLSTATE[HY093]: Invalid parameter number
[18-Aug-2026 03:07:31 Africa/Lagos] Get Exchange Stats Error: SQLSTATE[HY093]: Invalid parameter number
[18-Aug-2026 03:07:31 Africa/Lagos] Autoload failed: Class 'Database' not found in models/ or controllers/
[18-Aug-2026 03:07:41 Africa/Lagos] Autoload failed: Class 'Database' not found in models/ or controllers/
[18-Aug-2026 03:07:50 Africa/Lagos] Autoload failed: Class 'Database' not found in models/ or controllers/
[18-Aug-2026 03:07:51 Africa/Lagos] Autoload failed: Class 'Database' not found in models/ or controllers/
[18-Aug-2026 03:07:51 Africa/Lagos] Autoload failed: Class 'Database' not found in models/ or controllers/
[18-Aug-2026 03:07:52 Africa/Lagos] Autoload failed: Class 'Database' not found in models/ or controllers/
[18-Aug-2026 03:08:02 Africa/Lagos] Autoload failed: Class 'Database' not found in models/ or controllers/
[18-Aug-2026 03:08:12 Africa/Lagos] Autoload failed: Class 'Database' not found in models/ or controllers/
[18-Aug-2026 03:08:22 Africa/Lagos] Autoload failed: Class 'Database' not found in models/ or controllers/
[18-Aug-2026 03:08:32 Africa/Lagos] Autoload failed: Class 'Database' not found in models/ or controllers/
[18-Aug-2026 03:08:42 Africa/Lagos] Autoload failed: Class 'Database' not found in models/ or controllers/
[18-Aug-2026 03:08:52 Africa/Lagos] Autoload failed: Class 'Database' not found in models/ or controllers/
[18-Aug-2026 03:09:02 Africa/Lagos] Autoload failed: Class 'Database' not found in models/ or controllers/
[18-Aug-2026 03:09:12 Africa/Lagos] Autoload failed: Class 'Database' not found in models/ or controllers/
[18-Aug-2026 03:09:22 Africa/Lagos] Autoload failed: Class 'Database' not found in models/ or controllers/
[18-Aug-2026 03:09:32 Africa/Lagos] Autoload failed: Class 'Database' not found in models/ or controllers/
[18-Aug-2026 03:09:42 Africa/Lagos] Autoload failed: Class 'Database' not found in models/ or controllers/
[18-Aug-2026 03:09:52 Africa/Lagos] Autoload failed: Class 'Database' not found in models/ or controllers/
[18-Aug-2026 03:10:02 Africa/Lagos] Autoload failed: Class 'Database' not found in models/ or controllers/
[18-Aug-2026 03:10:12 Africa/Lagos] Autoload failed: Class 'Database' not found in models/ or controllers/
[18-Aug-2026 03:10:22 Africa/Lagos] Autoload failed: Class 'Database' not found in models/ or controllers/
[18-Aug-2026 03:10:32 Africa/Lagos] Autoload failed: Class 'Database' not found in models/ or controllers/
[18-Aug-2026 03:10:42 Africa/Lagos] Autoload failed: Class 'Database' not found in models/ or controllers/
[18-Aug-2026 03:10:52 Africa/Lagos] Autoload failed: Class 'Database' not found in models/ or controllers/
[18-Aug-2026 03:11:02 Africa/Lagos] Autoload failed: Class 'Database' not found in models/ or controllers/
[18-Aug-2026 03:11:12 Africa/Lagos] Autoload failed: Class 'Database' not found in models/ or controllers/
[18-Aug-2026 03:11:22 Africa/Lagos] Autoload failed: Class 'Database' not found in models/ or controllers/
[18-Aug-2026 03:11:32 Africa/Lagos] Autoload failed: Class 'Database' not found in models/ or controllers/
[18-Aug-2026 03:11:42 Africa/Lagos] Autoload failed: Class 'Database' not found in models/ or controllers/
[18-Aug-2026 03:11:52 Africa/Lagos] Autoload failed: Class 'Database' not found in models/ or controllers/
[18-Aug-2026 03:12:02 Africa/Lagos] Autoload failed: Class 'Database' not found in models/ or controllers/
[18-Aug-2026 03:12:12 Africa/Lagos] Autoload failed: Class 'Database' not found in models/ or controllers/
[18-Aug-2026 03:12:22 Africa/Lagos] Autoload failed: Class 'Database' not found in models/ or controllers/
[18-Aug-2026 03:12:32 Africa/Lagos] Autoload failed: Class 'Database' not found in models/ or controllers/
[18-Aug-2026 03:12:42 Africa/Lagos] Autoload failed: Class 'Database' not found in models/ or controllers/
[18-Aug-2026 03:12:52 Africa/Lagos] Autoload failed: Class 'Database' not found in models/ or controllers/
[18-Aug-2026 03:13:02 Africa/Lagos] Autoload failed: Class 'Database' not found in models/ or controllers/
[18-Aug-2026 03:13:12 Africa/Lagos] Autoload failed: Class 'Database' not found in models/ or controllers/
[18-Aug-2026 03:13:22 Africa/Lagos] Autoload failed: Class 'Database' not found in models/ or controllers/
[18-Aug-2026 03:13:32 Africa/Lagos] Autoload failed: Class 'Database' not found in models/ or controllers/
[18-Aug-2026 03:13:42 Africa/Lagos] Autoload failed: Class 'Database' not found in models/ or controllers/
[18-Aug-2026 03:13:52 Africa/Lagos] Autoload failed: Class 'Database' not found in models/ or controllers/
[18-Aug-2026 03:14:02 Africa/Lagos] Autoload failed: Class 'Database' not found in models/ or controllers/
[18-Aug-2026 03:14:12 Africa/Lagos] Autoload failed: Class 'Database' not found in models/ or controllers/
[18-Aug-2026 03:14:22 Africa/Lagos] Autoload failed: Class 'Database' not found in models/ or controllers/
[18-Aug-2026 03:14:35 Africa/Lagos] Autoload failed: Class 'Database' not found in models/ or controllers/
[18-Aug-2026 03:14:40 Africa/Lagos] Autoload failed: Class 'Database' not found in models/ or controllers/
[18-Aug-2026 03:14:40 Africa/Lagos] Autoload failed: Class 'Database' not found in models/ or controllers/
[18-Aug-2026 03:14:46 Africa/Lagos] Autoload failed: Class 'Database' not found in models/ or controllers/
[18-Aug-2026 03:14:46 Africa/Lagos] Autoload failed: Class 'Database' not found in models/ or controllers/
[18-Aug-2026 03:14:48 Africa/Lagos] Autoload failed: Class 'Database' not found in models/ or controllers/
[18-Aug-2026 03:14:48 Africa/Lagos] PHP Fatal error:  Uncaught Error: Call to undefined function getAvatarUrl() in C:\laragon\www\skillswap\views\reviews\index.php:93
Stack trace:
#0 C:\laragon\www\skillswap\controllers\ReviewController.php(79): require_once()
#1 C:\laragon\www\skillswap\index.php(201): ReviewController->index()
#2 {main}
  thrown in C:\laragon\www\skillswap\views\reviews\index.php on line 93
[18-Aug-2026 03:14:52 Africa/Lagos] Autoload failed: Class 'Database' not found in models/ or controllers/
[18-Aug-2026 03:14:52 Africa/Lagos] Autoload failed: Class 'Database' not found in models/ or controllers/
[18-Aug-2026 03:15:00 Africa/Lagos] Autoload failed: Class 'Database' not found in models/ or controllers/
[18-Aug-2026 03:15:00 Africa/Lagos] PHP Fatal error:  Uncaught Error: Call to undefined function generateCsrfToken() in C:\laragon\www\skillswap\views\notifications\index.php:20
Stack trace:
#0 C:\laragon\www\skillswap\controllers\NotificationController.php(56): require_once()
#1 C:\laragon\www\skillswap\index.php(201): NotificationController->index()
#2 {main}
  thrown in C:\laragon\www\skillswap\views\notifications\index.php on line 20
[18-Aug-2026 18:38:08 Africa/Lagos] Autoload failed: Class 'Database' not found in models/ or controllers/
[18-Aug-2026 18:38:09 Africa/Lagos] Autoload failed: Class 'Database' not found in models/ or controllers/
[18-Aug-2026 18:38:12 Africa/Lagos] Autoload failed: Class 'Database' not found in models/ or controllers/
[18-Aug-2026 18:38:12 Africa/Lagos] PHP Fatal error:  Uncaught Error: Call to undefined function getAvatarUrl() in C:\laragon\www\skillswap\views\reviews\index.php:93
Stack trace:
#0 C:\laragon\www\skillswap\controllers\ReviewController.php(83): require_once()
#1 C:\laragon\www\skillswap\index.php(201): ReviewController->index()
#2 {main}
  thrown in C:\laragon\www\skillswap\views\reviews\index.php on line 93
[18-Aug-2026 18:56:15 Africa/Lagos] Autoload failed: Class 'Database' not found in models/ or controllers/
[18-Aug-2026 18:56:16 Africa/Lagos] Autoload failed: Class 'Database' not found in models/ or controllers/
[18-Aug-2026 18:56:26 Africa/Lagos] Autoload failed: Class 'Database' not found in models/ or controllers/
[18-Aug-2026 18:56:36 Africa/Lagos] Autoload failed: Class 'Database' not found in models/ or controllers/
[18-Aug-2026 18:56:46 Africa/Lagos] Autoload failed: Class 'Database' not found in models/ or controllers/
[18-Aug-2026 18:56:56 Africa/Lagos] Autoload failed: Class 'Database' not found in models/ or controllers/
[18-Aug-2026 18:57:06 Africa/Lagos] Autoload failed: Class 'Database' not found in models/ or controllers/
[18-Aug-2026 18:57:16 Africa/Lagos] Autoload failed: Class 'Database' not found in models/ or controllers/
[18-Aug-2026 21:02:36 Africa/Lagos] Autoload failed: Class 'Database' not found in models/ or controllers/
[18-Aug-2026 21:03:22 Africa/Lagos] Autoload failed: Class 'Database' not found in models/ or controllers/
[18-Aug-2026 21:04:22 Africa/Lagos] Autoload failed: Class 'Database' not found in models/ or controllers/
[18-Aug-2026 21:04:50 Africa/Lagos] Autoload failed: Class 'Database' not found in models/ or controllers/
[18-Aug-2026 21:05:00 Africa/Lagos] Autoload failed: Class 'Database' not found in models/ or controllers/
[18-Aug-2026 21:05:10 Africa/Lagos] Autoload failed: Class 'Database' not found in models/ or controllers/
[18-Aug-2026 21:05:20 Africa/Lagos] Autoload failed: Class 'Database' not found in models/ or controllers/
[18-Aug-2026 21:05:30 Africa/Lagos] Autoload failed: Class 'Database' not found in models/ or controllers/
[18-Aug-2026 21:05:40 Africa/Lagos] Autoload failed: Class 'Database' not found in models/ or controllers/
[18-Aug-2026 21:05:50 Africa/Lagos] Autoload failed: Class 'Database' not found in models/ or controllers/
[18-Aug-2026 21:06:22 Africa/Lagos] Autoload failed: Class 'Database' not found in models/ or controllers/
[18-Aug-2026 21:07:22 Africa/Lagos] Autoload failed: Class 'Database' not found in models/ or controllers/
[18-Aug-2026 21:08:22 Africa/Lagos] Autoload failed: Class 'Database' not found in models/ or controllers/
[18-Aug-2026 21:09:22 Africa/Lagos] Autoload failed: Class 'Database' not found in models/ or controllers/
[18-Aug-2026 21:10:22 Africa/Lagos] Autoload failed: Class 'Database' not found in models/ or controllers/
[18-Aug-2026 21:11:22 Africa/Lagos] Autoload failed: Class 'Database' not found in models/ or controllers/
[18-Aug-2026 21:12:22 Africa/Lagos] Autoload failed: Class 'Database' not found in models/ or controllers/
[18-Aug-2026 21:13:12 Africa/Lagos] Autoload failed: Class 'Database' not found in models/ or controllers/
[18-Aug-2026 21:13:14 Africa/Lagos] Autoload failed: Class 'Database' not found in models/ or controllers/
[18-Aug-2026 21:13:15 Africa/Lagos] Autoload failed: Class 'Database' not found in models/ or controllers/
[18-Aug-2026 21:13:17 Africa/Lagos] Autoload failed: Class 'Database' not found in models/ or controllers/
[18-Aug-2026 21:13:17 Africa/Lagos] Get Exchange History Error: SQLSTATE[HY093]: Invalid parameter number
[18-Aug-2026 21:13:18 Africa/Lagos] Autoload failed: Class 'Database' not found in models/ or controllers/
[18-Aug-2026 21:13:25 Africa/Lagos] Autoload failed: Class 'Database' not found in models/ or controllers/
[18-Aug-2026 21:13:25 Africa/Lagos] Autoload failed: Class 'Database' not found in models/ or controllers/
[18-Aug-2026 21:13:28 Africa/Lagos] Autoload failed: Class 'Database' not found in models/ or controllers/
[18-Aug-2026 21:13:29 Africa/Lagos] Autoload failed: Class 'Database' not found in models/ or controllers/
[18-Aug-2026 21:13:38 Africa/Lagos] Autoload failed: Class 'Database' not found in models/ or controllers/
[18-Aug-2026 21:13:40 Africa/Lagos] Autoload failed: Class 'Database' not found in models/ or controllers/
[18-Aug-2026 21:13:40 Africa/Lagos] Get Exchange History Error: SQLSTATE[HY093]: Invalid parameter number
[18-Aug-2026 21:13:40 Africa/Lagos] Autoload failed: Class 'Database' not found in models/ or controllers/
[18-Aug-2026 21:13:44 Africa/Lagos] Autoload failed: Class 'Database' not found in models/ or controllers/
[18-Aug-2026 21:13:44 Africa/Lagos] Autoload failed: Class 'Database' not found in models/ or controllers/
[18-Aug-2026 21:13:48 Africa/Lagos] Autoload failed: Class 'Database' not found in models/ or controllers/
[18-Aug-2026 21:13:48 Africa/Lagos] Count User Exchanges Error: SQLSTATE[HY093]: Invalid parameter number
[18-Aug-2026 21:13:48 Africa/Lagos] Get Exchange Stats Error: SQLSTATE[HY093]: Invalid parameter number
[18-Aug-2026 21:13:48 Africa/Lagos] Autoload failed: Class 'Database' not found in models/ or controllers/
[18-Aug-2026 21:13:55 Africa/Lagos] Autoload failed: Class 'Database' not found in models/ or controllers/
[18-Aug-2026 21:13:55 Africa/Lagos] Autoload failed: Class 'Database' not found in models/ or controllers/
[18-Aug-2026 21:13:56 Africa/Lagos] Autoload failed: Class 'Database' not found in models/ or controllers/
[18-Aug-2026 21:13:56 Africa/Lagos] Get Exchange History Error: SQLSTATE[HY093]: Invalid parameter number
[18-Aug-2026 21:13:56 Africa/Lagos] Autoload failed: Class 'Database' not found in models/ or controllers/
[18-Aug-2026 21:14:06 Africa/Lagos] Autoload failed: Class 'Database' not found in models/ or controllers/
[18-Aug-2026 21:14:10 Africa/Lagos] Autoload failed: Class 'Database' not found in models/ or controllers/
[18-Aug-2026 21:14:10 Africa/Lagos] Count User Exchanges Error: SQLSTATE[HY093]: Invalid parameter number
[18-Aug-2026 21:14:10 Africa/Lagos] Get Exchange Stats Error: SQLSTATE[HY093]: Invalid parameter number
[18-Aug-2026 21:14:11 Africa/Lagos] Autoload failed: Class 'Database' not found in models/ or controllers/
[18-Aug-2026 21:14:17 Africa/Lagos] Autoload failed: Class 'Database' not found in models/ or controllers/
[18-Aug-2026 21:14:17 Africa/Lagos] Autoload failed: Class 'Database' not found in models/ or controllers/
[18-Aug-2026 21:14:24 Africa/Lagos] Autoload failed: Class 'Database' not found in models/ or controllers/
[18-Aug-2026 21:14:25 Africa/Lagos] Autoload failed: Class 'Database' not found in models/ or controllers/
[18-Aug-2026 21:14:29 Africa/Lagos] Autoload failed: Class 'Database' not found in models/ or controllers/
[18-Aug-2026 21:14:29 Africa/Lagos] Autoload failed: Class 'Database' not found in models/ or controllers/
[18-Aug-2026 21:14:36 Africa/Lagos] Autoload failed: Class 'Database' not found in models/ or controllers/
[18-Aug-2026 21:14:36 Africa/Lagos] Autoload failed: Class 'Database' not found in models/ or controllers/
[18-Aug-2026 21:14:38 Africa/Lagos] Autoload failed: Class 'Database' not found in models/ or controllers/
[18-Aug-2026 21:14:38 Africa/Lagos] Autoload failed: Class 'Database' not found in models/ or controllers/
[18-Aug-2026 21:14:42 Africa/Lagos] Autoload failed: Class 'Database' not found in models/ or controllers/
[18-Aug-2026 21:14:43 Africa/Lagos] Autoload failed: Class 'Database' not found in models/ or controllers/
[18-Aug-2026 21:14:53 Africa/Lagos] Autoload failed: Class 'Database' not found in models/ or controllers/
[18-Aug-2026 21:14:59 Africa/Lagos] Autoload failed: Class 'Database' not found in models/ or controllers/
[18-Aug-2026 21:14:59 Africa/Lagos] Autoload failed: Class 'Database' not found in models/ or controllers/
[18-Aug-2026 21:15:03 Africa/Lagos] Autoload failed: Class 'Database' not found in models/ or controllers/
[18-Aug-2026 21:15:03 Africa/Lagos] Autoload failed: Class 'Database' not found in models/ or controllers/
[18-Aug-2026 21:15:05 Africa/Lagos] Autoload failed: Class 'Database' not found in models/ or controllers/
[18-Aug-2026 21:15:05 Africa/Lagos] Autoload failed: Class 'Database' not found in models/ or controllers/
[18-Aug-2026 21:15:15 Africa/Lagos] Autoload failed: Class 'Database' not found in models/ or controllers/
[18-Aug-2026 21:15:16 Africa/Lagos] Autoload failed: Class 'Database' not found in models/ or controllers/
[18-Aug-2026 21:15:16 Africa/Lagos] Get Top Matches Error: SQLSTATE[HY093]: Invalid parameter number
[18-Aug-2026 21:15:16 Africa/Lagos] Get Exchange Stats Error: SQLSTATE[HY093]: Invalid parameter number
[18-Aug-2026 21:15:16 Africa/Lagos] Autoload failed: Class 'Database' not found in models/ or controllers/
[18-Aug-2026 21:15:21 Africa/Lagos] Autoload failed: Class 'Database' not found in models/ or controllers/
[18-Aug-2026 21:15:21 Africa/Lagos] Autoload failed: Class 'Database' not found in models/ or controllers/
[18-Aug-2026 21:15:23 Africa/Lagos] Autoload failed: Class 'Database' not found in models/ or controllers/
[18-Aug-2026 21:15:23 Africa/Lagos] Get Top Matches Error: SQLSTATE[HY093]: Invalid parameter number
[18-Aug-2026 21:15:23 Africa/Lagos] Get Exchange Stats Error: SQLSTATE[HY093]: Invalid parameter number
[18-Aug-2026 21:15:23 Africa/Lagos] Autoload failed: Class 'Database' not found in models/ or controllers/
[18-Aug-2026 21:15:33 Africa/Lagos] Autoload failed: Class 'Database' not found in models/ or controllers/
[18-Aug-2026 21:15:43 Africa/Lagos] Autoload failed: Class 'Database' not found in models/ or controllers/
[18-Aug-2026 21:15:53 Africa/Lagos] Autoload failed: Class 'Database' not found in models/ or controllers/
[18-Aug-2026 21:16:03 Africa/Lagos] Autoload failed: Class 'Database' not found in models/ or controllers/
[18-Aug-2026 21:16:14 Africa/Lagos] Autoload failed: Class 'Database' not found in models/ or controllers/
[18-Aug-2026 21:16:24 Africa/Lagos] Autoload failed: Class 'Database' not found in models/ or controllers/
[18-Aug-2026 21:16:34 Africa/Lagos] Autoload failed: Class 'Database' not found in models/ or controllers/
[18-Aug-2026 21:16:44 Africa/Lagos] Autoload failed: Class 'Database' not found in models/ or controllers/
[18-Aug-2026 21:16:54 Africa/Lagos] Autoload failed: Class 'Database' not found in models/ or controllers/
[18-Aug-2026 21:17:04 Africa/Lagos] Autoload failed: Class 'Database' not found in models/ or controllers/
[18-Aug-2026 21:17:14 Africa/Lagos] Autoload failed: Class 'Database' not found in models/ or controllers/
[18-Aug-2026 21:18:22 Africa/Lagos] Autoload failed: Class 'Database' not found in models/ or controllers/
[18-Aug-2026 21:18:53 Africa/Lagos] Autoload failed: Class 'Database' not found in models/ or controllers/
[18-Aug-2026 21:18:54 Africa/Lagos] Autoload failed: Class 'Database' not found in models/ or controllers/
[18-Aug-2026 21:18:54 Africa/Lagos] Get Top Matches Error: SQLSTATE[HY093]: Invalid parameter number
[18-Aug-2026 21:18:54 Africa/Lagos] Get Exchange Stats Error: SQLSTATE[HY093]: Invalid parameter number
[18-Aug-2026 21:18:56 Africa/Lagos] Autoload failed: Class 'Database' not found in models/ or controllers/
[18-Aug-2026 21:19:06 Africa/Lagos] Autoload failed: Class 'Database' not found in models/ or controllers/
[18-Aug-2026 21:19:16 Africa/Lagos] Autoload failed: Class 'Database' not found in models/ or controllers/
[18-Aug-2026 21:19:20 Africa/Lagos] Autoload failed: Class 'Database' not found in models/ or controllers/
[18-Aug-2026 21:19:20 Africa/Lagos] Get Top Matches Error: SQLSTATE[HY093]: Invalid parameter number
[18-Aug-2026 21:19:20 Africa/Lagos] Get Exchange Stats Error: SQLSTATE[HY093]: Invalid parameter number
[18-Aug-2026 21:33:30 Africa/Lagos] Autoload failed: Class 'Database' not found in models/ or controllers/
[18-Aug-2026 21:33:30 Africa/Lagos] Get Top Matches Error: SQLSTATE[HY093]: Invalid parameter number
[18-Aug-2026 21:33:31 Africa/Lagos] Autoload failed: Class 'Database' not found in models/ or controllers/
[18-Aug-2026 21:33:41 Africa/Lagos] Autoload failed: Class 'Database' not found in models/ or controllers/
[18-Aug-2026 21:33:43 Africa/Lagos] Autoload failed: Class 'Database' not found in models/ or controllers/
[18-Aug-2026 21:33:43 Africa/Lagos] Autoload failed: Class 'Database' not found in models/ or controllers/
[18-Aug-2026 21:33:44 Africa/Lagos] Autoload failed: Class 'Database' not found in models/ or controllers/
[18-Aug-2026 21:33:45 Africa/Lagos] Autoload failed: Class 'Database' not found in models/ or controllers/
[18-Aug-2026 21:33:45 Africa/Lagos] Autoload failed: Class 'Database' not found in models/ or controllers/
[18-Aug-2026 21:33:45 Africa/Lagos] Count User Exchanges Error: SQLSTATE[HY093]: Invalid parameter number
[18-Aug-2026 21:33:45 Africa/Lagos] Autoload failed: Class 'Database' not found in models/ or controllers/
[18-Aug-2026 21:33:47 Africa/Lagos] Autoload failed: Class 'Database' not found in models/ or controllers/
[18-Aug-2026 21:33:47 Africa/Lagos] Autoload failed: Class 'Database' not found in models/ or controllers/
[18-Aug-2026 21:33:57 Africa/Lagos] Autoload failed: Class 'Database' not found in models/ or controllers/
[18-Aug-2026 21:34:01 Africa/Lagos] Autoload failed: Class 'Database' not found in models/ or controllers/
[18-Aug-2026 21:34:02 Africa/Lagos] Autoload failed: Class 'Database' not found in models/ or controllers/
[18-Aug-2026 21:34:05 Africa/Lagos] Autoload failed: Class 'Database' not found in models/ or controllers/
[18-Aug-2026 21:34:06 Africa/Lagos] Autoload failed: Class 'Database' not found in models/ or controllers/
[18-Aug-2026 21:34:07 Africa/Lagos] Autoload failed: Class 'Database' not found in models/ or controllers/
[18-Aug-2026 21:34:16 Africa/Lagos] Autoload failed: Class 'Database' not found in models/ or controllers/
[18-Aug-2026 21:34:16 Africa/Lagos] Autoload failed: Class 'Database' not found in models/ or controllers/
[18-Aug-2026 21:34:20 Africa/Lagos] Autoload failed: Class 'Database' not found in models/ or controllers/
[18-Aug-2026 21:34:20 Africa/Lagos] PHP Fatal error:  Uncaught Error: Call to undefined function generateCsrfToken() in C:\laragon\www\skillswap\views\notifications\index.php:20
Stack trace:
#0 C:\laragon\www\skillswap\controllers\NotificationController.php(56): require_once()
#1 C:\laragon\www\skillswap\index.php(201): NotificationController->index()
#2 {main}
  thrown in C:\laragon\www\skillswap\views\notifications\index.php on line 20
[18-Aug-2026 21:50:20 Africa/Lagos] Autoload failed: Class 'Database' not found in models/ or controllers/
[18-Aug-2026 21:50:21 Africa/Lagos] Autoload failed: Class 'Database' not found in models/ or controllers/
[18-Aug-2026 21:50:26 Africa/Lagos] Autoload failed: Class 'Database' not found in models/ or controllers/
[18-Aug-2026 21:50:26 Africa/Lagos] Autoload failed: Class 'Database' not found in models/ or controllers/
[18-Aug-2026 21:50:28 Africa/Lagos] Autoload failed: Class 'Database' not found in models/ or controllers/
[18-Aug-2026 21:50:29 Africa/Lagos] Autoload failed: Class 'Database' not found in models/ or controllers/
[18-Aug-2026 21:50:39 Africa/Lagos] Autoload failed: Class 'Database' not found in models/ or controllers/
[18-Aug-2026 21:50:40 Africa/Lagos] Autoload failed: Class 'Database' not found in models/ or controllers/
[18-Aug-2026 21:50:41 Africa/Lagos] Autoload failed: Class 'Database' not found in models/ or controllers/
[18-Aug-2026 21:50:48 Africa/Lagos] Autoload failed: Class 'Database' not found in models/ or controllers/
[18-Aug-2026 21:50:49 Africa/Lagos] Autoload failed: Class 'Database' not found in models/ or controllers/
[18-Aug-2026 21:50:55 Africa/Lagos] Autoload failed: Class 'Database' not found in models/ or controllers/
[18-Aug-2026 21:50:55 Africa/Lagos] Autoload failed: Class 'Database' not found in models/ or controllers/
[18-Aug-2026 21:51:02 Africa/Lagos] Autoload failed: Class 'Database' not found in models/ or controllers/
[18-Aug-2026 21:51:03 Africa/Lagos] Autoload failed: Class 'Database' not found in models/ or controllers/
[18-Aug-2026 21:51:06 Africa/Lagos] Autoload failed: Class 'Database' not found in models/ or controllers/
[18-Aug-2026 21:51:06 Africa/Lagos] Autoload failed: Class 'Database' not found in models/ or controllers/
[18-Aug-2026 21:51:07 Africa/Lagos] Autoload failed: Class 'Database' not found in models/ or controllers/
[18-Aug-2026 21:51:07 Africa/Lagos] Autoload failed: Class 'Database' not found in models/ or controllers/
[18-Aug-2026 21:51:10 Africa/Lagos] Autoload failed: Class 'Database' not found in models/ or controllers/
[18-Aug-2026 21:51:11 Africa/Lagos] Autoload failed: Class 'Database' not found in models/ or controllers/
[18-Aug-2026 21:51:12 Africa/Lagos] Autoload failed: Class 'Database' not found in models/ or controllers/
[18-Aug-2026 21:51:13 Africa/Lagos] Autoload failed: Class 'Database' not found in models/ or controllers/
[18-Aug-2026 21:51:18 Africa/Lagos] Autoload failed: Class 'Database' not found in models/ or controllers/
[18-Aug-2026 21:51:18 Africa/Lagos] Autoload failed: Class 'Database' not found in models/ or controllers/
[18-Aug-2026 21:51:18 Africa/Lagos] Autoload failed: Class 'Database' not found in models/ or controllers/
[18-Aug-2026 21:51:26 Africa/Lagos] Autoload failed: Class 'Database' not found in models/ or controllers/
[18-Aug-2026 21:51:26 Africa/Lagos] Get Top Matches Error: SQLSTATE[HY093]: Invalid parameter number
[18-Aug-2026 21:51:26 Africa/Lagos] Autoload failed: Class 'Database' not found in models/ or controllers/
[18-Aug-2026 21:51:27 Africa/Lagos] Autoload failed: Class 'Database' not found in models/ or controllers/
[18-Aug-2026 21:51:27 Africa/Lagos] Autoload failed: Class 'Database' not found in models/ or controllers/
[18-Aug-2026 21:51:28 Africa/Lagos] Autoload failed: Class 'Database' not found in models/ or controllers/
[18-Aug-2026 21:51:28 Africa/Lagos] Autoload failed: Class 'Database' not found in models/ or controllers/
[18-Aug-2026 21:51:29 Africa/Lagos] Autoload failed: Class 'Database' not found in models/ or controllers/
[18-Aug-2026 21:51:29 Africa/Lagos] Count User Exchanges Error: SQLSTATE[HY093]: Invalid parameter number
[18-Aug-2026 21:51:29 Africa/Lagos] Autoload failed: Class 'Database' not found in models/ or controllers/
[18-Aug-2026 21:51:30 Africa/Lagos] Autoload failed: Class 'Database' not found in models/ or controllers/
[18-Aug-2026 21:51:30 Africa/Lagos] Autoload failed: Class 'Database' not found in models/ or controllers/
[18-Aug-2026 21:51:41 Africa/Lagos] Autoload failed: Class 'Database' not found in models/ or controllers/
[18-Aug-2026 21:51:51 Africa/Lagos] Autoload failed: Class 'Database' not found in models/ or controllers/
[18-Aug-2026 21:52:01 Africa/Lagos] Autoload failed: Class 'Database' not found in models/ or controllers/
[18-Aug-2026 21:52:11 Africa/Lagos] Autoload failed: Class 'Database' not found in models/ or controllers/
[18-Aug-2026 21:52:21 Africa/Lagos] Autoload failed: Class 'Database' not found in models/ or controllers/
[18-Aug-2026 21:52:31 Africa/Lagos] Autoload failed: Class 'Database' not found in models/ or controllers/
[18-Aug-2026 21:53:10 Africa/Lagos] Autoload failed: Class 'Database' not found in models/ or controllers/
[18-Aug-2026 21:53:11 Africa/Lagos] Autoload failed: Class 'Database' not found in models/ or controllers/
[18-Aug-2026 21:53:21 Africa/Lagos] Autoload failed: Class 'Database' not found in models/ or controllers/
[18-Aug-2026 21:53:31 Africa/Lagos] Autoload failed: Class 'Database' not found in models/ or controllers/
[18-Aug-2026 21:53:41 Africa/Lagos] Autoload failed: Class 'Database' not found in models/ or controllers/
[18-Aug-2026 21:53:51 Africa/Lagos] Autoload failed: Class 'Database' not found in models/ or controllers/
[18-Aug-2026 21:54:01 Africa/Lagos] Autoload failed: Class 'Database' not found in models/ or controllers/
[18-Aug-2026 21:54:22 Africa/Lagos] Autoload failed: Class 'Database' not found in models/ or controllers/
[18-Aug-2026 21:55:22 Africa/Lagos] Autoload failed: Class 'Database' not found in models/ or controllers/
[18-Aug-2026 21:56:22 Africa/Lagos] Autoload failed: Class 'Database' not found in models/ or controllers/
[18-Aug-2026 21:56:35 Africa/Lagos] Autoload failed: Class 'Database' not found in models/ or controllers/
[18-Aug-2026 21:56:39 Africa/Lagos] Autoload failed: Class 'Database' not found in models/ or controllers/
[18-Aug-2026 21:58:29 Africa/Lagos] Autoload failed: Class 'Database' not found in models/ or controllers/
[18-Aug-2026 21:58:30 Africa/Lagos] Autoload failed: Class 'Database' not found in models/ or controllers/
[18-Aug-2026 21:58:38 Africa/Lagos] Autoload failed: Class 'Database' not found in models/ or controllers/
[18-Aug-2026 21:58:38 Africa/Lagos] Autoload failed: Class 'Database' not found in models/ or controllers/
[18-Aug-2026 21:58:49 Africa/Lagos] Autoload failed: Class 'Database' not found in models/ or controllers/
[18-Aug-2026 21:58:55 Africa/Lagos] Autoload failed: Class 'Database' not found in models/ or controllers/
[18-Aug-2026 22:01:01 Africa/Lagos] Autoload failed: Class 'Database' not found in models/ or controllers/
[18-Aug-2026 22:01:02 Africa/Lagos] Autoload failed: Class 'Database' not found in models/ or controllers/
[18-Aug-2026 22:01:12 Africa/Lagos] Autoload failed: Class 'Database' not found in models/ or controllers/
[18-Aug-2026 22:01:22 Africa/Lagos] Autoload failed: Class 'Database' not found in models/ or controllers/
[18-Aug-2026 22:01:32 Africa/Lagos] Autoload failed: Class 'Database' not found in models/ or controllers/
[18-Aug-2026 22:01:42 Africa/Lagos] Autoload failed: Class 'Database' not found in models/ or controllers/
[18-Aug-2026 22:01:52 Africa/Lagos] Autoload failed: Class 'Database' not found in models/ or controllers/
[18-Aug-2026 22:02:02 Africa/Lagos] Autoload failed: Class 'Database' not found in models/ or controllers/
[18-Aug-2026 22:02:12 Africa/Lagos] Autoload failed: Class 'Database' not found in models/ or controllers/
[18-Aug-2026 22:02:22 Africa/Lagos] Autoload failed: Class 'Database' not found in models/ or controllers/
[18-Aug-2026 22:02:30 Africa/Lagos] Autoload failed: Class 'Database' not found in models/ or controllers/
[18-Aug-2026 22:02:31 Africa/Lagos] Autoload failed: Class 'Database' not found in models/ or controllers/
[18-Aug-2026 22:02:38 Africa/Lagos] Autoload failed: Class 'Database' not found in models/ or controllers/
[18-Aug-2026 22:02:38 Africa/Lagos] Get Top Matches Error: SQLSTATE[HY093]: Invalid parameter number
[18-Aug-2026 22:02:38 Africa/Lagos] Autoload failed: Class 'Database' not found in models/ or controllers/
[18-Aug-2026 22:02:39 Africa/Lagos] Autoload failed: Class 'Database' not found in models/ or controllers/
[18-Aug-2026 22:02:39 Africa/Lagos] Autoload failed: Class 'Database' not found in models/ or controllers/
[18-Aug-2026 22:02:40 Africa/Lagos] Autoload failed: Class 'Database' not found in models/ or controllers/
[18-Aug-2026 22:02:40 Africa/Lagos] Autoload failed: Class 'Database' not found in models/ or controllers/
[18-Aug-2026 22:02:41 Africa/Lagos] Autoload failed: Class 'Database' not found in models/ or controllers/
[18-Aug-2026 22:02:41 Africa/Lagos] Count User Exchanges Error: SQLSTATE[HY093]: Invalid parameter number
[18-Aug-2026 22:02:42 Africa/Lagos] Autoload failed: Class 'Database' not found in models/ or controllers/
[18-Aug-2026 22:02:52 Africa/Lagos] Autoload failed: Class 'Database' not found in models/ or controllers/
[18-Aug-2026 22:03:02 Africa/Lagos] Autoload failed: Class 'Database' not found in models/ or controllers/
[18-Aug-2026 22:03:12 Africa/Lagos] Autoload failed: Class 'Database' not found in models/ or controllers/
[18-Aug-2026 22:03:22 Africa/Lagos] Autoload failed: Class 'Database' not found in models/ or controllers/
[18-Aug-2026 22:03:32 Africa/Lagos] Autoload failed: Class 'Database' not found in models/ or controllers/
[18-Aug-2026 22:03:42 Africa/Lagos] Autoload failed: Class 'Database' not found in models/ or controllers/
[18-Aug-2026 22:04:22 Africa/Lagos] Autoload failed: Class 'Database' not found in models/ or controllers/
[18-Aug-2026 22:05:22 Africa/Lagos] Autoload failed: Class 'Database' not found in models/ or controllers/
[18-Aug-2026 22:06:22 Africa/Lagos] Autoload failed: Class 'Database' not found in models/ or controllers/
[18-Aug-2026 22:07:22 Africa/Lagos] Autoload failed: Class 'Database' not found in models/ or controllers/
[18-Aug-2026 22:08:22 Africa/Lagos] Autoload failed: Class 'Database' not found in models/ or controllers/
[18-Aug-2026 22:09:22 Africa/Lagos] Autoload failed: Class 'Database' not found in models/ or controllers/
[18-Aug-2026 22:10:22 Africa/Lagos] Autoload failed: Class 'Database' not found in models/ or controllers/
[18-Aug-2026 22:11:22 Africa/Lagos] Autoload failed: Class 'Database' not found in models/ or controllers/
[18-Aug-2026 22:12:22 Africa/Lagos] Autoload failed: Class 'Database' not found in models/ or controllers/
[18-Aug-2026 22:13:22 Africa/Lagos] Autoload failed: Class 'Database' not found in models/ or controllers/
[18-Aug-2026 22:14:22 Africa/Lagos] Autoload failed: Class 'Database' not found in models/ or controllers/
[18-Aug-2026 22:15:22 Africa/Lagos] Autoload failed: Class 'Database' not found in models/ or controllers/
[18-Aug-2026 22:16:22 Africa/Lagos] Autoload failed: Class 'Database' not found in models/ or controllers/
[18-Aug-2026 22:16:32 Africa/Lagos] Autoload failed: Class 'Database' not found in models/ or controllers/
[18-Aug-2026 22:16:36 Africa/Lagos] Autoload failed: Class 'Database' not found in models/ or controllers/
[18-Aug-2026 22:16:36 Africa/Lagos] Count User Exchanges Error: SQLSTATE[HY093]: Invalid parameter number
[18-Aug-2026 22:16:37 Africa/Lagos] Autoload failed: Class 'Database' not found in models/ or controllers/
[18-Aug-2026 22:16:47 Africa/Lagos] Autoload failed: Class 'Database' not found in models/ or controllers/
[18-Aug-2026 22:16:57 Africa/Lagos] Autoload failed: Class 'Database' not found in models/ or controllers/
[18-Aug-2026 22:16:59 Africa/Lagos] Autoload failed: Class 'Database' not found in models/ or controllers/
[18-Aug-2026 22:17:00 Africa/Lagos] Autoload failed: Class 'Database' not found in models/ or controllers/
[18-Aug-2026 22:17:02 Africa/Lagos] Autoload failed: Class 'Database' not found in models/ or controllers/
[18-Aug-2026 22:17:02 Africa/Lagos] Get Top Matches Error: SQLSTATE[HY093]: Invalid parameter number
[18-Aug-2026 22:17:02 Africa/Lagos] Autoload failed: Class 'Database' not found in models/ or controllers/
[18-Aug-2026 22:17:12 Africa/Lagos] Autoload failed: Class 'Database' not found in models/ or controllers/
[18-Aug-2026 22:17:22 Africa/Lagos] Autoload failed: Class 'Database' not found in models/ or controllers/
[18-Aug-2026 22:17:32 Africa/Lagos] Autoload failed: Class 'Database' not found in models/ or controllers/
[18-Aug-2026 22:17:42 Africa/Lagos] Autoload failed: Class 'Database' not found in models/ or controllers/
[18-Aug-2026 22:17:52 Africa/Lagos] Autoload failed: Class 'Database' not found in models/ or controllers/
[18-Aug-2026 22:18:02 Africa/Lagos] Autoload failed: Class 'Database' not found in models/ or controllers/
[18-Aug-2026 22:18:12 Africa/Lagos] Autoload failed: Class 'Database' not found in models/ or controllers/
[18-Aug-2026 22:18:22 Africa/Lagos] Autoload failed: Class 'Database' not found in models/ or controllers/
[18-Aug-2026 22:18:32 Africa/Lagos] Autoload failed: Class 'Database' not found in models/ or controllers/
[18-Aug-2026 22:18:43 Africa/Lagos] Autoload failed: Class 'Database' not found in models/ or controllers/
[18-Aug-2026 22:18:46 Africa/Lagos] Autoload failed: Class 'Database' not found in models/ or controllers/
[18-Aug-2026 22:18:46 Africa/Lagos] Get Top Matches Error: SQLSTATE[HY093]: Invalid parameter number
[18-Aug-2026 22:18:46 Africa/Lagos] Autoload failed: Class 'Database' not found in models/ or controllers/
[18-Aug-2026 22:18:47 Africa/Lagos] Autoload failed: Class 'Database' not found in models/ or controllers/
[18-Aug-2026 22:18:47 Africa/Lagos] Get Top Matches Error: SQLSTATE[HY093]: Invalid parameter number
[18-Aug-2026 22:18:47 Africa/Lagos] Autoload failed: Class 'Database' not found in models/ or controllers/
[18-Aug-2026 22:18:57 Africa/Lagos] Autoload failed: Class 'Database' not found in models/ or controllers/
[18-Aug-2026 22:19:08 Africa/Lagos] Autoload failed: Class 'Database' not found in models/ or controllers/
[18-Aug-2026 22:19:18 Africa/Lagos] Autoload failed: Class 'Database' not found in models/ or controllers/
[18-Aug-2026 22:19:28 Africa/Lagos] Autoload failed: Class 'Database' not found in models/ or controllers/
[18-Aug-2026 22:19:32 Africa/Lagos] Autoload failed: Class 'Database' not found in models/ or controllers/
[18-Aug-2026 22:19:32 Africa/Lagos] Get Top Matches Error: SQLSTATE[HY093]: Invalid parameter number
[18-Aug-2026 22:19:32 Africa/Lagos] Autoload failed: Class 'Database' not found in models/ or controllers/
[18-Aug-2026 22:19:43 Africa/Lagos] Autoload failed: Class 'Database' not found in models/ or controllers/
[18-Aug-2026 22:19:49 Africa/Lagos] Autoload failed: Class 'Database' not found in models/ or controllers/
[18-Aug-2026 22:19:49 Africa/Lagos] Get Top Matches Error: SQLSTATE[HY093]: Invalid parameter number
[18-Aug-2026 22:19:49 Africa/Lagos] Autoload failed: Class 'Database' not found in models/ or controllers/
[18-Aug-2026 22:19:59 Africa/Lagos] Autoload failed: Class 'Database' not found in models/ or controllers/
[18-Aug-2026 22:20:10 Africa/Lagos] Autoload failed: Class 'Database' not found in models/ or controllers/
[18-Aug-2026 22:20:20 Africa/Lagos] Autoload failed: Class 'Database' not found in models/ or controllers/
[18-Aug-2026 22:20:30 Africa/Lagos] Autoload failed: Class 'Database' not found in models/ or controllers/
[18-Aug-2026 22:20:40 Africa/Lagos] Autoload failed: Class 'Database' not found in models/ or controllers/
[18-Aug-2026 22:20:49 Africa/Lagos] Autoload failed: Class 'Database' not found in models/ or controllers/
[18-Aug-2026 22:20:50 Africa/Lagos] Autoload failed: Class 'Database' not found in models/ or controllers/
[18-Aug-2026 22:20:50 Africa/Lagos] Get Top Matches Error: SQLSTATE[HY093]: Invalid parameter number
[18-Aug-2026 22:20:50 Africa/Lagos] Autoload failed: Class 'Database' not found in models/ or controllers/
[18-Aug-2026 22:21:00 Africa/Lagos] Autoload failed: Class 'Database' not found in models/ or controllers/
[18-Aug-2026 22:21:10 Africa/Lagos] Autoload failed: Class 'Database' not found in models/ or controllers/
[18-Aug-2026 22:21:20 Africa/Lagos] Autoload failed: Class 'Database' not found in models/ or controllers/
[18-Aug-2026 22:21:24 Africa/Lagos] Autoload failed: Class 'Database' not found in models/ or controllers/
[18-Aug-2026 22:21:24 Africa/Lagos] Autoload failed: Class 'Database' not found in models/ or controllers/
[18-Aug-2026 22:21:29 Africa/Lagos] Autoload failed: Class 'Database' not found in models/ or controllers/
[18-Aug-2026 22:21:29 Africa/Lagos] Autoload failed: Class 'Database' not found in models/ or controllers/
[18-Aug-2026 22:21:39 Africa/Lagos] Autoload failed: Class 'Database' not found in models/ or controllers/
[18-Aug-2026 22:21:49 Africa/Lagos] Autoload failed: Class 'Database' not found in models/ or controllers/
[18-Aug-2026 22:21:59 Africa/Lagos] Autoload failed: Class 'Database' not found in models/ or controllers/
[18-Aug-2026 22:22:09 Africa/Lagos] Autoload failed: Class 'Database' not found in models/ or controllers/
[18-Aug-2026 22:22:19 Africa/Lagos] Autoload failed: Class 'Database' not found in models/ or controllers/
[18-Aug-2026 22:22:29 Africa/Lagos] Autoload failed: Class 'Database' not found in models/ or controllers/
[18-Aug-2026 22:22:39 Africa/Lagos] Autoload failed: Class 'Database' not found in models/ or controllers/
[18-Aug-2026 22:22:49 Africa/Lagos] Autoload failed: Class 'Database' not found in models/ or controllers/
[18-Aug-2026 22:22:59 Africa/Lagos] Autoload failed: Class 'Database' not found in models/ or controllers/
[18-Aug-2026 22:23:20 Africa/Lagos] Autoload failed: Class 'Database' not found in models/ or controllers/
[18-Aug-2026 22:23:23 Africa/Lagos] Autoload failed: Class 'Database' not found in models/ or controllers/
[18-Aug-2026 22:23:23 Africa/Lagos] Autoload failed: Class 'Database' not found in models/ or controllers/
[18-Aug-2026 22:23:33 Africa/Lagos] Autoload failed: Class 'Database' not found in models/ or controllers/
[18-Aug-2026 22:23:43 Africa/Lagos] Autoload failed: Class 'Database' not found in models/ or controllers/
[18-Aug-2026 22:23:53 Africa/Lagos] Autoload failed: Class 'Database' not found in models/ or controllers/
[18-Aug-2026 22:24:03 Africa/Lagos] Autoload failed: Class 'Database' not found in models/ or controllers/
[18-Aug-2026 22:24:13 Africa/Lagos] Autoload failed: Class 'Database' not found in models/ or controllers/
[18-Aug-2026 22:24:23 Africa/Lagos] Autoload failed: Class 'Database' not found in models/ or controllers/
[18-Aug-2026 22:24:33 Africa/Lagos] Autoload failed: Class 'Database' not found in models/ or controllers/
[18-Aug-2026 22:24:42 Africa/Lagos] Autoload failed: Class 'Database' not found in models/ or controllers/
[18-Aug-2026 22:24:42 Africa/Lagos] Autoload failed: Class 'Database' not found in models/ or controllers/
[18-Aug-2026 22:24:46 Africa/Lagos] Autoload failed: Class 'Database' not found in models/ or controllers/
[18-Aug-2026 22:24:46 Africa/Lagos] Count User Exchanges Error: SQLSTATE[HY093]: Invalid parameter number
[18-Aug-2026 22:24:47 Africa/Lagos] Autoload failed: Class 'Database' not found in models/ or controllers/
[18-Aug-2026 22:24:53 Africa/Lagos] Autoload failed: Class 'Database' not found in models/ or controllers/
[18-Aug-2026 22:24:53 Africa/Lagos] Autoload failed: Class 'Database' not found in models/ or controllers/
[18-Aug-2026 22:24:58 Africa/Lagos] Autoload failed: Class 'Database' not found in models/ or controllers/
[18-Aug-2026 22:24:58 Africa/Lagos] Autoload failed: Class 'Database' not found in models/ or controllers/
[18-Aug-2026 22:25:04 Africa/Lagos] Autoload failed: Class 'Database' not found in models/ or controllers/
[18-Aug-2026 22:25:04 Africa/Lagos] Autoload failed: Class 'Database' not found in models/ or controllers/
[18-Aug-2026 22:25:07 Africa/Lagos] Autoload failed: Class 'Database' not found in models/ or controllers/
[18-Aug-2026 22:25:07 Africa/Lagos] Autoload failed: Class 'Database' not found in models/ or controllers/
[18-Aug-2026 22:25:10 Africa/Lagos] Autoload failed: Class 'Database' not found in models/ or controllers/
[18-Aug-2026 22:25:10 Africa/Lagos] Autoload failed: Class 'Database' not found in models/ or controllers/
[18-Aug-2026 22:25:12 Africa/Lagos] Autoload failed: Class 'Database' not found in models/ or controllers/
[18-Aug-2026 22:25:13 Africa/Lagos] Autoload failed: Class 'Database' not found in models/ or controllers/
[18-Aug-2026 22:25:17 Africa/Lagos] Autoload failed: Class 'Database' not found in models/ or controllers/
[18-Aug-2026 22:25:17 Africa/Lagos] Autoload failed: Class 'Database' not found in models/ or controllers/
[18-Aug-2026 22:25:21 Africa/Lagos] Autoload failed: Class 'Database' not found in models/ or controllers/
[18-Aug-2026 22:25:22 Africa/Lagos] Autoload failed: Class 'Database' not found in models/ or controllers/
[18-Aug-2026 22:25:25 Africa/Lagos] Autoload failed: Class 'Database' not found in models/ or controllers/
[18-Aug-2026 22:25:25 Africa/Lagos] Autoload failed: Class 'Database' not found in models/ or controllers/
[18-Aug-2026 22:25:30 Africa/Lagos] Autoload failed: Class 'Database' not found in models/ or controllers/
[18-Aug-2026 22:25:31 Africa/Lagos] Autoload failed: Class 'Database' not found in models/ or controllers/
[18-Aug-2026 22:25:41 Africa/Lagos] Autoload failed: Class 'Database' not found in models/ or controllers/
[18-Aug-2026 22:25:51 Africa/Lagos] Autoload failed: Class 'Database' not found in models/ or controllers/
[18-Aug-2026 22:26:01 Africa/Lagos] Autoload failed: Class 'Database' not found in models/ or controllers/
[18-Aug-2026 22:26:11 Africa/Lagos] Autoload failed: Class 'Database' not found in models/ or controllers/
[18-Aug-2026 22:26:21 Africa/Lagos] Autoload failed: Class 'Database' not found in models/ or controllers/
[18-Aug-2026 22:26:31 Africa/Lagos] Autoload failed: Class 'Database' not found in models/ or controllers/
[18-Aug-2026 22:26:41 Africa/Lagos] Autoload failed: Class 'Database' not found in models/ or controllers/
[18-Aug-2026 22:27:22 Africa/Lagos] Autoload failed: Class 'Database' not found in models/ or controllers/
[18-Aug-2026 22:27:43 Africa/Lagos] Autoload failed: Class 'Database' not found in models/ or controllers/
[18-Aug-2026 22:27:51 Africa/Lagos] Autoload failed: Class 'Database' not found in models/ or controllers/
[18-Aug-2026 22:27:59 Africa/Lagos] Autoload failed: Class 'Database' not found in models/ or controllers/
[18-Aug-2026 22:27:59 Africa/Lagos] Autoload failed: Class 'Database' not found in models/ or controllers/
[18-Aug-2026 22:28:10 Africa/Lagos] Autoload failed: Class 'Database' not found in models/ or controllers/
[18-Aug-2026 22:28:20 Africa/Lagos] Autoload failed: Class 'Database' not found in models/ or controllers/
[18-Aug-2026 22:28:30 Africa/Lagos] Autoload failed: Class 'Database' not found in models/ or controllers/
[18-Aug-2026 22:28:40 Africa/Lagos] Autoload failed: Class 'Database' not found in models/ or controllers/
[18-Aug-2026 22:28:50 Africa/Lagos] Autoload failed: Class 'Database' not found in models/ or controllers/
[18-Aug-2026 22:29:00 Africa/Lagos] Autoload failed: Class 'Database' not found in models/ or controllers/
[18-Aug-2026 22:29:10 Africa/Lagos] Autoload failed: Class 'Database' not found in models/ or controllers/
[18-Aug-2026 22:29:20 Africa/Lagos] Autoload failed: Class 'Database' not found in models/ or controllers/
[18-Aug-2026 22:29:30 Africa/Lagos] Autoload failed: Class 'Database' not found in models/ or controllers/
[18-Aug-2026 22:29:40 Africa/Lagos] Autoload failed: Class 'Database' not found in models/ or controllers/
[18-Aug-2026 22:30:12 Africa/Lagos] Autoload failed: Class 'Database' not found in models/ or controllers/
[18-Aug-2026 22:30:20 Africa/Lagos] Autoload failed: Class 'Database' not found in models/ or controllers/
[18-Aug-2026 22:30:30 Africa/Lagos] Autoload failed: Class 'Database' not found in models/ or controllers/
[18-Aug-2026 22:30:40 Africa/Lagos] Autoload failed: Class 'Database' not found in models/ or controllers/
[18-Aug-2026 22:30:50 Africa/Lagos] Autoload failed: Class 'Database' not found in models/ or controllers/
[18-Aug-2026 22:31:00 Africa/Lagos] Autoload failed: Class 'Database' not found in models/ or controllers/
[18-Aug-2026 22:31:10 Africa/Lagos] Autoload failed: Class 'Database' not found in models/ or controllers/
[18-Aug-2026 22:31:22 Africa/Lagos] Autoload failed: Class 'Database' not found in models/ or controllers/
[18-Aug-2026 22:32:22 Africa/Lagos] Autoload failed: Class 'Database' not found in models/ or controllers/
[18-Aug-2026 22:33:22 Africa/Lagos] Autoload failed: Class 'Database' not found in models/ or controllers/
[18-Aug-2026 22:34:22 Africa/Lagos] Autoload failed: Class 'Database' not found in models/ or controllers/
[18-Aug-2026 22:35:22 Africa/Lagos] Autoload failed: Class 'Database' not found in models/ or controllers/
[18-Aug-2026 22:36:22 Africa/Lagos] Autoload failed: Class 'Database' not found in models/ or controllers/
[18-Aug-2026 22:37:22 Africa/Lagos] Autoload failed: Class 'Database' not found in models/ or controllers/
[18-Aug-2026 22:38:22 Africa/Lagos] Autoload failed: Class 'Database' not found in models/ or controllers/
[18-Aug-2026 22:39:22 Africa/Lagos] Autoload failed: Class 'Database' not found in models/ or controllers/
[18-Aug-2026 22:40:22 Africa/Lagos] Autoload failed: Class 'Database' not found in models/ or controllers/
[18-Aug-2026 22:41:22 Africa/Lagos] Autoload failed: Class 'Database' not found in models/ or controllers/
[18-Aug-2026 22:42:22 Africa/Lagos] Autoload failed: Class 'Database' not found in models/ or controllers/
[18-Aug-2026 22:43:22 Africa/Lagos] Autoload failed: Class 'Database' not found in models/ or controllers/
[18-Aug-2026 22:44:22 Africa/Lagos] Autoload failed: Class 'Database' not found in models/ or controllers/
[18-Aug-2026 22:45:22 Africa/Lagos] Autoload failed: Class 'Database' not found in models/ or controllers/
[18-Aug-2026 22:46:22 Africa/Lagos] Autoload failed: Class 'Database' not found in models/ or controllers/
[18-Aug-2026 22:47:22 Africa/Lagos] Autoload failed: Class 'Database' not found in models/ or controllers/
[18-Aug-2026 22:48:22 Africa/Lagos] Autoload failed: Class 'Database' not found in models/ or controllers/
[18-Aug-2026 22:49:22 Africa/Lagos] Autoload failed: Class 'Database' not found in models/ or controllers/
[18-Aug-2026 22:50:22 Africa/Lagos] Autoload failed: Class 'Database' not found in models/ or controllers/
[18-Aug-2026 22:51:22 Africa/Lagos] Autoload failed: Class 'Database' not found in models/ or controllers/
[18-Aug-2026 22:52:22 Africa/Lagos] Autoload failed: Class 'Database' not found in models/ or controllers/
[18-Aug-2026 22:53:22 Africa/Lagos] Autoload failed: Class 'Database' not found in models/ or controllers/
[18-Aug-2026 22:54:22 Africa/Lagos] Autoload failed: Class 'Database' not found in models/ or controllers/
[18-Aug-2026 22:55:22 Africa/Lagos] Autoload failed: Class 'Database' not found in models/ or controllers/
[18-Aug-2026 22:56:22 Africa/Lagos] Autoload failed: Class 'Database' not found in models/ or controllers/
[18-Aug-2026 22:57:22 Africa/Lagos] Autoload failed: Class 'Database' not found in models/ or controllers/
[18-Aug-2026 22:58:22 Africa/Lagos] Autoload failed: Class 'Database' not found in models/ or controllers/
[18-Aug-2026 22:59:22 Africa/Lagos] Autoload failed: Class 'Database' not found in models/ or controllers/
[18-Aug-2026 23:00:22 Africa/Lagos] Autoload failed: Class 'Database' not found in models/ or controllers/
[18-Aug-2026 23:01:22 Africa/Lagos] Autoload failed: Class 'Database' not found in models/ or controllers/
[18-Aug-2026 23:02:22 Africa/Lagos] Autoload failed: Class 'Database' not found in models/ or controllers/
[18-Aug-2026 23:03:22 Africa/Lagos] Autoload failed: Class 'Database' not found in models/ or controllers/
[18-Aug-2026 23:04:19 Africa/Lagos] Autoload failed: Class 'Database' not found in models/ or controllers/
[18-Aug-2026 23:04:30 Africa/Lagos] Autoload failed: Class 'Database' not found in models/ or controllers/
[18-Aug-2026 23:04:40 Africa/Lagos] Autoload failed: Class 'Database' not found in models/ or controllers/
[18-Aug-2026 23:04:50 Africa/Lagos] Autoload failed: Class 'Database' not found in models/ or controllers/
[18-Aug-2026 23:05:00 Africa/Lagos] Autoload failed: Class 'Database' not found in models/ or controllers/
[18-Aug-2026 23:05:10 Africa/Lagos] Autoload failed: Class 'Database' not found in models/ or controllers/
[18-Aug-2026 23:05:20 Africa/Lagos] Autoload failed: Class 'Database' not found in models/ or controllers/
[18-Aug-2026 23:06:22 Africa/Lagos] Autoload failed: Class 'Database' not found in models/ or controllers/
[18-Aug-2026 23:07:22 Africa/Lagos] Autoload failed: Class 'Database' not found in models/ or controllers/
[18-Aug-2026 23:08:22 Africa/Lagos] Autoload failed: Class 'Database' not found in models/ or controllers/
[18-Aug-2026 23:09:22 Africa/Lagos] Autoload failed: Class 'Database' not found in models/ or controllers/
[18-Aug-2026 23:10:22 Africa/Lagos] Autoload failed: Class 'Database' not found in models/ or controllers/
[18-Aug-2026 23:11:22 Africa/Lagos] Autoload failed: Class 'Database' not found in models/ or controllers/
[18-Aug-2026 23:12:22 Africa/Lagos] Autoload failed: Class 'Database' not found in models/ or controllers/
[18-Aug-2026 23:13:16 Africa/Lagos] Autoload failed: Class 'Database' not found in models/ or controllers/
[18-Aug-2026 23:13:20 Africa/Lagos] Autoload failed: Class 'Database' not found in models/ or controllers/
[18-Aug-2026 23:13:30 Africa/Lagos] Autoload failed: Class 'Database' not found in models/ or controllers/
[18-Aug-2026 23:13:40 Africa/Lagos] Autoload failed: Class 'Database' not found in models/ or controllers/
[18-Aug-2026 23:13:50 Africa/Lagos] Autoload failed: Class 'Database' not found in models/ or controllers/
[18-Aug-2026 23:14:00 Africa/Lagos] Autoload failed: Class 'Database' not found in models/ or controllers/
[18-Aug-2026 23:14:10 Africa/Lagos] Autoload failed: Class 'Database' not found in models/ or controllers/
[18-Aug-2026 23:14:22 Africa/Lagos] Autoload failed: Class 'Database' not found in models/ or controllers/
[18-Aug-2026 23:15:22 Africa/Lagos] Autoload failed: Class 'Database' not found in models/ or controllers/
[18-Aug-2026 23:16:22 Africa/Lagos] Autoload failed: Class 'Database' not found in models/ or controllers/
[18-Aug-2026 23:17:22 Africa/Lagos] Autoload failed: Class 'Database' not found in models/ or controllers/
[18-Aug-2026 23:18:22 Africa/Lagos] Autoload failed: Class 'Database' not found in models/ or controllers/
[18-Aug-2026 23:19:22 Africa/Lagos] Autoload failed: Class 'Database' not found in models/ or controllers/
[18-Aug-2026 23:20:22 Africa/Lagos] Autoload failed: Class 'Database' not found in models/ or controllers/
[18-Aug-2026 23:21:22 Africa/Lagos] Autoload failed: Class 'Database' not found in models/ or controllers/
[18-Aug-2026 23:22:22 Africa/Lagos] Autoload failed: Class 'Database' not found in models/ or controllers/
[18-Aug-2026 23:23:22 Africa/Lagos] Autoload failed: Class 'Database' not found in models/ or controllers/
[18-Aug-2026 23:24:22 Africa/Lagos] Autoload failed: Class 'Database' not found in models/ or controllers/
[18-Aug-2026 23:25:22 Africa/Lagos] Autoload failed: Class 'Database' not found in models/ or controllers/
[18-Aug-2026 23:26:22 Africa/Lagos] Autoload failed: Class 'Database' not found in models/ or controllers/
[18-Aug-2026 23:27:22 Africa/Lagos] Autoload failed: Class 'Database' not found in models/ or controllers/
[18-Aug-2026 23:28:22 Africa/Lagos] Autoload failed: Class 'Database' not found in models/ or controllers/
[18-Aug-2026 23:29:22 Africa/Lagos] Autoload failed: Class 'Database' not found in models/ or controllers/
[18-Aug-2026 23:30:22 Africa/Lagos] Autoload failed: Class 'Database' not found in models/ or controllers/
[18-Aug-2026 23:31:22 Africa/Lagos] Autoload failed: Class 'Database' not found in models/ or controllers/
[18-Aug-2026 23:32:22 Africa/Lagos] Autoload failed: Class 'Database' not found in models/ or controllers/
[18-Aug-2026 23:33:22 Africa/Lagos] Autoload failed: Class 'Database' not found in models/ or controllers/
[18-Aug-2026 23:34:22 Africa/Lagos] Autoload failed: Class 'Database' not found in models/ or controllers/
[18-Aug-2026 23:35:22 Africa/Lagos] Autoload failed: Class 'Database' not found in models/ or controllers/
[18-Aug-2026 23:36:22 Africa/Lagos] Autoload failed: Class 'Database' not found in models/ or controllers/
[18-Aug-2026 23:37:22 Africa/Lagos] Autoload failed: Class 'Database' not found in models/ or controllers/
[18-Aug-2026 23:38:22 Africa/Lagos] Autoload failed: Class 'Database' not found in models/ or controllers/
[18-Aug-2026 23:39:22 Africa/Lagos] Autoload failed: Class 'Database' not found in models/ or controllers/
[18-Aug-2026 23:40:24 Africa/Lagos] Autoload failed: Class 'Database' not found in models/ or controllers/
[18-Aug-2026 23:41:22 Africa/Lagos] Autoload failed: Class 'Database' not found in models/ or controllers/
[18-Aug-2026 23:42:22 Africa/Lagos] Autoload failed: Class 'Database' not found in models/ or controllers/
[18-Aug-2026 23:43:22 Africa/Lagos] Autoload failed: Class 'Database' not found in models/ or controllers/
[18-Aug-2026 23:44:22 Africa/Lagos] Autoload failed: Class 'Database' not found in models/ or controllers/
[18-Aug-2026 23:45:22 Africa/Lagos] Autoload failed: Class 'Database' not found in models/ or controllers/
[18-Aug-2026 23:46:22 Africa/Lagos] Autoload failed: Class 'Database' not found in models/ or controllers/
[18-Aug-2026 23:47:22 Africa/Lagos] Autoload failed: Class 'Database' not found in models/ or controllers/
[18-Aug-2026 23:48:22 Africa/Lagos] Autoload failed: Class 'Database' not found in models/ or controllers/
[18-Aug-2026 23:49:22 Africa/Lagos] Autoload failed: Class 'Database' not found in models/ or controllers/
[18-Aug-2026 23:50:22 Africa/Lagos] Autoload failed: Class 'Database' not found in models/ or controllers/
[18-Aug-2026 23:51:22 Africa/Lagos] Autoload failed: Class 'Database' not found in models/ or controllers/
[18-Aug-2026 23:52:22 Africa/Lagos] Autoload failed: Class 'Database' not found in models/ or controllers/
[18-Aug-2026 23:53:22 Africa/Lagos] Autoload failed: Class 'Database' not found in models/ or controllers/
[18-Aug-2026 23:54:22 Africa/Lagos] Autoload failed: Class 'Database' not found in models/ or controllers/
[18-Aug-2026 23:55:22 Africa/Lagos] Autoload failed: Class 'Database' not found in models/ or controllers/
[18-Aug-2026 23:56:22 Africa/Lagos] Autoload failed: Class 'Database' not found in models/ or controllers/
[18-Aug-2026 23:57:22 Africa/Lagos] Autoload failed: Class 'Database' not found in models/ or controllers/
[18-Aug-2026 23:58:22 Africa/Lagos] Autoload failed: Class 'Database' not found in models/ or controllers/
[18-Aug-2026 23:59:22 Africa/Lagos] Autoload failed: Class 'Database' not found in models/ or controllers/
[19-Aug-2026 00:00:22 Africa/Lagos] Autoload failed: Class 'Database' not found in models/ or controllers/
[19-Aug-2026 00:01:22 Africa/Lagos] Autoload failed: Class 'Database' not found in models/ or controllers/
[19-Aug-2026 00:02:22 Africa/Lagos] Autoload failed: Class 'Database' not found in models/ or controllers/
[19-Aug-2026 00:03:22 Africa/Lagos] Autoload failed: Class 'Database' not found in models/ or controllers/
[19-Aug-2026 00:04:22 Africa/Lagos] Autoload failed: Class 'Database' not found in models/ or controllers/
[19-Aug-2026 00:05:22 Africa/Lagos] Autoload failed: Class 'Database' not found in models/ or controllers/
[19-Aug-2026 00:06:22 Africa/Lagos] Autoload failed: Class 'Database' not found in models/ or controllers/
[19-Aug-2026 00:07:22 Africa/Lagos] Autoload failed: Class 'Database' not found in models/ or controllers/
[19-Aug-2026 00:08:22 Africa/Lagos] Autoload failed: Class 'Database' not found in models/ or controllers/
[19-Aug-2026 00:09:22 Africa/Lagos] Autoload failed: Class 'Database' not found in models/ or controllers/
[19-Aug-2026 00:10:22 Africa/Lagos] Autoload failed: Class 'Database' not found in models/ or controllers/
[19-Aug-2026 00:11:22 Africa/Lagos] Autoload failed: Class 'Database' not found in models/ or controllers/
[19-Aug-2026 00:12:22 Africa/Lagos] Autoload failed: Class 'Database' not found in models/ or controllers/
[19-Aug-2026 00:13:22 Africa/Lagos] Autoload failed: Class 'Database' not found in models/ or controllers/
[19-Aug-2026 00:13:25 Africa/Lagos] Autoload failed: Class 'Database' not found in models/ or controllers/
[19-Aug-2026 00:13:25 Africa/Lagos] Get Top Matches Error: SQLSTATE[HY093]: Invalid parameter number
[19-Aug-2026 00:13:27 Africa/Lagos] Autoload failed: Class 'Database' not found in models/ or controllers/
[19-Aug-2026 00:13:37 Africa/Lagos] Autoload failed: Class 'Database' not found in models/ or controllers/
[19-Aug-2026 00:13:47 Africa/Lagos] Autoload failed: Class 'Database' not found in models/ or controllers/
[19-Aug-2026 00:13:57 Africa/Lagos] Autoload failed: Class 'Database' not found in models/ or controllers/
[19-Aug-2026 00:14:07 Africa/Lagos] Autoload failed: Class 'Database' not found in models/ or controllers/
[19-Aug-2026 00:14:17 Africa/Lagos] Autoload failed: Class 'Database' not found in models/ or controllers/
[19-Aug-2026 00:14:27 Africa/Lagos] Autoload failed: Class 'Database' not found in models/ or controllers/
[19-Aug-2026 00:14:37 Africa/Lagos] Autoload failed: Class 'Database' not found in models/ or controllers/
[19-Aug-2026 00:14:47 Africa/Lagos] Autoload failed: Class 'Database' not found in models/ or controllers/
[19-Aug-2026 00:14:57 Africa/Lagos] Autoload failed: Class 'Database' not found in models/ or controllers/
[19-Aug-2026 00:15:07 Africa/Lagos] Autoload failed: Class 'Database' not found in models/ or controllers/
[19-Aug-2026 00:15:22 Africa/Lagos] Autoload failed: Class 'Database' not found in models/ or controllers/
[19-Aug-2026 00:16:22 Africa/Lagos] Autoload failed: Class 'Database' not found in models/ or controllers/
[19-Aug-2026 00:17:22 Africa/Lagos] Autoload failed: Class 'Database' not found in models/ or controllers/
[19-Aug-2026 00:18:22 Africa/Lagos] Autoload failed: Class 'Database' not found in models/ or controllers/
[19-Aug-2026 00:19:22 Africa/Lagos] Autoload failed: Class 'Database' not found in models/ or controllers/
[19-Aug-2026 00:20:22 Africa/Lagos] Autoload failed: Class 'Database' not found in models/ or controllers/
[19-Aug-2026 00:21:22 Africa/Lagos] Autoload failed: Class 'Database' not found in models/ or controllers/
[19-Aug-2026 00:21:45 Africa/Lagos] Autoload failed: Class 'Database' not found in models/ or controllers/
[19-Aug-2026 00:21:47 Africa/Lagos] Autoload failed: Class 'Database' not found in models/ or controllers/
[19-Aug-2026 00:21:48 Africa/Lagos] Autoload failed: Class 'Database' not found in models/ or controllers/
[19-Aug-2026 00:21:49 Africa/Lagos] Autoload failed: Class 'Database' not found in models/ or controllers/
[19-Aug-2026 00:22:00 Africa/Lagos] Autoload failed: Class 'Database' not found in models/ or controllers/
[19-Aug-2026 00:22:10 Africa/Lagos] Autoload failed: Class 'Database' not found in models/ or controllers/
[19-Aug-2026 00:22:20 Africa/Lagos] Autoload failed: Class 'Database' not found in models/ or controllers/
[19-Aug-2026 00:22:30 Africa/Lagos] Autoload failed: Class 'Database' not found in models/ or controllers/
[19-Aug-2026 00:22:40 Africa/Lagos] Autoload failed: Class 'Database' not found in models/ or controllers/
[19-Aug-2026 00:22:50 Africa/Lagos] Autoload failed: Class 'Database' not found in models/ or controllers/
[19-Aug-2026 00:23:00 Africa/Lagos] Autoload failed: Class 'Database' not found in models/ or controllers/
[19-Aug-2026 00:23:22 Africa/Lagos] Autoload failed: Class 'Database' not found in models/ or controllers/
[19-Aug-2026 00:24:22 Africa/Lagos] Autoload failed: Class 'Database' not found in models/ or controllers/
[19-Aug-2026 00:25:21 Africa/Lagos] Autoload failed: Class 'Database' not found in models/ or controllers/
[19-Aug-2026 00:25:30 Africa/Lagos] Autoload failed: Class 'Database' not found in models/ or controllers/
[19-Aug-2026 00:25:40 Africa/Lagos] Autoload failed: Class 'Database' not found in models/ or controllers/
[19-Aug-2026 00:25:50 Africa/Lagos] Autoload failed: Class 'Database' not found in models/ or controllers/
[19-Aug-2026 00:26:00 Africa/Lagos] Autoload failed: Class 'Database' not found in models/ or controllers/
[19-Aug-2026 00:26:10 Africa/Lagos] Autoload failed: Class 'Database' not found in models/ or controllers/
[19-Aug-2026 00:26:20 Africa/Lagos] Autoload failed: Class 'Database' not found in models/ or controllers/
[19-Aug-2026 00:26:30 Africa/Lagos] Autoload failed: Class 'Database' not found in models/ or controllers/
[19-Aug-2026 00:26:40 Africa/Lagos] Autoload failed: Class 'Database' not found in models/ or controllers/
[19-Aug-2026 00:26:50 Africa/Lagos] Autoload failed: Class 'Database' not found in models/ or controllers/
[19-Aug-2026 00:27:00 Africa/Lagos] Autoload failed: Class 'Database' not found in models/ or controllers/
[19-Aug-2026 00:27:10 Africa/Lagos] Autoload failed: Class 'Database' not found in models/ or controllers/
[19-Aug-2026 00:27:22 Africa/Lagos] Autoload failed: Class 'Database' not found in models/ or controllers/
[19-Aug-2026 00:28:22 Africa/Lagos] Autoload failed: Class 'Database' not found in models/ or controllers/
[19-Aug-2026 00:29:22 Africa/Lagos] Autoload failed: Class 'Database' not found in models/ or controllers/
[19-Aug-2026 00:30:22 Africa/Lagos] Autoload failed: Class 'Database' not found in models/ or controllers/
[19-Aug-2026 00:31:22 Africa/Lagos] Autoload failed: Class 'Database' not found in models/ or controllers/
[19-Aug-2026 00:32:22 Africa/Lagos] Autoload failed: Class 'Database' not found in models/ or controllers/
[19-Aug-2026 00:33:22 Africa/Lagos] Autoload failed: Class 'Database' not found in models/ or controllers/
[19-Aug-2026 00:34:22 Africa/Lagos] Autoload failed: Class 'Database' not found in models/ or controllers/
[19-Aug-2026 00:35:22 Africa/Lagos] Autoload failed: Class 'Database' not found in models/ or controllers/
[19-Aug-2026 00:35:51 Africa/Lagos] Autoload failed: Class 'Database' not found in models/ or controllers/
[19-Aug-2026 00:35:53 Africa/Lagos] Autoload failed: Class 'Database' not found in models/ or controllers/
[19-Aug-2026 00:35:54 Africa/Lagos] Autoload failed: Class 'Database' not found in models/ or controllers/
[19-Aug-2026 00:36:04 Africa/Lagos] Autoload failed: Class 'Database' not found in models/ or controllers/
[19-Aug-2026 00:36:14 Africa/Lagos] Autoload failed: Class 'Database' not found in models/ or controllers/
[19-Aug-2026 00:36:24 Africa/Lagos] Autoload failed: Class 'Database' not found in models/ or controllers/
[19-Aug-2026 00:36:34 Africa/Lagos] Autoload failed: Class 'Database' not found in models/ or controllers/
[19-Aug-2026 00:36:44 Africa/Lagos] Autoload failed: Class 'Database' not found in models/ or controllers/
[19-Aug-2026 00:36:54 Africa/Lagos] Autoload failed: Class 'Database' not found in models/ or controllers/
[19-Aug-2026 00:37:04 Africa/Lagos] Autoload failed: Class 'Database' not found in models/ or controllers/
[19-Aug-2026 00:37:14 Africa/Lagos] Autoload failed: Class 'Database' not found in models/ or controllers/
[19-Aug-2026 00:37:24 Africa/Lagos] Autoload failed: Class 'Database' not found in models/ or controllers/
[19-Aug-2026 00:37:34 Africa/Lagos] Autoload failed: Class 'Database' not found in models/ or controllers/
[19-Aug-2026 00:37:44 Africa/Lagos] Autoload failed: Class 'Database' not found in models/ or controllers/
[19-Aug-2026 00:37:54 Africa/Lagos] Autoload failed: Class 'Database' not found in models/ or controllers/
[19-Aug-2026 00:38:04 Africa/Lagos] Autoload failed: Class 'Database' not found in models/ or controllers/
[19-Aug-2026 00:38:14 Africa/Lagos] Autoload failed: Class 'Database' not found in models/ or controllers/
[19-Aug-2026 00:38:24 Africa/Lagos] Autoload failed: Class 'Database' not found in models/ or controllers/
[19-Aug-2026 00:38:34 Africa/Lagos] Autoload failed: Class 'Database' not found in models/ or controllers/
[19-Aug-2026 00:39:22 Africa/Lagos] Autoload failed: Class 'Database' not found in models/ or controllers/
[19-Aug-2026 00:40:22 Africa/Lagos] Autoload failed: Class 'Database' not found in models/ or controllers/
[19-Aug-2026 00:41:22 Africa/Lagos] Autoload failed: Class 'Database' not found in models/ or controllers/
[19-Aug-2026 00:42:22 Africa/Lagos] Autoload failed: Class 'Database' not found in models/ or controllers/
[19-Aug-2026 00:43:22 Africa/Lagos] Autoload failed: Class 'Database' not found in models/ or controllers/
[19-Aug-2026 00:44:22 Africa/Lagos] Autoload failed: Class 'Database' not found in models/ or controllers/
[19-Aug-2026 00:45:22 Africa/Lagos] Autoload failed: Class 'Database' not found in models/ or controllers/
[19-Aug-2026 00:45:36 Africa/Lagos] Autoload failed: Class 'Database' not found in models/ or controllers/
[19-Aug-2026 00:45:41 Africa/Lagos] Autoload failed: Class 'Database' not found in models/ or controllers/
[19-Aug-2026 00:45:42 Africa/Lagos] Autoload failed: Class 'Database' not found in models/ or controllers/
[19-Aug-2026 00:45:52 Africa/Lagos] Autoload failed: Class 'Database' not found in models/ or controllers/
[19-Aug-2026 00:46:03 Africa/Lagos] Autoload failed: Class 'Database' not found in models/ or controllers/
[19-Aug-2026 00:46:13 Africa/Lagos] Autoload failed: Class 'Database' not found in models/ or controllers/
[19-Aug-2026 00:46:23 Africa/Lagos] Autoload failed: Class 'Database' not found in models/ or controllers/
[19-Aug-2026 00:46:33 Africa/Lagos] Autoload failed: Class 'Database' not found in models/ or controllers/
[19-Aug-2026 00:46:43 Africa/Lagos] Autoload failed: Class 'Database' not found in models/ or controllers/
[19-Aug-2026 00:46:53 Africa/Lagos] Autoload failed: Class 'Database' not found in models/ or controllers/
[19-Aug-2026 00:47:03 Africa/Lagos] Autoload failed: Class 'Database' not found in models/ or controllers/
[19-Aug-2026 00:47:22 Africa/Lagos] Autoload failed: Class 'Database' not found in models/ or controllers/
[19-Aug-2026 00:48:22 Africa/Lagos] Autoload failed: Class 'Database' not found in models/ or controllers/
[19-Aug-2026 00:49:22 Africa/Lagos] Autoload failed: Class 'Database' not found in models/ or controllers/
[19-Aug-2026 00:50:22 Africa/Lagos] Autoload failed: Class 'Database' not found in models/ or controllers/
[19-Aug-2026 00:51:22 Africa/Lagos] Autoload failed: Class 'Database' not found in models/ or controllers/
[19-Aug-2026 00:52:22 Africa/Lagos] Autoload failed: Class 'Database' not found in models/ or controllers/
[19-Aug-2026 00:52:56 Africa/Lagos] Autoload failed: Class 'Database' not found in models/ or controllers/
[19-Aug-2026 00:52:57 Africa/Lagos] Autoload failed: Class 'Database' not found in models/ or controllers/
[19-Aug-2026 00:52:57 Africa/Lagos] Count User Exchanges Error: SQLSTATE[HY093]: Invalid parameter number
[19-Aug-2026 00:52:59 Africa/Lagos] Autoload failed: Class 'Database' not found in models/ or controllers/
[19-Aug-2026 00:53:09 Africa/Lagos] Autoload failed: Class 'Database' not found in models/ or controllers/
[19-Aug-2026 00:53:19 Africa/Lagos] Autoload failed: Class 'Database' not found in models/ or controllers/
[19-Aug-2026 00:53:29 Africa/Lagos] Autoload failed: Class 'Database' not found in models/ or controllers/
[19-Aug-2026 00:53:39 Africa/Lagos] Autoload failed: Class 'Database' not found in models/ or controllers/
[19-Aug-2026 00:53:49 Africa/Lagos] Autoload failed: Class 'Database' not found in models/ or controllers/
[19-Aug-2026 00:53:59 Africa/Lagos] Autoload failed: Class 'Database' not found in models/ or controllers/
[19-Aug-2026 00:54:09 Africa/Lagos] Autoload failed: Class 'Database' not found in models/ or controllers/
[19-Aug-2026 00:54:19 Africa/Lagos] Autoload failed: Class 'Database' not found in models/ or controllers/
[19-Aug-2026 00:54:29 Africa/Lagos] Autoload failed: Class 'Database' not found in models/ or controllers/
[19-Aug-2026 00:55:22 Africa/Lagos] Autoload failed: Class 'Database' not found in models/ or controllers/
[19-Aug-2026 00:55:29 Africa/Lagos] Autoload failed: Class 'Database' not found in models/ or controllers/
[19-Aug-2026 00:55:31 Africa/Lagos] Autoload failed: Class 'Database' not found in models/ or controllers/
[19-Aug-2026 00:55:32 Africa/Lagos] Autoload failed: Class 'Database' not found in models/ or controllers/
[19-Aug-2026 00:55:43 Africa/Lagos] Autoload failed: Class 'Database' not found in models/ or controllers/
[19-Aug-2026 00:55:53 Africa/Lagos] Autoload failed: Class 'Database' not found in models/ or controllers/
[19-Aug-2026 00:56:03 Africa/Lagos] Autoload failed: Class 'Database' not found in models/ or controllers/
[19-Aug-2026 00:56:13 Africa/Lagos] Autoload failed: Class 'Database' not found in models/ or controllers/
[19-Aug-2026 00:56:23 Africa/Lagos] Autoload failed: Class 'Database' not found in models/ or controllers/
[19-Aug-2026 00:56:33 Africa/Lagos] Autoload failed: Class 'Database' not found in models/ or controllers/
[19-Aug-2026 00:57:22 Africa/Lagos] Autoload failed: Class 'Database' not found in models/ or controllers/
[19-Aug-2026 00:58:20 Africa/Lagos] Autoload failed: Class 'Database' not found in models/ or controllers/
[19-Aug-2026 00:58:22 Africa/Lagos] Autoload failed: Class 'Database' not found in models/ or controllers/
[19-Aug-2026 00:58:24 Africa/Lagos] Autoload failed: Class 'Database' not found in models/ or controllers/
[19-Aug-2026 00:58:24 Africa/Lagos] Autoload failed: Class 'Database' not found in models/ or controllers/
[19-Aug-2026 00:58:35 Africa/Lagos] Autoload failed: Class 'Database' not found in models/ or controllers/
[19-Aug-2026 00:58:45 Africa/Lagos] Autoload failed: Class 'Database' not found in models/ or controllers/
[19-Aug-2026 00:58:55 Africa/Lagos] Autoload failed: Class 'Database' not found in models/ or controllers/
[19-Aug-2026 00:59:05 Africa/Lagos] Autoload failed: Class 'Database' not found in models/ or controllers/
[19-Aug-2026 00:59:15 Africa/Lagos] Autoload failed: Class 'Database' not found in models/ or controllers/
[19-Aug-2026 00:59:25 Africa/Lagos] Autoload failed: Class 'Database' not found in models/ or controllers/
[19-Aug-2026 01:00:22 Africa/Lagos] Autoload failed: Class 'Database' not found in models/ or controllers/
[19-Aug-2026 01:00:39 Africa/Lagos] Autoload failed: Class 'Database' not found in models/ or controllers/
[19-Aug-2026 01:00:44 Africa/Lagos] Autoload failed: Class 'Database' not found in models/ or controllers/
[19-Aug-2026 01:00:47 Africa/Lagos] Autoload failed: Class 'Database' not found in models/ or controllers/
[19-Aug-2026 01:00:47 Africa/Lagos] Autoload failed: Class 'Database' not found in models/ or controllers/
[19-Aug-2026 01:00:58 Africa/Lagos] Autoload failed: Class 'Database' not found in models/ or controllers/
[19-Aug-2026 01:01:08 Africa/Lagos] Autoload failed: Class 'Database' not found in models/ or controllers/
[19-Aug-2026 01:01:18 Africa/Lagos] Autoload failed: Class 'Database' not found in models/ or controllers/
[19-Aug-2026 01:01:28 Africa/Lagos] Autoload failed: Class 'Database' not found in models/ or controllers/
[19-Aug-2026 01:01:38 Africa/Lagos] Autoload failed: Class 'Database' not found in models/ or controllers/
[19-Aug-2026 01:01:48 Africa/Lagos] Autoload failed: Class 'Database' not found in models/ or controllers/
[19-Aug-2026 01:02:22 Africa/Lagos] Autoload failed: Class 'Database' not found in models/ or controllers/
[19-Aug-2026 01:03:22 Africa/Lagos] Autoload failed: Class 'Database' not found in models/ or controllers/
[19-Aug-2026 01:04:22 Africa/Lagos] Autoload failed: Class 'Database' not found in models/ or controllers/
[19-Aug-2026 01:05:22 Africa/Lagos] Autoload failed: Class 'Database' not found in models/ or controllers/
[19-Aug-2026 01:06:22 Africa/Lagos] Autoload failed: Class 'Database' not found in models/ or controllers/
[19-Aug-2026 01:07:22 Africa/Lagos] Autoload failed: Class 'Database' not found in models/ or controllers/
[19-Aug-2026 01:08:22 Africa/Lagos] Autoload failed: Class 'Database' not found in models/ or controllers/
[19-Aug-2026 01:09:22 Africa/Lagos] Autoload failed: Class 'Database' not found in models/ or controllers/
[19-Aug-2026 01:10:22 Africa/Lagos] Autoload failed: Class 'Database' not found in models/ or controllers/
[19-Aug-2026 01:11:22 Africa/Lagos] Autoload failed: Class 'Database' not found in models/ or controllers/
[19-Aug-2026 01:12:22 Africa/Lagos] Autoload failed: Class 'Database' not found in models/ or controllers/
[19-Aug-2026 01:13:22 Africa/Lagos] Autoload failed: Class 'Database' not found in models/ or controllers/
[19-Aug-2026 01:14:22 Africa/Lagos] Autoload failed: Class 'Database' not found in models/ or controllers/
[19-Aug-2026 01:14:47 Africa/Lagos] Autoload failed: Class 'Database' not found in models/ or controllers/
[19-Aug-2026 01:14:47 Africa/Lagos] Autoload failed: Class 'Database' not found in models/ or controllers/
[19-Aug-2026 01:14:48 Africa/Lagos] Autoload failed: Class 'Database' not found in models/ or controllers/
[19-Aug-2026 01:14:50 Africa/Lagos] Autoload failed: Class 'Database' not found in models/ or controllers/
[19-Aug-2026 01:14:51 Africa/Lagos] Autoload failed: Class 'Database' not found in models/ or controllers/
[19-Aug-2026 01:14:52 Africa/Lagos] Autoload failed: Class 'Database' not found in models/ or controllers/
[19-Aug-2026 01:14:52 Africa/Lagos] Autoload failed: Class 'Database' not found in models/ or controllers/
[19-Aug-2026 01:14:52 Africa/Lagos] Count User Exchanges Error: SQLSTATE[HY093]: Invalid parameter number
[19-Aug-2026 01:14:53 Africa/Lagos] Autoload failed: Class 'Database' not found in models/ or controllers/
[19-Aug-2026 01:14:55 Africa/Lagos] Autoload failed: Class 'Database' not found in models/ or controllers/
[19-Aug-2026 01:14:55 Africa/Lagos] Get Top Matches Error: SQLSTATE[HY093]: Invalid parameter number
[19-Aug-2026 01:14:55 Africa/Lagos] Autoload failed: Class 'Database' not found in models/ or controllers/
[19-Aug-2026 01:15:05 Africa/Lagos] Autoload failed: Class 'Database' not found in models/ or controllers/
[19-Aug-2026 01:15:15 Africa/Lagos] Autoload failed: Class 'Database' not found in models/ or controllers/
[19-Aug-2026 01:15:25 Africa/Lagos] Autoload failed: Class 'Database' not found in models/ or controllers/
[19-Aug-2026 01:15:35 Africa/Lagos] Autoload failed: Class 'Database' not found in models/ or controllers/
[19-Aug-2026 01:15:45 Africa/Lagos] Autoload failed: Class 'Database' not found in models/ or controllers/
[19-Aug-2026 01:15:55 Africa/Lagos] Autoload failed: Class 'Database' not found in models/ or controllers/
[19-Aug-2026 01:16:05 Africa/Lagos] Autoload failed: Class 'Database' not found in models/ or controllers/
[19-Aug-2026 01:16:15 Africa/Lagos] Autoload failed: Class 'Database' not found in models/ or controllers/
[19-Aug-2026 01:16:25 Africa/Lagos] Autoload failed: Class 'Database' not found in models/ or controllers/
[19-Aug-2026 01:16:35 Africa/Lagos] Autoload failed: Class 'Database' not found in models/ or controllers/
[19-Aug-2026 01:16:45 Africa/Lagos] Autoload failed: Class 'Database' not found in models/ or controllers/
[19-Aug-2026 01:16:55 Africa/Lagos] Autoload failed: Class 'Database' not found in models/ or controllers/
[19-Aug-2026 01:17:05 Africa/Lagos] Autoload failed: Class 'Database' not found in models/ or controllers/
[19-Aug-2026 01:17:15 Africa/Lagos] Autoload failed: Class 'Database' not found in models/ or controllers/
[19-Aug-2026 01:17:25 Africa/Lagos] Autoload failed: Class 'Database' not found in models/ or controllers/
[19-Aug-2026 01:17:35 Africa/Lagos] Autoload failed: Class 'Database' not found in models/ or controllers/
[19-Aug-2026 01:17:45 Africa/Lagos] Autoload failed: Class 'Database' not found in models/ or controllers/
[19-Aug-2026 01:17:55 Africa/Lagos] Autoload failed: Class 'Database' not found in models/ or controllers/
[19-Aug-2026 01:18:05 Africa/Lagos] Autoload failed: Class 'Database' not found in models/ or controllers/
[19-Aug-2026 01:18:15 Africa/Lagos] Autoload failed: Class 'Database' not found in models/ or controllers/
[19-Aug-2026 01:18:25 Africa/Lagos] Autoload failed: Class 'Database' not found in models/ or controllers/
[19-Aug-2026 01:18:35 Africa/Lagos] Autoload failed: Class 'Database' not found in models/ or controllers/
[19-Aug-2026 01:18:45 Africa/Lagos] Autoload failed: Class 'Database' not found in models/ or controllers/
[19-Aug-2026 01:18:55 Africa/Lagos] Autoload failed: Class 'Database' not found in models/ or controllers/
[19-Aug-2026 01:19:05 Africa/Lagos] Autoload failed: Class 'Database' not found in models/ or controllers/
[19-Aug-2026 01:19:15 Africa/Lagos] Autoload failed: Class 'Database' not found in models/ or controllers/
[19-Aug-2026 01:19:25 Africa/Lagos] Autoload failed: Class 'Database' not found in models/ or controllers/
[19-Aug-2026 01:19:35 Africa/Lagos] Autoload failed: Class 'Database' not found in models/ or controllers/
[19-Aug-2026 01:19:45 Africa/Lagos] Autoload failed: Class 'Database' not found in models/ or controllers/
[19-Aug-2026 01:19:55 Africa/Lagos] Autoload failed: Class 'Database' not found in models/ or controllers/
[19-Aug-2026 01:20:05 Africa/Lagos] Autoload failed: Class 'Database' not found in models/ or controllers/
[19-Aug-2026 01:20:15 Africa/Lagos] Autoload failed: Class 'Database' not found in models/ or controllers/
[19-Aug-2026 01:20:25 Africa/Lagos] Autoload failed: Class 'Database' not found in models/ or controllers/
[19-Aug-2026 01:20:36 Africa/Lagos] Autoload failed: Class 'Database' not found in models/ or controllers/
[19-Aug-2026 01:20:46 Africa/Lagos] Autoload failed: Class 'Database' not found in models/ or controllers/
[19-Aug-2026 01:20:56 Africa/Lagos] Autoload failed: Class 'Database' not found in models/ or controllers/
[19-Aug-2026 01:21:06 Africa/Lagos] Autoload failed: Class 'Database' not found in models/ or controllers/
[19-Aug-2026 01:21:16 Africa/Lagos] Autoload failed: Class 'Database' not found in models/ or controllers/
[19-Aug-2026 01:21:26 Africa/Lagos] Autoload failed: Class 'Database' not found in models/ or controllers/
[19-Aug-2026 01:22:22 Africa/Lagos] Autoload failed: Class 'Database' not found in models/ or controllers/
[19-Aug-2026 01:23:22 Africa/Lagos] Autoload failed: Class 'Database' not found in models/ or controllers/
[19-Aug-2026 01:24:22 Africa/Lagos] Autoload failed: Class 'Database' not found in models/ or controllers/
[19-Aug-2026 01:25:22 Africa/Lagos] Autoload failed: Class 'Database' not found in models/ or controllers/
[19-Aug-2026 01:26:22 Africa/Lagos] Autoload failed: Class 'Database' not found in models/ or controllers/
[19-Aug-2026 01:27:22 Africa/Lagos] Autoload failed: Class 'Database' not found in models/ or controllers/
[19-Aug-2026 01:28:22 Africa/Lagos] Autoload failed: Class 'Database' not found in models/ or controllers/
[19-Aug-2026 01:29:22 Africa/Lagos] Autoload failed: Class 'Database' not found in models/ or controllers/
[19-Aug-2026 01:30:22 Africa/Lagos] Autoload failed: Class 'Database' not found in models/ or controllers/
[19-Aug-2026 01:31:22 Africa/Lagos] Autoload failed: Class 'Database' not found in models/ or controllers/
[19-Aug-2026 01:32:22 Africa/Lagos] Autoload failed: Class 'Database' not found in models/ or controllers/
[19-Aug-2026 01:33:22 Africa/Lagos] Autoload failed: Class 'Database' not found in models/ or controllers/
[19-Aug-2026 01:34:22 Africa/Lagos] Autoload failed: Class 'Database' not found in models/ or controllers/
[19-Aug-2026 01:35:22 Africa/Lagos] Autoload failed: Class 'Database' not found in models/ or controllers/
[19-Aug-2026 01:36:22 Africa/Lagos] Autoload failed: Class 'Database' not found in models/ or controllers/
[19-Aug-2026 01:37:22 Africa/Lagos] Autoload failed: Class 'Database' not found in models/ or controllers/
[19-Aug-2026 01:38:22 Africa/Lagos] Autoload failed: Class 'Database' not found in models/ or controllers/
[19-Aug-2026 08:14:35 Africa/Lagos] Autoload failed: Class 'Database' not found in models/ or controllers/
[19-Aug-2026 08:15:15 Africa/Lagos] Autoload failed: Class 'Database' not found in models/ or controllers/
[19-Aug-2026 08:16:15 Africa/Lagos] Autoload failed: Class 'Database' not found in models/ or controllers/
[19-Aug-2026 08:17:16 Africa/Lagos] Autoload failed: Class 'Database' not found in models/ or controllers/
[19-Aug-2026 08:18:16 Africa/Lagos] Autoload failed: Class 'Database' not found in models/ or controllers/
[19-Aug-2026 08:19:16 Africa/Lagos] Autoload failed: Class 'Database' not found in models/ or controllers/
[19-Aug-2026 08:20:15 Africa/Lagos] Autoload failed: Class 'Database' not found in models/ or controllers/
[19-Aug-2026 08:21:15 Africa/Lagos] Autoload failed: Class 'Database' not found in models/ or controllers/
[19-Aug-2026 08:22:15 Africa/Lagos] Autoload failed: Class 'Database' not found in models/ or controllers/
[19-Aug-2026 08:23:15 Africa/Lagos] Autoload failed: Class 'Database' not found in models/ or controllers/
[19-Aug-2026 08:24:16 Africa/Lagos] Autoload failed: Class 'Database' not found in models/ or controllers/
[19-Aug-2026 08:25:15 Africa/Lagos] Autoload failed: Class 'Database' not found in models/ or controllers/
[19-Aug-2026 08:26:15 Africa/Lagos] Autoload failed: Class 'Database' not found in models/ or controllers/
[19-Aug-2026 08:27:15 Africa/Lagos] Autoload failed: Class 'Database' not found in models/ or controllers/
[19-Aug-2026 08:28:16 Africa/Lagos] Autoload failed: Class 'Database' not found in models/ or controllers/
[19-Aug-2026 08:29:16 Africa/Lagos] Autoload failed: Class 'Database' not found in models/ or controllers/
[19-Aug-2026 08:30:16 Africa/Lagos] Autoload failed: Class 'Database' not found in models/ or controllers/
[19-Aug-2026 08:31:16 Africa/Lagos] Autoload failed: Class 'Database' not found in models/ or controllers/
[19-Aug-2026 08:32:16 Africa/Lagos] Autoload failed: Class 'Database' not found in models/ or controllers/
[19-Aug-2026 08:33:16 Africa/Lagos] Autoload failed: Class 'Database' not found in models/ or controllers/
[19-Aug-2026 08:34:16 Africa/Lagos] Autoload failed: Class 'Database' not found in models/ or controllers/
[19-Aug-2026 08:35:15 Africa/Lagos] Autoload failed: Class 'Database' not found in models/ or controllers/
[19-Aug-2026 08:36:16 Africa/Lagos] Autoload failed: Class 'Database' not found in models/ or controllers/
[19-Aug-2026 08:37:16 Africa/Lagos] Autoload failed: Class 'Database' not found in models/ or controllers/
[19-Aug-2026 08:38:16 Africa/Lagos] Autoload failed: Class 'Database' not found in models/ or controllers/
[19-Aug-2026 08:39:16 Africa/Lagos] Autoload failed: Class 'Database' not found in models/ or controllers/
[19-Aug-2026 08:40:16 Africa/Lagos] Autoload failed: Class 'Database' not found in models/ or controllers/
[19-Aug-2026 08:41:16 Africa/Lagos] Autoload failed: Class 'Database' not found in models/ or controllers/
[19-Aug-2026 08:42:16 Africa/Lagos] Autoload failed: Class 'Database' not found in models/ or controllers/
[19-Aug-2026 08:43:16 Africa/Lagos] Autoload failed: Class 'Database' not found in models/ or controllers/
[19-Aug-2026 08:44:16 Africa/Lagos] Autoload failed: Class 'Database' not found in models/ or controllers/
[19-Aug-2026 08:45:15 Africa/Lagos] Autoload failed: Class 'Database' not found in models/ or controllers/
[19-Aug-2026 08:46:16 Africa/Lagos] Autoload failed: Class 'Database' not found in models/ or controllers/
[19-Aug-2026 08:47:16 Africa/Lagos] Autoload failed: Class 'Database' not found in models/ or controllers/
[19-Aug-2026 08:48:16 Africa/Lagos] Autoload failed: Class 'Database' not found in models/ or controllers/
[19-Aug-2026 08:49:16 Africa/Lagos] Autoload failed: Class 'Database' not found in models/ or controllers/
[19-Aug-2026 13:05:35 Africa/Lagos] Autoload failed: Class 'Database' not found in models/ or controllers/
[19-Aug-2026 13:06:09 Africa/Lagos] Autoload failed: Class 'Database' not found in models/ or controllers/
[19-Aug-2026 13:07:09 Africa/Lagos] Autoload failed: Class 'Database' not found in models/ or controllers/
[19-Aug-2026 13:08:09 Africa/Lagos] Autoload failed: Class 'Database' not found in models/ or controllers/
[19-Aug-2026 13:09:09 Africa/Lagos] Autoload failed: Class 'Database' not found in models/ or controllers/
[19-Aug-2026 13:10:09 Africa/Lagos] Autoload failed: Class 'Database' not found in models/ or controllers/
[19-Aug-2026 13:11:09 Africa/Lagos] Autoload failed: Class 'Database' not found in models/ or controllers/
[19-Aug-2026 13:12:09 Africa/Lagos] Autoload failed: Class 'Database' not found in models/ or controllers/
[19-Aug-2026 13:13:09 Africa/Lagos] Autoload failed: Class 'Database' not found in models/ or controllers/
[19-Aug-2026 13:14:09 Africa/Lagos] Autoload failed: Class 'Database' not found in models/ or controllers/
[19-Aug-2026 13:15:09 Africa/Lagos] Autoload failed: Class 'Database' not found in models/ or controllers/
[19-Aug-2026 13:16:09 Africa/Lagos] Autoload failed: Class 'Database' not found in models/ or controllers/
[19-Aug-2026 13:17:09 Africa/Lagos] Autoload failed: Class 'Database' not found in models/ or controllers/
[19-Aug-2026 13:18:09 Africa/Lagos] Autoload failed: Class 'Database' not found in models/ or controllers/
[19-Aug-2026 13:19:09 Africa/Lagos] Autoload failed: Class 'Database' not found in models/ or controllers/
[19-Aug-2026 13:20:09 Africa/Lagos] Autoload failed: Class 'Database' not found in models/ or controllers/
[19-Aug-2026 13:21:09 Africa/Lagos] Autoload failed: Class 'Database' not found in models/ or controllers/
[19-Aug-2026 13:22:09 Africa/Lagos] Autoload failed: Class 'Database' not found in models/ or controllers/
[19-Aug-2026 13:23:09 Africa/Lagos] Autoload failed: Class 'Database' not found in models/ or controllers/
[19-Aug-2026 13:24:09 Africa/Lagos] Autoload failed: Class 'Database' not found in models/ or controllers/
[19-Aug-2026 13:25:09 Africa/Lagos] Autoload failed: Class 'Database' not found in models/ or controllers/
[19-Aug-2026 13:26:09 Africa/Lagos] Autoload failed: Class 'Database' not found in models/ or controllers/
[19-Aug-2026 13:27:09 Africa/Lagos] Autoload failed: Class 'Database' not found in models/ or controllers/
[19-Aug-2026 13:28:09 Africa/Lagos] Autoload failed: Class 'Database' not found in models/ or controllers/
[19-Aug-2026 13:29:09 Africa/Lagos] Autoload failed: Class 'Database' not found in models/ or controllers/
[19-Aug-2026 13:30:09 Africa/Lagos] Autoload failed: Class 'Database' not found in models/ or controllers/
[19-Aug-2026 15:24:36 Africa/Lagos] Autoload failed: Class 'Database' not found in models/ or controllers/
[19-Aug-2026 15:25:01 Africa/Lagos] Autoload failed: Class 'Database' not found in models/ or controllers/
[19-Aug-2026 15:26:01 Africa/Lagos] Autoload failed: Class 'Database' not found in models/ or controllers/
[19-Aug-2026 15:27:01 Africa/Lagos] Autoload failed: Class 'Database' not found in models/ or controllers/
[19-Aug-2026 15:28:01 Africa/Lagos] Autoload failed: Class 'Database' not found in models/ or controllers/
[19-Aug-2026 15:29:01 Africa/Lagos] Autoload failed: Class 'Database' not found in models/ or controllers/
[19-Aug-2026 15:30:01 Africa/Lagos] Autoload failed: Class 'Database' not found in models/ or controllers/
[19-Aug-2026 15:31:01 Africa/Lagos] Autoload failed: Class 'Database' not found in models/ or controllers/
[19-Aug-2026 15:32:02 Africa/Lagos] Autoload failed: Class 'Database' not found in models/ or controllers/
[19-Aug-2026 15:33:01 Africa/Lagos] Autoload failed: Class 'Database' not found in models/ or controllers/
[19-Aug-2026 15:34:01 Africa/Lagos] Autoload failed: Class 'Database' not found in models/ or controllers/
[19-Aug-2026 15:35:01 Africa/Lagos] Autoload failed: Class 'Database' not found in models/ or controllers/
[19-Aug-2026 15:36:01 Africa/Lagos] Autoload failed: Class 'Database' not found in models/ or controllers/
[19-Aug-2026 15:37:03 Africa/Lagos] Autoload failed: Class 'Database' not found in models/ or controllers/
[19-Aug-2026 15:42:00 Africa/Lagos] Autoload failed: Class 'Database' not found in models/ or controllers/
[19-Aug-2026 15:42:53 Africa/Lagos] Autoload failed: Class 'Database' not found in models/ or controllers/
[19-Aug-2026 15:43:53 Africa/Lagos] Autoload failed: Class 'Database' not found in models/ or controllers/
[19-Aug-2026 15:44:53 Africa/Lagos] Autoload failed: Class 'Database' not found in models/ or controllers/
[19-Aug-2026 15:45:53 Africa/Lagos] Autoload failed: Class 'Database' not found in models/ or controllers/
[19-Aug-2026 15:46:53 Africa/Lagos] Autoload failed: Class 'Database' not found in models/ or controllers/
[19-Aug-2026 15:47:53 Africa/Lagos] Autoload failed: Class 'Database' not found in models/ or controllers/
[19-Aug-2026 15:48:53 Africa/Lagos] Autoload failed: Class 'Database' not found in models/ or controllers/
[19-Aug-2026 15:49:53 Africa/Lagos] Autoload failed: Class 'Database' not found in models/ or controllers/
[19-Aug-2026 15:50:53 Africa/Lagos] Autoload failed: Class 'Database' not found in models/ or controllers/
[19-Aug-2026 15:51:53 Africa/Lagos] Autoload failed: Class 'Database' not found in models/ or controllers/
[19-Aug-2026 15:52:53 Africa/Lagos] Autoload failed: Class 'Database' not found in models/ or controllers/
[19-Aug-2026 15:53:53 Africa/Lagos] Autoload failed: Class 'Database' not found in models/ or controllers/
[19-Aug-2026 15:54:53 Africa/Lagos] Autoload failed: Class 'Database' not found in models/ or controllers/
[19-Aug-2026 15:55:53 Africa/Lagos] Autoload failed: Class 'Database' not found in models/ or controllers/
[19-Aug-2026 15:56:53 Africa/Lagos] Autoload failed: Class 'Database' not found in models/ or controllers/
[19-Aug-2026 15:57:53 Africa/Lagos] Autoload failed: Class 'Database' not found in models/ or controllers/
[19-Aug-2026 15:58:53 Africa/Lagos] Autoload failed: Class 'Database' not found in models/ or controllers/
[19-Aug-2026 15:59:53 Africa/Lagos] Autoload failed: Class 'Database' not found in models/ or controllers/
[19-Aug-2026 16:00:53 Africa/Lagos] Autoload failed: Class 'Database' not found in models/ or controllers/
[19-Aug-2026 16:01:53 Africa/Lagos] Autoload failed: Class 'Database' not found in models/ or controllers/
[19-Aug-2026 16:02:53 Africa/Lagos] Autoload failed: Class 'Database' not found in models/ or controllers/
[19-Aug-2026 16:03:53 Africa/Lagos] Autoload failed: Class 'Database' not found in models/ or controllers/
[19-Aug-2026 16:04:53 Africa/Lagos] Autoload failed: Class 'Database' not found in models/ or controllers/
[19-Aug-2026 16:05:53 Africa/Lagos] Autoload failed: Class 'Database' not found in models/ or controllers/
[19-Aug-2026 16:06:53 Africa/Lagos] Autoload failed: Class 'Database' not found in models/ or controllers/
[19-Aug-2026 16:07:53 Africa/Lagos] Autoload failed: Class 'Database' not found in models/ or controllers/
[19-Aug-2026 16:08:53 Africa/Lagos] Autoload failed: Class 'Database' not found in models/ or controllers/
[19-Aug-2026 16:09:53 Africa/Lagos] Autoload failed: Class 'Database' not found in models/ or controllers/
[19-Aug-2026 16:10:53 Africa/Lagos] Autoload failed: Class 'Database' not found in models/ or controllers/
[19-Aug-2026 16:11:53 Africa/Lagos] Autoload failed: Class 'Database' not found in models/ or controllers/
[19-Aug-2026 16:12:53 Africa/Lagos] Autoload failed: Class 'Database' not found in models/ or controllers/
[19-Aug-2026 16:13:53 Africa/Lagos] Autoload failed: Class 'Database' not found in models/ or controllers/
[19-Aug-2026 16:14:53 Africa/Lagos] Autoload failed: Class 'Database' not found in models/ or controllers/
[19-Aug-2026 16:15:53 Africa/Lagos] Autoload failed: Class 'Database' not found in models/ or controllers/
[19-Aug-2026 16:16:53 Africa/Lagos] Autoload failed: Class 'Database' not found in models/ or controllers/
[19-Aug-2026 16:17:53 Africa/Lagos] Autoload failed: Class 'Database' not found in models/ or controllers/
[19-Aug-2026 16:18:53 Africa/Lagos] Autoload failed: Class 'Database' not found in models/ or controllers/
[19-Aug-2026 16:19:53 Africa/Lagos] Autoload failed: Class 'Database' not found in models/ or controllers/
[19-Aug-2026 16:35:14 Africa/Lagos] Autoload failed: Class 'Database' not found in models/ or controllers/
[19-Aug-2026 16:35:47 Africa/Lagos] Autoload failed: Class 'Database' not found in models/ or controllers/
[19-Aug-2026 16:36:47 Africa/Lagos] Autoload failed: Class 'Database' not found in models/ or controllers/
[19-Aug-2026 16:37:47 Africa/Lagos] Autoload failed: Class 'Database' not found in models/ or controllers/
[19-Aug-2026 16:38:47 Africa/Lagos] Autoload failed: Class 'Database' not found in models/ or controllers/
[19-Aug-2026 16:39:47 Africa/Lagos] Autoload failed: Class 'Database' not found in models/ or controllers/
[19-Aug-2026 16:40:47 Africa/Lagos] Autoload failed: Class 'Database' not found in models/ or controllers/
[19-Aug-2026 16:41:47 Africa/Lagos] Autoload failed: Class 'Database' not found in models/ or controllers/
[19-Aug-2026 16:42:47 Africa/Lagos] Autoload failed: Class 'Database' not found in models/ or controllers/
[19-Aug-2026 16:43:47 Africa/Lagos] Autoload failed: Class 'Database' not found in models/ or controllers/
[19-Aug-2026 16:44:47 Africa/Lagos] Autoload failed: Class 'Database' not found in models/ or controllers/
[19-Aug-2026 16:45:47 Africa/Lagos] Autoload failed: Class 'Database' not found in models/ or controllers/
[19-Aug-2026 16:46:47 Africa/Lagos] Autoload failed: Class 'Database' not found in models/ or controllers/
[19-Aug-2026 17:23:02 Africa/Lagos] Autoload failed: Class 'Database' not found in models/ or controllers/
[19-Aug-2026 17:23:40 Africa/Lagos] Autoload failed: Class 'Database' not found in models/ or controllers/
[19-Aug-2026 17:24:40 Africa/Lagos] Autoload failed: Class 'Database' not found in models/ or controllers/
[19-Aug-2026 17:25:40 Africa/Lagos] Autoload failed: Class 'Database' not found in models/ or controllers/
[19-Aug-2026 17:26:40 Africa/Lagos] Autoload failed: Class 'Database' not found in models/ or controllers/
[19-Aug-2026 17:27:40 Africa/Lagos] Autoload failed: Class 'Database' not found in models/ or controllers/
[19-Aug-2026 17:28:40 Africa/Lagos] Autoload failed: Class 'Database' not found in models/ or controllers/
[19-Aug-2026 17:29:40 Africa/Lagos] Autoload failed: Class 'Database' not found in models/ or controllers/
[19-Aug-2026 17:30:40 Africa/Lagos] Autoload failed: Class 'Database' not found in models/ or controllers/
[19-Aug-2026 17:31:40 Africa/Lagos] Autoload failed: Class 'Database' not found in models/ or controllers/
[19-Aug-2026 17:32:40 Africa/Lagos] Autoload failed: Class 'Database' not found in models/ or controllers/
[19-Aug-2026 17:33:40 Africa/Lagos] Autoload failed: Class 'Database' not found in models/ or controllers/
[19-Aug-2026 17:34:40 Africa/Lagos] Autoload failed: Class 'Database' not found in models/ or controllers/
[19-Aug-2026 17:35:40 Africa/Lagos] Autoload failed: Class 'Database' not found in models/ or controllers/
[19-Aug-2026 17:44:09 Africa/Lagos] Autoload failed: Class 'Database' not found in models/ or controllers/
[19-Aug-2026 17:44:33 Africa/Lagos] Autoload failed: Class 'Database' not found in models/ or controllers/
[19-Aug-2026 17:45:33 Africa/Lagos] Autoload failed: Class 'Database' not found in models/ or controllers/
[19-Aug-2026 17:46:33 Africa/Lagos] Autoload failed: Class 'Database' not found in models/ or controllers/
[19-Aug-2026 17:47:33 Africa/Lagos] Autoload failed: Class 'Database' not found in models/ or controllers/
[19-Aug-2026 17:48:33 Africa/Lagos] Autoload failed: Class 'Database' not found in models/ or controllers/
[19-Aug-2026 17:49:33 Africa/Lagos] Autoload failed: Class 'Database' not found in models/ or controllers/
[19-Aug-2026 17:50:33 Africa/Lagos] Autoload failed: Class 'Database' not found in models/ or controllers/
[19-Aug-2026 17:51:33 Africa/Lagos] Autoload failed: Class 'Database' not found in models/ or controllers/
[19-Aug-2026 17:52:33 Africa/Lagos] Autoload failed: Class 'Database' not found in models/ or controllers/
[19-Aug-2026 17:53:33 Africa/Lagos] Autoload failed: Class 'Database' not found in models/ or controllers/
[19-Aug-2026 17:54:33 Africa/Lagos] Autoload failed: Class 'Database' not found in models/ or controllers/
[19-Aug-2026 17:55:33 Africa/Lagos] Autoload failed: Class 'Database' not found in models/ or controllers/
[19-Aug-2026 17:56:33 Africa/Lagos] Autoload failed: Class 'Database' not found in models/ or controllers/
[19-Aug-2026 18:21:11 Africa/Lagos] Autoload failed: Class 'Database' not found in models/ or controllers/
[19-Aug-2026 18:21:26 Africa/Lagos] Autoload failed: Class 'Database' not found in models/ or controllers/
[19-Aug-2026 18:22:26 Africa/Lagos] Autoload failed: Class 'Database' not found in models/ or controllers/
[19-Aug-2026 18:23:27 Africa/Lagos] Autoload failed: Class 'Database' not found in models/ or controllers/
[19-Aug-2026 18:24:26 Africa/Lagos] Autoload failed: Class 'Database' not found in models/ or controllers/
[19-Aug-2026 18:25:26 Africa/Lagos] Autoload failed: Class 'Database' not found in models/ or controllers/
[19-Aug-2026 18:26:26 Africa/Lagos] Autoload failed: Class 'Database' not found in models/ or controllers/
[19-Aug-2026 18:27:27 Africa/Lagos] Autoload failed: Class 'Database' not found in models/ or controllers/
[19-Aug-2026 18:28:26 Africa/Lagos] Autoload failed: Class 'Database' not found in models/ or controllers/
[19-Aug-2026 18:38:38 Africa/Lagos] Autoload failed: Class 'Database' not found in models/ or controllers/
[19-Aug-2026 18:39:19 Africa/Lagos] Autoload failed: Class 'Database' not found in models/ or controllers/
[19-Aug-2026 18:40:19 Africa/Lagos] Autoload failed: Class 'Database' not found in models/ or controllers/
[19-Aug-2026 19:35:39 Africa/Lagos] Autoload failed: Class 'Database' not found in models/ or controllers/
[19-Aug-2026 19:36:13 Africa/Lagos] Autoload failed: Class 'Database' not found in models/ or controllers/
[19-Aug-2026 19:37:13 Africa/Lagos] Autoload failed: Class 'Database' not found in models/ or controllers/
[19-Aug-2026 19:38:13 Africa/Lagos] Autoload failed: Class 'Database' not found in models/ or controllers/
[19-Aug-2026 19:39:13 Africa/Lagos] Autoload failed: Class 'Database' not found in models/ or controllers/
[19-Aug-2026 19:40:13 Africa/Lagos] Autoload failed: Class 'Database' not found in models/ or controllers/
[19-Aug-2026 19:41:13 Africa/Lagos] Autoload failed: Class 'Database' not found in models/ or controllers/
[19-Aug-2026 19:42:13 Africa/Lagos] Autoload failed: Class 'Database' not found in models/ or controllers/
[19-Aug-2026 19:43:13 Africa/Lagos] Autoload failed: Class 'Database' not found in models/ or controllers/
[19-Aug-2026 19:44:13 Africa/Lagos] Autoload failed: Class 'Database' not found in models/ or controllers/
[19-Aug-2026 19:45:13 Africa/Lagos] Autoload failed: Class 'Database' not found in models/ or controllers/
[19-Aug-2026 19:46:13 Africa/Lagos] Autoload failed: Class 'Database' not found in models/ or controllers/
[19-Aug-2026 19:47:13 Africa/Lagos] Autoload failed: Class 'Database' not found in models/ or controllers/
[19-Aug-2026 19:48:13 Africa/Lagos] Autoload failed: Class 'Database' not found in models/ or controllers/
[19-Aug-2026 20:24:32 Africa/Lagos] Autoload failed: Class 'Database' not found in models/ or controllers/
[19-Aug-2026 20:25:05 Africa/Lagos] Autoload failed: Class 'Database' not found in models/ or controllers/
[19-Aug-2026 22:35:32 Africa/Lagos] Autoload failed: Class 'Database' not found in models/ or controllers/
[19-Aug-2026 22:35:58 Africa/Lagos] Autoload failed: Class 'Database' not found in models/ or controllers/
[19-Aug-2026 22:36:58 Africa/Lagos] Autoload failed: Class 'Database' not found in models/ or controllers/
[19-Aug-2026 22:37:59 Africa/Lagos] Autoload failed: Class 'Database' not found in models/ or controllers/
[19-Aug-2026 22:38:58 Africa/Lagos] Autoload failed: Class 'Database' not found in models/ or controllers/
[19-Aug-2026 22:40:01 Africa/Lagos] Autoload failed: Class 'Database' not found in models/ or controllers/
[19-Aug-2026 22:40:59 Africa/Lagos] Autoload failed: Class 'Database' not found in models/ or controllers/
[19-Aug-2026 22:41:13 Africa/Lagos] Autoload failed: Class 'Database' not found in models/ or controllers/
[19-Aug-2026 22:41:21 Africa/Lagos] Autoload failed: Class 'Database' not found in models/ or controllers/
[19-Aug-2026 22:41:23 Africa/Lagos] Autoload failed: Class 'Database' not found in models/ or controllers/
[19-Aug-2026 22:41:27 Africa/Lagos] Autoload failed: Class 'Database' not found in models/ or controllers/
[19-Aug-2026 22:41:27 Africa/Lagos] Count User Exchanges Error: SQLSTATE[HY093]: Invalid parameter number
[19-Aug-2026 22:41:27 Africa/Lagos] Autoload failed: Class 'Database' not found in models/ or controllers/
[19-Aug-2026 22:41:37 Africa/Lagos] Autoload failed: Class 'Database' not found in models/ or controllers/
[19-Aug-2026 22:41:47 Africa/Lagos] Autoload failed: Class 'Database' not found in models/ or controllers/
[19-Aug-2026 22:41:57 Africa/Lagos] Autoload failed: Class 'Database' not found in models/ or controllers/
[19-Aug-2026 22:42:07 Africa/Lagos] Autoload failed: Class 'Database' not found in models/ or controllers/
[19-Aug-2026 22:42:17 Africa/Lagos] Autoload failed: Class 'Database' not found in models/ or controllers/
[19-Aug-2026 22:42:27 Africa/Lagos] Autoload failed: Class 'Database' not found in models/ or controllers/
[19-Aug-2026 22:42:37 Africa/Lagos] Autoload failed: Class 'Database' not found in models/ or controllers/
[19-Aug-2026 22:42:48 Africa/Lagos] Autoload failed: Class 'Database' not found in models/ or controllers/
[19-Aug-2026 22:42:59 Africa/Lagos] Autoload failed: Class 'Database' not found in models/ or controllers/
[19-Aug-2026 22:43:58 Africa/Lagos] Autoload failed: Class 'Database' not found in models/ or controllers/
[19-Aug-2026 22:44:59 Africa/Lagos] Autoload failed: Class 'Database' not found in models/ or controllers/
[19-Aug-2026 22:45:58 Africa/Lagos] Autoload failed: Class 'Database' not found in models/ or controllers/
[19-Aug-2026 22:46:59 Africa/Lagos] Autoload failed: Class 'Database' not found in models/ or controllers/
[19-Aug-2026 22:47:58 Africa/Lagos] Autoload failed: Class 'Database' not found in models/ or controllers/
[19-Aug-2026 22:48:58 Africa/Lagos] Autoload failed: Class 'Database' not found in models/ or controllers/
[19-Aug-2026 22:49:50 Africa/Lagos] Autoload failed: Class 'Database' not found in models/ or controllers/
[19-Aug-2026 22:49:57 Africa/Lagos] Autoload failed: Class 'Database' not found in models/ or controllers/
[19-Aug-2026 22:50:07 Africa/Lagos] Autoload failed: Class 'Database' not found in models/ or controllers/
[19-Aug-2026 22:50:17 Africa/Lagos] Autoload failed: Class 'Database' not found in models/ or controllers/
[19-Aug-2026 22:50:27 Africa/Lagos] Autoload failed: Class 'Database' not found in models/ or controllers/
[19-Aug-2026 22:50:37 Africa/Lagos] Autoload failed: Class 'Database' not found in models/ or controllers/
[19-Aug-2026 22:50:47 Africa/Lagos] Autoload failed: Class 'Database' not found in models/ or controllers/
[19-Aug-2026 22:50:58 Africa/Lagos] Autoload failed: Class 'Database' not found in models/ or controllers/
[19-Aug-2026 22:51:58 Africa/Lagos] Autoload failed: Class 'Database' not found in models/ or controllers/
[19-Aug-2026 22:52:59 Africa/Lagos] Autoload failed: Class 'Database' not found in models/ or controllers/
[19-Aug-2026 22:53:59 Africa/Lagos] Autoload failed: Class 'Database' not found in models/ or controllers/
[19-Aug-2026 22:54:59 Africa/Lagos] Autoload failed: Class 'Database' not found in models/ or controllers/
[19-Aug-2026 22:55:58 Africa/Lagos] Autoload failed: Class 'Database' not found in models/ or controllers/
[19-Aug-2026 22:56:59 Africa/Lagos] Autoload failed: Class 'Database' not found in models/ or controllers/
[19-Aug-2026 22:57:59 Africa/Lagos] Autoload failed: Class 'Database' not found in models/ or controllers/
[19-Aug-2026 22:58:59 Africa/Lagos] Autoload failed: Class 'Database' not found in models/ or controllers/
[19-Aug-2026 22:59:59 Africa/Lagos] Autoload failed: Class 'Database' not found in models/ or controllers/
[19-Aug-2026 23:00:58 Africa/Lagos] Autoload failed: Class 'Database' not found in models/ or controllers/
[19-Aug-2026 23:01:58 Africa/Lagos] Autoload failed: Class 'Database' not found in models/ or controllers/
[19-Aug-2026 23:02:59 Africa/Lagos] Autoload failed: Class 'Database' not found in models/ or controllers/
[19-Aug-2026 23:03:59 Africa/Lagos] Autoload failed: Class 'Database' not found in models/ or controllers/
[19-Aug-2026 23:04:58 Africa/Lagos] Autoload failed: Class 'Database' not found in models/ or controllers/
[19-Aug-2026 23:05:59 Africa/Lagos] Autoload failed: Class 'Database' not found in models/ or controllers/
[19-Aug-2026 23:06:59 Africa/Lagos] Autoload failed: Class 'Database' not found in models/ or controllers/
[19-Aug-2026 23:07:59 Africa/Lagos] Autoload failed: Class 'Database' not found in models/ or controllers/
[19-Aug-2026 23:08:59 Africa/Lagos] Autoload failed: Class 'Database' not found in models/ or controllers/
[19-Aug-2026 23:09:58 Africa/Lagos] Autoload failed: Class 'Database' not found in models/ or controllers/
[19-Aug-2026 23:10:59 Africa/Lagos] Autoload failed: Class 'Database' not found in models/ or controllers/
[19-Aug-2026 23:11:59 Africa/Lagos] Autoload failed: Class 'Database' not found in models/ or controllers/
[19-Aug-2026 23:12:58 Africa/Lagos] Autoload failed: Class 'Database' not found in models/ or controllers/
[19-Aug-2026 23:13:58 Africa/Lagos] Autoload failed: Class 'Database' not found in models/ or controllers/
[19-Aug-2026 23:14:47 Africa/Lagos] Autoload failed: Class 'Database' not found in models/ or controllers/
[19-Aug-2026 23:14:53 Africa/Lagos] Autoload failed: Class 'Database' not found in models/ or controllers/
[19-Aug-2026 23:14:53 Africa/Lagos] Count User Exchanges Error: SQLSTATE[HY093]: Invalid parameter number
[19-Aug-2026 23:14:55 Africa/Lagos] Autoload failed: Class 'Database' not found in models/ or controllers/
[19-Aug-2026 23:15:00 Africa/Lagos] Autoload failed: Class 'Database' not found in models/ or controllers/
[19-Aug-2026 23:15:00 Africa/Lagos] Autoload failed: Class 'Database' not found in models/ or controllers/
[19-Aug-2026 23:18:33 Africa/Lagos] Autoload failed: Class 'Database' not found in models/ or controllers/
[20-Aug-2026 01:09:08 Africa/Lagos] Autoload failed: Class 'Database' not found in models/ or controllers/
[20-Aug-2026 01:11:23 Africa/Lagos] Autoload failed: Class 'Database' not found in models/ or controllers/
[20-Aug-2026 01:11:58 Africa/Lagos] Autoload failed: Class 'Database' not found in models/ or controllers/
[20-Aug-2026 01:11:58 Africa/Lagos] Autoload failed: Class 'Database' not found in models/ or controllers/
[20-Aug-2026 01:11:58 Africa/Lagos] Get Top Matches Error: SQLSTATE[HY093]: Invalid parameter number
[20-Aug-2026 01:11:59 Africa/Lagos] Autoload failed: Class 'Database' not found in models/ or controllers/
[20-Aug-2026 01:12:09 Africa/Lagos] Autoload failed: Class 'Database' not found in models/ or controllers/
[20-Aug-2026 01:12:19 Africa/Lagos] Autoload failed: Class 'Database' not found in models/ or controllers/
[20-Aug-2026 01:12:29 Africa/Lagos] Autoload failed: Class 'Database' not found in models/ or controllers/
[20-Aug-2026 01:12:39 Africa/Lagos] Autoload failed: Class 'Database' not found in models/ or controllers/
[20-Aug-2026 01:12:49 Africa/Lagos] Autoload failed: Class 'Database' not found in models/ or controllers/
[20-Aug-2026 01:12:51 Africa/Lagos] Autoload failed: Class 'Database' not found in models/ or controllers/
[20-Aug-2026 01:12:51 Africa/Lagos] Autoload failed: Class 'Database' not found in models/ or controllers/
[20-Aug-2026 01:12:55 Africa/Lagos] Autoload failed: Class 'Database' not found in models/ or controllers/
[20-Aug-2026 01:12:55 Africa/Lagos] Autoload failed: Class 'Database' not found in models/ or controllers/
[20-Aug-2026 01:13:01 Africa/Lagos] Autoload failed: Class 'Database' not found in models/ or controllers/
[20-Aug-2026 01:13:01 Africa/Lagos] Count User Exchanges Error: SQLSTATE[HY093]: Invalid parameter number
[20-Aug-2026 01:13:02 Africa/Lagos] Autoload failed: Class 'Database' not found in models/ or controllers/
[20-Aug-2026 01:13:09 Africa/Lagos] Autoload failed: Class 'Database' not found in models/ or controllers/
[20-Aug-2026 01:13:10 Africa/Lagos] Autoload failed: Class 'Database' not found in models/ or controllers/
[20-Aug-2026 01:13:11 Africa/Lagos] Autoload failed: Class 'Database' not found in models/ or controllers/
[20-Aug-2026 01:13:12 Africa/Lagos] Autoload failed: Class 'Database' not found in models/ or controllers/
[20-Aug-2026 01:13:22 Africa/Lagos] Autoload failed: Class 'Database' not found in models/ or controllers/
[20-Aug-2026 01:13:32 Africa/Lagos] Autoload failed: Class 'Database' not found in models/ or controllers/
[20-Aug-2026 01:13:42 Africa/Lagos] Autoload failed: Class 'Database' not found in models/ or controllers/
[20-Aug-2026 01:13:52 Africa/Lagos] Autoload failed: Class 'Database' not found in models/ or controllers/
[20-Aug-2026 01:14:02 Africa/Lagos] Autoload failed: Class 'Database' not found in models/ or controllers/
[20-Aug-2026 01:14:12 Africa/Lagos] Autoload failed: Class 'Database' not found in models/ or controllers/
[20-Aug-2026 01:14:55 Africa/Lagos] Autoload failed: Class 'Database' not found in models/ or controllers/
[20-Aug-2026 01:14:58 Africa/Lagos] Autoload failed: Class 'Database' not found in models/ or controllers/
[20-Aug-2026 01:14:58 Africa/Lagos] Autoload failed: Class 'Database' not found in models/ or controllers/
[20-Aug-2026 01:15:00 Africa/Lagos] Autoload failed: Class 'Database' not found in models/ or controllers/
[20-Aug-2026 01:15:00 Africa/Lagos] Autoload failed: Class 'Database' not found in models/ or controllers/
[20-Aug-2026 01:15:10 Africa/Lagos] Autoload failed: Class 'Database' not found in models/ or controllers/
[20-Aug-2026 01:15:20 Africa/Lagos] Autoload failed: Class 'Database' not found in models/ or controllers/
[20-Aug-2026 01:15:30 Africa/Lagos] Autoload failed: Class 'Database' not found in models/ or controllers/
[20-Aug-2026 01:15:40 Africa/Lagos] Autoload failed: Class 'Database' not found in models/ or controllers/
[20-Aug-2026 01:15:50 Africa/Lagos] Autoload failed: Class 'Database' not found in models/ or controllers/
[20-Aug-2026 01:16:00 Africa/Lagos] Autoload failed: Class 'Database' not found in models/ or controllers/
[20-Aug-2026 01:16:58 Africa/Lagos] Autoload failed: Class 'Database' not found in models/ or controllers/
[20-Aug-2026 01:17:45 Africa/Lagos] Autoload failed: Class 'Database' not found in models/ or controllers/
[20-Aug-2026 01:17:50 Africa/Lagos] Autoload failed: Class 'Database' not found in models/ or controllers/
[20-Aug-2026 01:17:55 Africa/Lagos] Autoload failed: Class 'Database' not found in models/ or controllers/
[20-Aug-2026 01:17:55 Africa/Lagos] Count User Exchanges Error: SQLSTATE[HY093]: Invalid parameter number
[20-Aug-2026 01:17:56 Africa/Lagos] Autoload failed: Class 'Database' not found in models/ or controllers/
[20-Aug-2026 01:18:06 Africa/Lagos] Autoload failed: Class 'Database' not found in models/ or controllers/
[20-Aug-2026 01:18:16 Africa/Lagos] Autoload failed: Class 'Database' not found in models/ or controllers/
[20-Aug-2026 01:18:26 Africa/Lagos] Autoload failed: Class 'Database' not found in models/ or controllers/
[20-Aug-2026 01:18:36 Africa/Lagos] Autoload failed: Class 'Database' not found in models/ or controllers/
[20-Aug-2026 01:18:46 Africa/Lagos] Autoload failed: Class 'Database' not found in models/ or controllers/
[20-Aug-2026 01:18:56 Africa/Lagos] Autoload failed: Class 'Database' not found in models/ or controllers/
[20-Aug-2026 01:19:04 Africa/Lagos] Autoload failed: Class 'Database' not found in models/ or controllers/
[20-Aug-2026 01:19:04 Africa/Lagos] Get Exchange History Error: SQLSTATE[HY093]: Invalid parameter number
[20-Aug-2026 01:19:05 Africa/Lagos] Autoload failed: Class 'Database' not found in models/ or controllers/
[20-Aug-2026 01:19:06 Africa/Lagos] Autoload failed: Class 'Database' not found in models/ or controllers/
[20-Aug-2026 01:19:07 Africa/Lagos] Autoload failed: Class 'Database' not found in models/ or controllers/
[20-Aug-2026 01:19:17 Africa/Lagos] Autoload failed: Class 'Database' not found in models/ or controllers/
[20-Aug-2026 01:19:27 Africa/Lagos] Autoload failed: Class 'Database' not found in models/ or controllers/
[20-Aug-2026 01:19:37 Africa/Lagos] Autoload failed: Class 'Database' not found in models/ or controllers/
[20-Aug-2026 01:19:47 Africa/Lagos] Autoload failed: Class 'Database' not found in models/ or controllers/
[20-Aug-2026 01:19:57 Africa/Lagos] Autoload failed: Class 'Database' not found in models/ or controllers/
[20-Aug-2026 01:20:07 Africa/Lagos] Autoload failed: Class 'Database' not found in models/ or controllers/
[20-Aug-2026 01:20:17 Africa/Lagos] Autoload failed: Class 'Database' not found in models/ or controllers/
[20-Aug-2026 01:20:27 Africa/Lagos] Autoload failed: Class 'Database' not found in models/ or controllers/
[20-Aug-2026 01:20:59 Africa/Lagos] Autoload failed: Class 'Database' not found in models/ or controllers/
[20-Aug-2026 01:21:16 Africa/Lagos] Autoload failed: Class 'Database' not found in models/ or controllers/
[20-Aug-2026 01:21:17 Africa/Lagos] Autoload failed: Class 'Database' not found in models/ or controllers/
[20-Aug-2026 01:21:22 Africa/Lagos] Autoload failed: Class 'Database' not found in models/ or controllers/
[20-Aug-2026 01:21:22 Africa/Lagos] Autoload failed: Class 'Database' not found in models/ or controllers/
[20-Aug-2026 01:21:25 Africa/Lagos] Autoload failed: Class 'Database' not found in models/ or controllers/
[20-Aug-2026 01:21:25 Africa/Lagos] Autoload failed: Class 'Database' not found in models/ or controllers/
[20-Aug-2026 01:21:28 Africa/Lagos] Autoload failed: Class 'Database' not found in models/ or controllers/
[20-Aug-2026 01:21:29 Africa/Lagos] Autoload failed: Class 'Database' not found in models/ or controllers/
[20-Aug-2026 01:21:32 Africa/Lagos] Autoload failed: Class 'Database' not found in models/ or controllers/
[20-Aug-2026 01:21:35 Africa/Lagos] Autoload failed: Class 'Database' not found in models/ or controllers/
[20-Aug-2026 01:21:38 Africa/Lagos] Autoload failed: Class 'Database' not found in models/ or controllers/
[20-Aug-2026 01:21:39 Africa/Lagos] Autoload failed: Class 'Database' not found in models/ or controllers/
[20-Aug-2026 01:21:41 Africa/Lagos] Autoload failed: Class 'Database' not found in models/ or controllers/
[20-Aug-2026 01:21:45 Africa/Lagos] Autoload failed: Class 'Database' not found in models/ or controllers/
[20-Aug-2026 01:21:49 Africa/Lagos] Autoload failed: Class 'Database' not found in models/ or controllers/
[20-Aug-2026 01:21:49 Africa/Lagos] Autoload failed: Class 'Database' not found in models/ or controllers/
[20-Aug-2026 01:21:53 Africa/Lagos] Autoload failed: Class 'Database' not found in models/ or controllers/
[20-Aug-2026 01:21:57 Africa/Lagos] Autoload failed: Class 'Database' not found in models/ or controllers/
[20-Aug-2026 01:21:59 Africa/Lagos] Autoload failed: Class 'Database' not found in models/ or controllers/
[20-Aug-2026 01:22:01 Africa/Lagos] Autoload failed: Class 'Database' not found in models/ or controllers/
[20-Aug-2026 01:22:05 Africa/Lagos] Autoload failed: Class 'Database' not found in models/ or controllers/
[20-Aug-2026 01:22:09 Africa/Lagos] Autoload failed: Class 'Database' not found in models/ or controllers/
[20-Aug-2026 01:22:09 Africa/Lagos] Autoload failed: Class 'Database' not found in models/ or controllers/
[20-Aug-2026 01:22:13 Africa/Lagos] Autoload failed: Class 'Database' not found in models/ or controllers/
[20-Aug-2026 01:22:17 Africa/Lagos] Autoload failed: Class 'Database' not found in models/ or controllers/
[20-Aug-2026 01:22:19 Africa/Lagos] Autoload failed: Class 'Database' not found in models/ or controllers/
[20-Aug-2026 01:22:21 Africa/Lagos] Autoload failed: Class 'Database' not found in models/ or controllers/
[20-Aug-2026 01:22:25 Africa/Lagos] Autoload failed: Class 'Database' not found in models/ or controllers/
[20-Aug-2026 01:22:29 Africa/Lagos] Autoload failed: Class 'Database' not found in models/ or controllers/
[20-Aug-2026 01:22:29 Africa/Lagos] Autoload failed: Class 'Database' not found in models/ or controllers/
[20-Aug-2026 01:22:33 Africa/Lagos] Autoload failed: Class 'Database' not found in models/ or controllers/
[20-Aug-2026 01:22:37 Africa/Lagos] Autoload failed: Class 'Database' not found in models/ or controllers/
[20-Aug-2026 01:22:39 Africa/Lagos] Autoload failed: Class 'Database' not found in models/ or controllers/
[20-Aug-2026 01:22:41 Africa/Lagos] Autoload failed: Class 'Database' not found in models/ or controllers/
[20-Aug-2026 01:22:45 Africa/Lagos] Autoload failed: Class 'Database' not found in models/ or controllers/
[20-Aug-2026 01:22:49 Africa/Lagos] Autoload failed: Class 'Database' not found in models/ or controllers/
[20-Aug-2026 01:22:53 Africa/Lagos] Autoload failed: Class 'Database' not found in models/ or controllers/
[20-Aug-2026 01:22:57 Africa/Lagos] Autoload failed: Class 'Database' not found in models/ or controllers/
[20-Aug-2026 01:22:59 Africa/Lagos] Autoload failed: Class 'Database' not found in models/ or controllers/
[20-Aug-2026 01:23:01 Africa/Lagos] Autoload failed: Class 'Database' not found in models/ or controllers/
[20-Aug-2026 01:23:05 Africa/Lagos] Autoload failed: Class 'Database' not found in models/ or controllers/
[20-Aug-2026 01:23:09 Africa/Lagos] Autoload failed: Class 'Database' not found in models/ or controllers/
[20-Aug-2026 01:23:13 Africa/Lagos] Autoload failed: Class 'Database' not found in models/ or controllers/
[20-Aug-2026 01:23:17 Africa/Lagos] Autoload failed: Class 'Database' not found in models/ or controllers/
[20-Aug-2026 01:23:21 Africa/Lagos] Autoload failed: Class 'Database' not found in models/ or controllers/
[20-Aug-2026 01:23:25 Africa/Lagos] Autoload failed: Class 'Database' not found in models/ or controllers/
[20-Aug-2026 01:23:29 Africa/Lagos] Autoload failed: Class 'Database' not found in models/ or controllers/
[20-Aug-2026 01:23:33 Africa/Lagos] Autoload failed: Class 'Database' not found in models/ or controllers/
[20-Aug-2026 01:23:37 Africa/Lagos] Autoload failed: Class 'Database' not found in models/ or controllers/
[20-Aug-2026 01:23:41 Africa/Lagos] Autoload failed: Class 'Database' not found in models/ or controllers/
[20-Aug-2026 01:23:45 Africa/Lagos] Autoload failed: Class 'Database' not found in models/ or controllers/
[20-Aug-2026 01:23:49 Africa/Lagos] Autoload failed: Class 'Database' not found in models/ or controllers/
[20-Aug-2026 01:23:53 Africa/Lagos] Autoload failed: Class 'Database' not found in models/ or controllers/
[20-Aug-2026 01:23:57 Africa/Lagos] Autoload failed: Class 'Database' not found in models/ or controllers/
[20-Aug-2026 01:23:59 Africa/Lagos] Autoload failed: Class 'Database' not found in models/ or controllers/
[20-Aug-2026 01:24:01 Africa/Lagos] Autoload failed: Class 'Database' not found in models/ or controllers/
[20-Aug-2026 01:24:05 Africa/Lagos] Autoload failed: Class 'Database' not found in models/ or controllers/
[20-Aug-2026 01:24:09 Africa/Lagos] Autoload failed: Class 'Database' not found in models/ or controllers/
[20-Aug-2026 01:24:13 Africa/Lagos] Autoload failed: Class 'Database' not found in models/ or controllers/
[20-Aug-2026 01:24:17 Africa/Lagos] Autoload failed: Class 'Database' not found in models/ or controllers/
[20-Aug-2026 01:24:21 Africa/Lagos] Autoload failed: Class 'Database' not found in models/ or controllers/
[20-Aug-2026 01:24:25 Africa/Lagos] Autoload failed: Class 'Database' not found in models/ or controllers/
[20-Aug-2026 01:24:29 Africa/Lagos] Autoload failed: Class 'Database' not found in models/ or controllers/
[20-Aug-2026 01:24:33 Africa/Lagos] Autoload failed: Class 'Database' not found in models/ or controllers/
[20-Aug-2026 01:24:37 Africa/Lagos] Autoload failed: Class 'Database' not found in models/ or controllers/
[20-Aug-2026 01:24:41 Africa/Lagos] Autoload failed: Class 'Database' not found in models/ or controllers/
[20-Aug-2026 01:24:45 Africa/Lagos] Autoload failed: Class 'Database' not found in models/ or controllers/
[20-Aug-2026 01:24:46 Africa/Lagos] Autoload failed: Class 'Database' not found in models/ or controllers/
[20-Aug-2026 01:24:48 Africa/Lagos] Autoload failed: Class 'Database' not found in models/ or controllers/
[20-Aug-2026 01:24:49 Africa/Lagos] Autoload failed: Class 'Database' not found in models/ or controllers/
[20-Aug-2026 01:24:51 Africa/Lagos] Autoload failed: Class 'Database' not found in models/ or controllers/
[20-Aug-2026 01:24:51 Africa/Lagos] Autoload failed: Class 'Database' not found in models/ or controllers/
[20-Aug-2026 01:25:01 Africa/Lagos] Autoload failed: Class 'Database' not found in models/ or controllers/
[20-Aug-2026 01:25:11 Africa/Lagos] Autoload failed: Class 'Database' not found in models/ or controllers/
[20-Aug-2026 01:25:21 Africa/Lagos] Autoload failed: Class 'Database' not found in models/ or controllers/
[20-Aug-2026 01:25:31 Africa/Lagos] Autoload failed: Class 'Database' not found in models/ or controllers/
[20-Aug-2026 01:25:41 Africa/Lagos] Autoload failed: Class 'Database' not found in models/ or controllers/
[20-Aug-2026 01:25:51 Africa/Lagos] Autoload failed: Class 'Database' not found in models/ or controllers/
[20-Aug-2026 01:26:59 Africa/Lagos] Autoload failed: Class 'Database' not found in models/ or controllers/
[20-Aug-2026 01:27:59 Africa/Lagos] Autoload failed: Class 'Database' not found in models/ or controllers/
[20-Aug-2026 01:28:03 Africa/Lagos] Autoload failed: Class 'Database' not found in models/ or controllers/
[20-Aug-2026 01:28:06 Africa/Lagos] Autoload failed: Class 'Database' not found in models/ or controllers/
[20-Aug-2026 01:28:07 Africa/Lagos] Autoload failed: Class 'Database' not found in models/ or controllers/
[20-Aug-2026 01:28:09 Africa/Lagos] Autoload failed: Class 'Database' not found in models/ or controllers/
[20-Aug-2026 01:28:09 Africa/Lagos] Autoload failed: Class 'Database' not found in models/ or controllers/
[20-Aug-2026 01:28:19 Africa/Lagos] Autoload failed: Class 'Database' not found in models/ or controllers/
[20-Aug-2026 01:28:29 Africa/Lagos] Autoload failed: Class 'Database' not found in models/ or controllers/
[20-Aug-2026 01:28:39 Africa/Lagos] Autoload failed: Class 'Database' not found in models/ or controllers/
[20-Aug-2026 01:28:49 Africa/Lagos] Autoload failed: Class 'Database' not found in models/ or controllers/
[20-Aug-2026 01:28:59 Africa/Lagos] Autoload failed: Class 'Database' not found in models/ or controllers/
[20-Aug-2026 01:29:09 Africa/Lagos] Autoload failed: Class 'Database' not found in models/ or controllers/
[20-Aug-2026 01:29:59 Africa/Lagos] Autoload failed: Class 'Database' not found in models/ or controllers/
[20-Aug-2026 01:30:59 Africa/Lagos] Autoload failed: Class 'Database' not found in models/ or controllers/
[20-Aug-2026 01:31:13 Africa/Lagos] Autoload failed: Class 'Database' not found in models/ or controllers/
[20-Aug-2026 01:31:16 Africa/Lagos] Autoload failed: Class 'Database' not found in models/ or controllers/
[20-Aug-2026 01:31:17 Africa/Lagos] Autoload failed: Class 'Database' not found in models/ or controllers/
[20-Aug-2026 01:31:22 Africa/Lagos] Autoload failed: Class 'Database' not found in models/ or controllers/
[20-Aug-2026 01:31:22 Africa/Lagos] Autoload failed: Class 'Database' not found in models/ or controllers/
[20-Aug-2026 01:31:26 Africa/Lagos] Autoload failed: Class 'Database' not found in models/ or controllers/
[20-Aug-2026 01:31:26 Africa/Lagos] Autoload failed: Class 'Database' not found in models/ or controllers/
[20-Aug-2026 01:31:36 Africa/Lagos] Autoload failed: Class 'Database' not found in models/ or controllers/
[20-Aug-2026 01:31:46 Africa/Lagos] Autoload failed: Class 'Database' not found in models/ or controllers/
[20-Aug-2026 01:31:56 Africa/Lagos] Autoload failed: Class 'Database' not found in models/ or controllers/
[20-Aug-2026 01:32:06 Africa/Lagos] Autoload failed: Class 'Database' not found in models/ or controllers/
[20-Aug-2026 01:32:16 Africa/Lagos] Autoload failed: Class 'Database' not found in models/ or controllers/
[20-Aug-2026 01:32:26 Africa/Lagos] Autoload failed: Class 'Database' not found in models/ or controllers/
[20-Aug-2026 01:32:36 Africa/Lagos] Autoload failed: Class 'Database' not found in models/ or controllers/
[20-Aug-2026 01:32:46 Africa/Lagos] Autoload failed: Class 'Database' not found in models/ or controllers/
[20-Aug-2026 01:32:56 Africa/Lagos] Autoload failed: Class 'Database' not found in models/ or controllers/
[20-Aug-2026 01:33:06 Africa/Lagos] Autoload failed: Class 'Database' not found in models/ or controllers/
[20-Aug-2026 01:33:16 Africa/Lagos] Autoload failed: Class 'Database' not found in models/ or controllers/
[20-Aug-2026 01:33:26 Africa/Lagos] Autoload failed: Class 'Database' not found in models/ or controllers/
[20-Aug-2026 01:33:36 Africa/Lagos] Autoload failed: Class 'Database' not found in models/ or controllers/
[20-Aug-2026 01:33:59 Africa/Lagos] Autoload failed: Class 'Database' not found in models/ or controllers/
[20-Aug-2026 01:34:59 Africa/Lagos] Autoload failed: Class 'Database' not found in models/ or controllers/
[20-Aug-2026 01:35:17 Africa/Lagos] Autoload failed: Class 'Database' not found in models/ or controllers/
[20-Aug-2026 01:35:26 Africa/Lagos] Autoload failed: Class 'Database' not found in models/ or controllers/
[20-Aug-2026 01:35:36 Africa/Lagos] Autoload failed: Class 'Database' not found in models/ or controllers/
[20-Aug-2026 01:35:46 Africa/Lagos] Autoload failed: Class 'Database' not found in models/ or controllers/
[20-Aug-2026 01:35:56 Africa/Lagos] Autoload failed: Class 'Database' not found in models/ or controllers/
[20-Aug-2026 01:36:06 Africa/Lagos] Autoload failed: Class 'Database' not found in models/ or controllers/
[20-Aug-2026 01:36:16 Africa/Lagos] Autoload failed: Class 'Database' not found in models/ or controllers/
[20-Aug-2026 01:36:58 Africa/Lagos] Autoload failed: Class 'Database' not found in models/ or controllers/
[20-Aug-2026 01:37:59 Africa/Lagos] Autoload failed: Class 'Database' not found in models/ or controllers/
[20-Aug-2026 01:38:58 Africa/Lagos] Autoload failed: Class 'Database' not found in models/ or controllers/
[20-Aug-2026 01:39:59 Africa/Lagos] Autoload failed: Class 'Database' not found in models/ or controllers/
[20-Aug-2026 01:40:59 Africa/Lagos] Autoload failed: Class 'Database' not found in models/ or controllers/
[20-Aug-2026 01:41:59 Africa/Lagos] Autoload failed: Class 'Database' not found in models/ or controllers/
[20-Aug-2026 01:42:59 Africa/Lagos] Autoload failed: Class 'Database' not found in models/ or controllers/
[20-Aug-2026 01:43:59 Africa/Lagos] Autoload failed: Class 'Database' not found in models/ or controllers/
[20-Aug-2026 01:44:59 Africa/Lagos] Autoload failed: Class 'Database' not found in models/ or controllers/
[20-Aug-2026 01:45:59 Africa/Lagos] Autoload failed: Class 'Database' not found in models/ or controllers/
[20-Aug-2026 01:46:58 Africa/Lagos] Autoload failed: Class 'Database' not found in models/ or controllers/
[20-Aug-2026 01:47:59 Africa/Lagos] Autoload failed: Class 'Database' not found in models/ or controllers/
[20-Aug-2026 01:48:58 Africa/Lagos] Autoload failed: Class 'Database' not found in models/ or controllers/
[20-Aug-2026 01:49:58 Africa/Lagos] Autoload failed: Class 'Database' not found in models/ or controllers/
[20-Aug-2026 01:50:59 Africa/Lagos] Autoload failed: Class 'Database' not found in models/ or controllers/
[20-Aug-2026 01:51:59 Africa/Lagos] Autoload failed: Class 'Database' not found in models/ or controllers/
[20-Aug-2026 01:52:59 Africa/Lagos] Autoload failed: Class 'Database' not found in models/ or controllers/
[20-Aug-2026 01:53:59 Africa/Lagos] Autoload failed: Class 'Database' not found in models/ or controllers/
[20-Aug-2026 01:54:59 Africa/Lagos] Autoload failed: Class 'Database' not found in models/ or controllers/
[20-Aug-2026 01:55:58 Africa/Lagos] Autoload failed: Class 'Database' not found in models/ or controllers/
[20-Aug-2026 01:56:59 Africa/Lagos] Autoload failed: Class 'Database' not found in models/ or controllers/
[20-Aug-2026 01:57:42 Africa/Lagos] Autoload failed: Class 'Database' not found in models/ or controllers/
[20-Aug-2026 01:57:46 Africa/Lagos] Autoload failed: Class 'Database' not found in models/ or controllers/
[20-Aug-2026 01:57:56 Africa/Lagos] Autoload failed: Class 'Database' not found in models/ or controllers/
[20-Aug-2026 01:58:06 Africa/Lagos] Autoload failed: Class 'Database' not found in models/ or controllers/
[20-Aug-2026 01:58:16 Africa/Lagos] Autoload failed: Class 'Database' not found in models/ or controllers/
[20-Aug-2026 01:58:26 Africa/Lagos] Autoload failed: Class 'Database' not found in models/ or controllers/
[20-Aug-2026 01:58:37 Africa/Lagos] Autoload failed: Class 'Database' not found in models/ or controllers/
[20-Aug-2026 01:58:59 Africa/Lagos] Autoload failed: Class 'Database' not found in models/ or controllers/
[20-Aug-2026 01:59:59 Africa/Lagos] Autoload failed: Class 'Database' not found in models/ or controllers/
[20-Aug-2026 02:00:58 Africa/Lagos] Autoload failed: Class 'Database' not found in models/ or controllers/
[20-Aug-2026 02:01:59 Africa/Lagos] Autoload failed: Class 'Database' not found in models/ or controllers/
[20-Aug-2026 02:02:59 Africa/Lagos] Autoload failed: Class 'Database' not found in models/ or controllers/
[20-Aug-2026 02:03:58 Africa/Lagos] Autoload failed: Class 'Database' not found in models/ or controllers/
[20-Aug-2026 02:04:59 Africa/Lagos] Autoload failed: Class 'Database' not found in models/ or controllers/
[20-Aug-2026 02:05:59 Africa/Lagos] Autoload failed: Class 'Database' not found in models/ or controllers/
[20-Aug-2026 02:06:59 Africa/Lagos] Autoload failed: Class 'Database' not found in models/ or controllers/
[20-Aug-2026 02:07:58 Africa/Lagos] Autoload failed: Class 'Database' not found in models/ or controllers/
[20-Aug-2026 02:08:59 Africa/Lagos] Autoload failed: Class 'Database' not found in models/ or controllers/
[20-Aug-2026 02:09:59 Africa/Lagos] Autoload failed: Class 'Database' not found in models/ or controllers/
[20-Aug-2026 02:10:58 Africa/Lagos] Autoload failed: Class 'Database' not found in models/ or controllers/
[20-Aug-2026 02:11:59 Africa/Lagos] Autoload failed: Class 'Database' not found in models/ or controllers/
[20-Aug-2026 02:12:58 Africa/Lagos] Autoload failed: Class 'Database' not found in models/ or controllers/
[20-Aug-2026 02:13:59 Africa/Lagos] Autoload failed: Class 'Database' not found in models/ or controllers/
[20-Aug-2026 02:14:59 Africa/Lagos] Autoload failed: Class 'Database' not found in models/ or controllers/
[20-Aug-2026 02:15:59 Africa/Lagos] Autoload failed: Class 'Database' not found in models/ or controllers/
[20-Aug-2026 02:16:58 Africa/Lagos] Autoload failed: Class 'Database' not found in models/ or controllers/
[20-Aug-2026 02:17:59 Africa/Lagos] Autoload failed: Class 'Database' not found in models/ or controllers/
[20-Aug-2026 02:18:58 Africa/Lagos] Autoload failed: Class 'Database' not found in models/ or controllers/
[20-Aug-2026 02:19:59 Africa/Lagos] Autoload failed: Class 'Database' not found in models/ or controllers/
[20-Aug-2026 02:20:59 Africa/Lagos] Autoload failed: Class 'Database' not found in models/ or controllers/
[20-Aug-2026 02:21:59 Africa/Lagos] Autoload failed: Class 'Database' not found in models/ or controllers/
[20-Aug-2026 02:22:58 Africa/Lagos] Autoload failed: Class 'Database' not found in models/ or controllers/
[20-Aug-2026 02:23:59 Africa/Lagos] Autoload failed: Class 'Database' not found in models/ or controllers/
[20-Aug-2026 02:24:59 Africa/Lagos] Autoload failed: Class 'Database' not found in models/ or controllers/
[20-Aug-2026 02:25:59 Africa/Lagos] Autoload failed: Class 'Database' not found in models/ or controllers/
[20-Aug-2026 02:26:59 Africa/Lagos] Autoload failed: Class 'Database' not found in models/ or controllers/
[20-Aug-2026 02:27:59 Africa/Lagos] Autoload failed: Class 'Database' not found in models/ or controllers/
[20-Aug-2026 02:28:59 Africa/Lagos] Autoload failed: Class 'Database' not found in models/ or controllers/
[20-Aug-2026 02:29:59 Africa/Lagos] Autoload failed: Class 'Database' not found in models/ or controllers/
[20-Aug-2026 02:30:59 Africa/Lagos] Autoload failed: Class 'Database' not found in models/ or controllers/
[20-Aug-2026 02:31:21 Africa/Lagos] Autoload failed: Class 'Database' not found in models/ or controllers/
[20-Aug-2026 02:31:26 Africa/Lagos] Autoload failed: Class 'Database' not found in models/ or controllers/
[20-Aug-2026 02:31:36 Africa/Lagos] Autoload failed: Class 'Database' not found in models/ or controllers/
[20-Aug-2026 02:31:46 Africa/Lagos] Autoload failed: Class 'Database' not found in models/ or controllers/
[20-Aug-2026 02:31:56 Africa/Lagos] Autoload failed: Class 'Database' not found in models/ or controllers/
[20-Aug-2026 02:32:06 Africa/Lagos] Autoload failed: Class 'Database' not found in models/ or controllers/
[20-Aug-2026 02:32:16 Africa/Lagos] Autoload failed: Class 'Database' not found in models/ or controllers/
[20-Aug-2026 02:32:59 Africa/Lagos] Autoload failed: Class 'Database' not found in models/ or controllers/
[20-Aug-2026 02:33:58 Africa/Lagos] Autoload failed: Class 'Database' not found in models/ or controllers/
[20-Aug-2026 02:34:58 Africa/Lagos] Autoload failed: Class 'Database' not found in models/ or controllers/
[20-Aug-2026 02:35:58 Africa/Lagos] Autoload failed: Class 'Database' not found in models/ or controllers/
[20-Aug-2026 02:36:58 Africa/Lagos] Autoload failed: Class 'Database' not found in models/ or controllers/
[20-Aug-2026 02:37:59 Africa/Lagos] Autoload failed: Class 'Database' not found in models/ or controllers/
[20-Aug-2026 02:38:58 Africa/Lagos] Autoload failed: Class 'Database' not found in models/ or controllers/
[20-Aug-2026 02:39:59 Africa/Lagos] Autoload failed: Class 'Database' not found in models/ or controllers/
[20-Aug-2026 02:40:59 Africa/Lagos] Autoload failed: Class 'Database' not found in models/ or controllers/
[20-Aug-2026 02:41:58 Africa/Lagos] Autoload failed: Class 'Database' not found in models/ or controllers/
[20-Aug-2026 02:42:58 Africa/Lagos] Autoload failed: Class 'Database' not found in models/ or controllers/
[20-Aug-2026 02:43:59 Africa/Lagos] Autoload failed: Class 'Database' not found in models/ or controllers/
[20-Aug-2026 02:44:59 Africa/Lagos] Autoload failed: Class 'Database' not found in models/ or controllers/
[20-Aug-2026 02:45:11 Africa/Lagos] Autoload failed: Class 'Database' not found in models/ or controllers/
[20-Aug-2026 02:45:16 Africa/Lagos] Autoload failed: Class 'Database' not found in models/ or controllers/
[20-Aug-2026 02:45:26 Africa/Lagos] Autoload failed: Class 'Database' not found in models/ or controllers/
[20-Aug-2026 02:45:36 Africa/Lagos] Autoload failed: Class 'Database' not found in models/ or controllers/
[20-Aug-2026 02:45:46 Africa/Lagos] Autoload failed: Class 'Database' not found in models/ or controllers/
[20-Aug-2026 02:45:56 Africa/Lagos] Autoload failed: Class 'Database' not found in models/ or controllers/
[20-Aug-2026 02:46:06 Africa/Lagos] Autoload failed: Class 'Database' not found in models/ or controllers/
[20-Aug-2026 02:46:59 Africa/Lagos] Autoload failed: Class 'Database' not found in models/ or controllers/
[20-Aug-2026 02:47:59 Africa/Lagos] Autoload failed: Class 'Database' not found in models/ or controllers/
[20-Aug-2026 02:48:59 Africa/Lagos] Autoload failed: Class 'Database' not found in models/ or controllers/
[20-Aug-2026 02:49:58 Africa/Lagos] Autoload failed: Class 'Database' not found in models/ or controllers/
[20-Aug-2026 02:50:59 Africa/Lagos] Autoload failed: Class 'Database' not found in models/ or controllers/
[20-Aug-2026 02:51:58 Africa/Lagos] Autoload failed: Class 'Database' not found in models/ or controllers/
[20-Aug-2026 02:52:59 Africa/Lagos] Autoload failed: Class 'Database' not found in models/ or controllers/
[20-Aug-2026 02:53:59 Africa/Lagos] Autoload failed: Class 'Database' not found in models/ or controllers/
[20-Aug-2026 02:55:01 Africa/Lagos] Autoload failed: Class 'Database' not found in models/ or controllers/
[20-Aug-2026 02:56:00 Africa/Lagos] Autoload failed: Class 'Database' not found in models/ or controllers/
[20-Aug-2026 02:58:39 Africa/Lagos] Autoload failed: Class 'Database' not found in models/ or controllers/
[20-Aug-2026 02:58:46 Africa/Lagos] Autoload failed: Class 'Database' not found in models/ or controllers/
[20-Aug-2026 02:58:56 Africa/Lagos] Autoload failed: Class 'Database' not found in models/ or controllers/
[20-Aug-2026 03:04:38 Africa/Lagos] Get Top Matches Error: SQLSTATE[HY093]: Invalid parameter number
[20-Aug-2026 03:09:14 Africa/Lagos] Count User Exchanges Error: SQLSTATE[HY093]: Invalid parameter number
[20-Aug-2026 03:35:29 Africa/Lagos] PHP Warning:  Undefined array key "my_response" in C:\laragon\www\skillswap\views\matches\view.php on line 198
[20-Aug-2026 03:38:01 Africa/Lagos] PHP Fatal error:  Uncaught Error: Call to undefined function getAvatarUrl() in C:\laragon\www\skillswap\views\reports\create.php:37
Stack trace:
#0 C:\laragon\www\skillswap\controllers\ReportController.php(104): require_once()
#1 C:\laragon\www\skillswap\index.php(201): ReportController->create('5')
#2 {main}
  thrown in C:\laragon\www\skillswap\views\reports\create.php on line 37
[20-Aug-2026 03:40:51 Africa/Lagos] PHP Fatal error:  Uncaught Error: Call to undefined function getAvatarUrl() in C:\laragon\www\skillswap\views\reports\create.php:37
Stack trace:
#0 C:\laragon\www\skillswap\controllers\ReportController.php(104): require_once()
#1 C:\laragon\www\skillswap\index.php(201): ReportController->create('5')
#2 {main}
  thrown in C:\laragon\www\skillswap\views\reports\create.php on line 37
[20-Aug-2026 03:40:54 Africa/Lagos] PHP Fatal error:  Uncaught Error: Call to undefined function getAvatarUrl() in C:\laragon\www\skillswap\views\reports\create.php:37
Stack trace:
#0 C:\laragon\www\skillswap\controllers\ReportController.php(104): require_once()
#1 C:\laragon\www\skillswap\index.php(201): ReportController->create('5')
#2 {main}
  thrown in C:\laragon\www\skillswap\views\reports\create.php on line 37
[21-Aug-2026 23:06:41 Africa/Lagos] PHP Fatal error:  Uncaught Error: Call to undefined function getAvatarUrl() in C:\laragon\www\skillswap\views\portfolio\view.php:16
Stack trace:
#0 C:\laragon\www\skillswap\controllers\PortfolioController.php(238): require_once()
#1 C:\laragon\www\skillswap\index.php(201): PortfolioController->view('3')
#2 {main}
  thrown in C:\laragon\www\skillswap\views\portfolio\view.php on line 16
[21-Aug-2026 23:22:26 Africa/Lagos] PHP Fatal error:  Uncaught TypeError: uploadUrl(): Argument #1 ($filename) must be of type string, null given, called in C:\laragon\www\skillswap\views\portfolio\view.php on line 38 and defined in C:\laragon\www\skillswap\helpers\functions.php:186
Stack trace:
#0 C:\laragon\www\skillswap\views\portfolio\view.php(38): uploadUrl(NULL)
#1 C:\laragon\www\skillswap\controllers\PortfolioController.php(251): require_once('C:\\laragon\\www\\...')
#2 C:\laragon\www\skillswap\index.php(201): PortfolioController->view('3')
#3 {main}
  thrown in C:\laragon\www\skillswap\helpers\functions.php on line 186
[21-Aug-2026 23:22:34 Africa/Lagos] PHP Fatal error:  Uncaught TypeError: uploadUrl(): Argument #1 ($filename) must be of type string, null given, called in C:\laragon\www\skillswap\views\portfolio\view.php on line 38 and defined in C:\laragon\www\skillswap\helpers\functions.php:186
Stack trace:
#0 C:\laragon\www\skillswap\views\portfolio\view.php(38): uploadUrl(NULL)
#1 C:\laragon\www\skillswap\controllers\PortfolioController.php(251): require_once('C:\\laragon\\www\\...')
#2 C:\laragon\www\skillswap\index.php(201): PortfolioController->view('3')
#3 {main}
  thrown in C:\laragon\www\skillswap\helpers\functions.php on line 186
[21-Aug-2026 23:22:38 Africa/Lagos] PHP Fatal error:  Uncaught TypeError: uploadUrl(): Argument #1 ($filename) must be of type string, null given, called in C:\laragon\www\skillswap\views\portfolio\view.php on line 38 and defined in C:\laragon\www\skillswap\helpers\functions.php:186
Stack trace:
#0 C:\laragon\www\skillswap\views\portfolio\view.php(38): uploadUrl(NULL)
#1 C:\laragon\www\skillswap\controllers\PortfolioController.php(251): require_once('C:\\laragon\\www\\...')
#2 C:\laragon\www\skillswap\index.php(201): PortfolioController->view('3')
#3 {main}
  thrown in C:\laragon\www\skillswap\helpers\functions.php on line 186
[21-Aug-2026 23:22:44 Africa/Lagos] PHP Fatal error:  Uncaught TypeError: uploadUrl(): Argument #1 ($filename) must be of type string, null given, called in C:\laragon\www\skillswap\views\portfolio\view.php on line 38 and defined in C:\laragon\www\skillswap\helpers\functions.php:186
Stack trace:
[21-Aug-2026 23:26:24 Africa/Lagos] PHP Warning:  Undefined variable $user in C:\laragon\www\skillswap\views\portfolio\view.php on line 59
[21-Aug-2026 23:26:24 Africa/Lagos] PHP Warning:  Trying to access array offset on null in C:\laragon\www\skillswap\views\portfolio\view.php on line 59
[21-Aug-2026 23:26:24 Africa/Lagos] PHP Deprecated:  urlencode(): Passing null to parameter #1 ($string) of type string is deprecated in C:\laragon\www\skillswap\helpers\functions.php on line 156
[21-Aug-2026 23:26:24 Africa/Lagos] PHP Warning:  Undefined variable $user in C:\laragon\www\skillswap\views\portfolio\view.php on line 66
[21-Aug-2026 23:26:24 Africa/Lagos] PHP Warning:  Trying to access array offset on null in C:\laragon\www\skillswap\views\portfolio\view.php on line 66
[21-Aug-2026 23:26:24 Africa/Lagos] PHP Deprecated:  urlencode(): Passing null to parameter #1 ($string) of type string is deprecated in C:\laragon\www\skillswap\helpers\functions.php on line 156
[21-Aug-2026 23:27:23 Africa/Lago#0 C:\laragon\www\skillswap\views\portfolio\view.php(38): uploadUrl(NULL)
#1 C:\laragon\www\skillswap\controllers\PortfolioController.php(251): require_once('C:\\laragon\\www\\...')
#2 C:\laragon\www\skillswap\index.php(201): PortfolioController->view('3')
#3 {main}
  thrown in C:\laragon\www\skillswap\helpers\functions.php on line 186
s] PHP Warning:  Undefined variable $user in C:\laragon\www\skillswap\views\portfolio\view.php on line 59
[21-Aug-2026 23:27:23 Africa/Lagos] PHP Warning:  Trying to access array offset on null in C:\laragon\www\skillswap\views\portfolio\view.php on line 59
[21-Aug-2026 23:27:23 Africa/Lagos] PHP Deprecated:  urlencode(): Passing null to parameter #1 ($string) of type string is deprecated in C:\laragon\www\skillswap\helpers\functions.php on line 156
[21-Aug-2026 23:27:23 Africa/Lagos] PHP Warning:  Undefined variable $user in C:\laragon\www\skillswap\views\portfolio\view.php on line 66
[21-Aug-2026 23:27:23 Africa/Lagos] PHP Warning:  Trying to access array offset on null in C:\laragon\www\skillswap\views\portfolio\view.php on line 66
[21-Aug-2026 23:27:23 Africa/Lagos] PHP Deprecated:  urlencode(): Passing null to parameter #1 ($string) of type string is deprecated in C:\laragon\www\skillswap\helpers\functions.php on line 156
[22-Aug-2026 01:26:29 Africa/Lagos] PHP Parse error:  syntax error, unexpected variable "$this", expecting "function" in C:\laragon\www\skillswap\config\database.php on line 67
[22-Aug-2026 01:26:30 Africa/Lagos] PHP Parse error:  syntax error, unexpected variable "$this", expecting "function" in C:\laragon\www\skillswap\config\database.php on line 67
[22-Aug-2026 01:26:33 Africa/Lagos] PHP Parse error:  syntax error, unexpected variable "$this", expecting "function" in C:\laragon\www\skillswap\config\database.php on line 67
[22-Aug-2026 01:26:37 Africa/Lagos] PHP Parse error:  syntax error, unexpected variable "$this", expecting "function" in C:\laragon\www\skillswap\config\database.php on line 67
[22-Aug-2026 01:26:41 Africa/Lagos] PHP Parse error:  syntax error, unexpected variable "$this", expecting "function" in C:\laragon\www\skillswap\config\database.php on line 67
[22-Aug-2026 01:26:44 Africa/Lagos] PHP Parse error:  syntax error, unexpected variable "$this", expecting "function" in C:\laragon\www\skillswap\config\database.php on line 67
[22-Aug-2026 01:26:48 Africa/Lagos] PHP Parse error:  syntax error, unexpected variable "$this", expecting "function" in C:\laragon\www\skillswap\config\database.php on line 67
[22-Aug-2026 01:26:52 Africa/Lagos] PHP Parse error:  syntax error, unexpected variable "$this", expecting "function" in C:\laragon\www\skillswap\config\database.php on line 67
[22-Aug-2026 01:26:56 Africa/Lagos] PHP Parse error:  syntax error, unexpected variable "$this", expecting "function" in C:\laragon\www\skillswap\config\database.php on line 67
[22-Aug-2026 01:27:36 Africa/Lagos] PHP Parse error:  syntax error, unexpected variable "$this", expecting "function" in C:\laragon\www\skillswap\config\database.php on line 67
[22-Aug-2026 01:27:40 Africa/Lagos] PHP Parse error:  syntax error, unexpected variable "$this", expecting "function" in C:\laragon\www\skillswap\config\database.php on line 67
[22-Aug-2026 01:27:44 Africa/Lagos] PHP Parse error:  syntax error, unexpected variable "$this", expecting "function" in C:\laragon\www\skillswap\config\database.php on line 67
[22-Aug-2026 01:27:48 Africa/Lagos] PHP Parse error:  syntax error, unexpected variable "$this", expecting "function" in C:\laragon\www\skillswap\config\database.php on line 67
[22-Aug-2026 01:27:52 Africa/Lagos] PHP Parse error:  syntax error, unexpected variable "$this", expecting "function" in C:\laragon\www\skillswap\config\database.php on line 67
[22-Aug-2026 00:54:25 UTC] PHP Notice:  date_default_timezone_set(): Timezone ID 'us/Los_Angeles' is invalid in C:\laragon\www\skillswap\bootstrap.php on line 38
[22-Aug-2026 00:54:29 UTC] PHP Notice:  date_default_timezone_set(): Timezone ID 'us/Los_Angeles' is invalid in C:\laragon\www\skillswap\bootstrap.php on line 38
[22-Aug-2026 00:54:29 UTC] PHP Notice:  date_default_timezone_set(): Timezone ID 'us/Los_Angeles' is invalid in C:\laragon\www\skillswap\bootstrap.php on line 38
[22-Aug-2026 00:54:33 UTC] PHP Notice:  date_default_timezone_set(): Timezone ID '/Los_Angeles' is invalid in C:\laragon\www\skillswap\bootstrap.php on line 38
[22-Aug-2026 00:54:37 UTC] PHP Notice:  date_default_timezone_set(): Timezone ID 'Ua/Los_Angeles' is invalid in C:\laragon\www\skillswap\bootstrap.php on line 38
[22-Aug-2026 00:54:41 UTC] PHP Notice:  date_default_timezone_set(): Timezone ID 'Usa/Los_Angeles' is invalid in C:\laragon\www\skillswap\bootstrap.php on line 38
[22-Aug-2026 00:54:45 UTC] PHP Notice:  date_default_timezone_set(): Timezone ID 'Usa/canada' is invalid in C:\laragon\www\skillswap\bootstrap.php on line 38
[22-Aug-2026 00:54:49 UTC] PHP Notice:  date_default_timezone_set(): Timezone ID 'Usa/canada' is invalid in C:\laragon\www\skillswap\bootstrap.php on line 38
[22-Aug-2026 00:54:53 UTC] PHP Notice:  date_default_timezone_set(): Timezone ID 'Usa/canada' is invalid in C:\laragon\www\skillswap\bootstrap.php on line 38
[22-Aug-2026 00:54:57 UTC] PHP Notice:  date_default_timezone_set(): Timezone ID 'Usa/canada' is invalid in C:\laragon\www\skillswap\bootstrap.php on line 38
[22-Aug-2026 00:55:01 UTC] PHP Notice:  date_default_timezone_set(): Timezone ID 'Usa/canada' is invalid in C:\laragon\www\skillswap\bootstrap.php on line 38
[22-Aug-2026 00:55:05 UTC] PHP Notice:  date_default_timezone_set(): Timezone ID 'Usa/canada' is invalid in C:\laragon\www\skillswap\bootstrap.php on line 38
[22-Aug-2026 00:55:09 UTC] PHP Notice:  date_default_timezone_set(): Timezone ID 'Usa/canada' is invalid in C:\laragon\www\skillswap\bootstrap.php on line 38
[22-Aug-2026 00:55:13 UTC] PHP Notice:  date_default_timezone_set(): Timezone ID 'Usa/canada' is invalid in C:\laragon\www\skillswap\bootstrap.php on line 38
[22-Aug-2026 00:55:17 UTC] PHP Notice:  date_default_timezone_set(): Timezone ID 'Usa/canada' is invalid in C:\laragon\www\skillswap\bootstrap.php on line 38
[22-Aug-2026 00:55:18 UTC] PHP Notice:  date_default_timezone_set(): Timezone ID 'Usa/canada' is invalid in C:\laragon\www\skillswap\bootstrap.php on line 38
[22-Aug-2026 00:55:19 UTC] PHP Notice:  date_default_timezone_set(): Timezone ID 'Usa/canada' is invalid in C:\laragon\www\skillswap\bootstrap.php on line 38
[22-Aug-2026 00:55:20 UTC] PHP Notice:  date_default_timezone_set(): Timezone ID 'Usa/canada' is invalid in C:\laragon\www\skillswap\bootstrap.php on line 38
[22-Aug-2026 00:55:20 UTC] PHP Notice:  date_default_timezone_set(): Timezone ID 'Usa/canada' is invalid in C:\laragon\www\skillswap\bootstrap.php on line 38
[22-Aug-2026 00:55:21 UTC] PHP Notice:  date_default_timezone_set(): Timezone ID 'Usa/canada' is invalid in C:\laragon\www\skillswap\bootstrap.php on line 38
[22-Aug-2026 00:55:24 UTC] PHP Notice:  date_default_timezone_set(): Timezone ID 'Usa/canada' is invalid in C:\laragon\www\skillswap\bootstrap.php on line 38
[22-Aug-2026 00:55:27 UTC] PHP Notice:  date_default_timezone_set(): Timezone ID 'Usa/canada' is invalid in C:\laragon\www\skillswap\bootstrap.php on line 38
[22-Aug-2026 00:55:30 UTC] PHP Notice:  date_default_timezone_set(): Timezone ID 'Usa/canada' is invalid in C:\laragon\www\skillswap\bootstrap.php on line 38
[22-Aug-2026 00:55:31 UTC] PHP Notice:  date_default_timezone_set(): Timezone ID 'Usa/canada' is invalid in C:\laragon\www\skillswap\bootstrap.php on line 38
[22-Aug-2026 00:55:33 UTC] PHP Notice:  date_default_timezone_set(): Timezone ID 'Usa/canada' is invalid in C:\laragon\www\skillswap\bootstrap.php on line 38
[22-Aug-2026 00:55:36 UTC] PHP Notice:  date_default_timezone_set(): Timezone ID 'Usa/canada' is invalid in C:\laragon\www\skillswap\bootstrap.php on line 38
[22-Aug-2026 00:55:42 UTC] PHP Notice:  date_default_timezone_set(): Timezone ID 'America/Lo' is invalid in C:\laragon\www\skillswap\bootstrap.php on line 38
[22-Aug-2026 00:55:45 UTC] PHP Notice:  date_default_timezone_set(): Timezone ID 'America/Lo' is invalid in C:\laragon\www\skillswap\bootstrap.php on line 38
[22-Aug-2026 00:55:48 UTC] PHP Notice:  date_default_timezone_set(): Timezone ID 'America/canada' is invalid in C:\laragon\www\skillswap\bootstrap.php on line 38
[22-Aug-2026 00:55:49 UTC] PHP Notice:  date_default_timezone_set(): Timezone ID 'America/canada' is invalid in C:\laragon\www\skillswap\bootstrap.php on line 38
[22-Aug-2026 00:55:49 UTC] PHP Notice:  date_default_timezone_set(): Timezone ID 'America/canada' is invalid in C:\laragon\www\skillswap\bootstrap.php on line 38
[22-Aug-2026 00:55:52 UTC] PHP Notice:  date_default_timezone_set(): Timezone ID 'America/canada' is invalid in C:\laragon\www\skillswap\bootstrap.php on line 38
[22-Aug-2026 00:55:55 UTC] PHP Notice:  date_default_timezone_set(): Timezone ID 'America/canada' is invalid in C:\laragon\www\skillswap\bootstrap.php on line 38
[22-Aug-2026 00:55:58 UTC] PHP Notice:  date_default_timezone_set(): Timezone ID 'America/canada' is invalid in C:\laragon\www\skillswap\bootstrap.php on line 38
[22-Aug-2026 00:55:59 UTC] PHP Notice:  date_default_timezone_set(): Timezone ID 'America/canada' is invalid in C:\laragon\www\skillswap\bootstrap.php on line 38
[22-Aug-2026 00:55:59 UTC] PHP Notice:  date_default_timezone_set(): Timezone ID 'America/canada' is invalid in C:\laragon\www\skillswap\bootstrap.php on line 38
[22-Aug-2026 00:56:00 UTC] PHP Notice:  date_default_timezone_set(): Timezone ID 'America/canada' is invalid in C:\laragon\www\skillswap\bootstrap.php on line 38
[22-Aug-2026 00:56:03 UTC] PHP Notice:  date_default_timezone_set(): Timezone ID 'America/canada' is invalid in C:\laragon\www\skillswap\bootstrap.php on line 38
[22-Aug-2026 00:56:06 UTC] PHP Notice:  date_default_timezone_set(): Timezone ID 'America/canada' is invalid in C:\laragon\www\skillswap\bootstrap.php on line 38
[22-Aug-2026 00:56:09 UTC] PHP Notice:  date_default_timezone_set(): Timezone ID 'America/canada' is invalid in C:\laragon\www\skillswap\bootstrap.php on line 38
[22-Aug-2026 00:56:10 UTC] PHP Notice:  date_default_timezone_set(): Timezone ID 'America/canada' is invalid in C:\laragon\www\skillswap\bootstrap.php on line 38
[22-Aug-2026 00:56:12 UTC] PHP Notice:  date_default_timezone_set(): Timezone ID 'America/canada' is invalid in C:\laragon\www\skillswap\bootstrap.php on line 38
[22-Aug-2026 00:56:15 UTC] PHP Notice:  date_default_timezone_set(): Timezone ID 'America/canada' is invalid in C:\laragon\www\skillswap\bootstrap.php on line 38
[22-Aug-2026 00:56:18 UTC] PHP Notice:  date_default_timezone_set(): Timezone ID 'America/canada' is invalid in C:\laragon\www\skillswap\bootstrap.php on line 38
[22-Aug-2026 00:56:20 UTC] PHP Notice:  date_default_timezone_set(): Timezone ID 'America/canada' is invalid in C:\laragon\www\skillswap\bootstrap.php on line 38
[22-Aug-2026 00:56:21 UTC] PHP Notice:  date_default_timezone_set(): Timezone ID 'America/canada' is invalid in C:\laragon\www\skillswap\bootstrap.php on line 38
[22-Aug-2026 00:56:25 UTC] PHP Notice:  date_default_timezone_set(): Timezone ID 'America/canada' is invalid in C:\laragon\www\skillswap\bootstrap.php on line 38
[22-Aug-2026 00:56:29 UTC] PHP Notice:  date_default_timezone_set(): Timezone ID 'America/canada' is invalid in C:\laragon\www\skillswap\bootstrap.php on line 38
[22-Aug-2026 00:56:31 UTC] PHP Notice:  date_default_timezone_set(): Timezone ID 'America/canada' is invalid in C:\laragon\www\skillswap\bootstrap.php on line 38
[22-Aug-2026 00:56:33 UTC] PHP Notice:  date_default_timezone_set(): Timezone ID 'America/canada' is invalid in C:\laragon\www\skillswap\bootstrap.php on line 38
[22-Aug-2026 00:56:37 UTC] PHP Notice:  date_default_timezone_set(): Timezone ID 'America/canada' is invalid in C:\laragon\www\skillswap\bootstrap.php on line 38
[22-Aug-2026 00:56:41 UTC] PHP Notice:  date_default_timezone_set(): Timezone ID 'America/canada' is invalid in C:\laragon\www\skillswap\bootstrap.php on line 38
[22-Aug-2026 00:56:41 UTC] PHP Notice:  date_default_timezone_set(): Timezone ID 'America/canada' is invalid in C:\laragon\www\skillswap\bootstrap.php on line 38
[22-Aug-2026 00:56:45 UTC] PHP Notice:  date_default_timezone_set(): Timezone ID 'America/canada' is invalid in C:\laragon\www\skillswap\bootstrap.php on line 38
[22-Aug-2026 00:56:49 UTC] PHP Notice:  date_default_timezone_set(): Timezone ID 'America/canada' is invalid in C:\laragon\www\skillswap\bootstrap.php on line 38
[22-Aug-2026 00:56:51 UTC] PHP Notice:  date_default_timezone_set(): Timezone ID 'America/canada' is invalid in C:\laragon\www\skillswap\bootstrap.php on line 38
[22-Aug-2026 00:56:53 UTC] PHP Notice:  date_default_timezone_set(): Timezone ID 'America/canada' is invalid in C:\laragon\www\skillswap\bootstrap.php on line 38
[22-Aug-2026 00:56:57 UTC] PHP Notice:  date_default_timezone_set(): Timezone ID 'America/canada' is invalid in C:\laragon\www\skillswap\bootstrap.php on line 38
[22-Aug-2026 00:57:01 UTC] PHP Notice:  date_default_timezone_set(): Timezone ID 'America/canada' is invalid in C:\laragon\www\skillswap\bootstrap.php on line 38
[22-Aug-2026 00:57:01 UTC] PHP Notice:  date_default_timezone_set(): Timezone ID 'America/canada' is invalid in C:\laragon\www\skillswap\bootstrap.php on line 38
[22-Aug-2026 00:57:05 UTC] PHP Notice:  date_default_timezone_set(): Timezone ID 'America/canada' is invalid in C:\laragon\www\skillswap\bootstrap.php on line 38
[22-Aug-2026 00:57:09 UTC] PHP Notice:  date_default_timezone_set(): Timezone ID 'America/canada' is invalid in C:\laragon\www\skillswap\bootstrap.php on line 38
[22-Aug-2026 00:57:11 UTC] PHP Notice:  date_default_timezone_set(): Timezone ID 'America/canada' is invalid in C:\laragon\www\skillswap\bootstrap.php on line 38
[22-Aug-2026 00:57:13 UTC] PHP Notice:  date_default_timezone_set(): Timezone ID 'America/canada' is invalid in C:\laragon\www\skillswap\bootstrap.php on line 38
[22-Aug-2026 00:57:17 UTC] PHP Notice:  date_default_timezone_set(): Timezone ID 'America/canada' is invalid in C:\laragon\www\skillswap\bootstrap.php on line 38
[22-Aug-2026 00:57:21 UTC] PHP Notice:  date_default_timezone_set(): Timezone ID 'America/canada' is invalid in C:\laragon\www\skillswap\bootstrap.php on line 38
[22-Aug-2026 00:57:21 UTC] PHP Notice:  date_default_timezone_set(): Timezone ID 'America/canada' is invalid in C:\laragon\www\skillswap\bootstrap.php on line 38
[22-Aug-2026 00:57:25 UTC] PHP Notice:  date_default_timezone_set(): Timezone ID 'America/canada' is invalid in C:\laragon\www\skillswap\bootstrap.php on line 38
[22-Aug-2026 00:57:29 UTC] PHP Notice:  date_default_timezone_set(): Timezone ID 'America/canada' is invalid in C:\laragon\www\skillswap\bootstrap.php on line 38
[22-Aug-2026 00:57:33 UTC] PHP Notice:  date_default_timezone_set(): Timezone ID 'America/canada' is invalid in C:\laragon\www\skillswap\bootstrap.php on line 38
[22-Aug-2026 00:57:37 UTC] PHP Notice:  date_default_timezone_set(): Timezone ID 'America/canada' is invalid in C:\laragon\www\skillswap\bootstrap.php on line 38
[22-Aug-2026 00:57:41 UTC] PHP Notice:  date_default_timezone_set(): Timezone ID 'America/canada' is invalid in C:\laragon\www\skillswap\bootstrap.php on line 38
[22-Aug-2026 00:57:45 UTC] PHP Notice:  date_default_timezone_set(): Timezone ID 'America/canada' is invalid in C:\laragon\www\skillswap\bootstrap.php on line 38
[22-Aug-2026 00:57:49 UTC] PHP Notice:  date_default_timezone_set(): Timezone ID 'America/canada' is invalid in C:\laragon\www\skillswap\bootstrap.php on line 38
[22-Aug-2026 00:57:53 UTC] PHP Notice:  date_default_timezone_set(): Timezone ID 'America/canada' is invalid in C:\laragon\www\skillswap\bootstrap.php on line 38
[22-Aug-2026 01:09:16 UTC] PHP Notice:  date_default_timezone_set(): Timezone ID 'America/canada' is invalid in C:\laragon\www\skillswap\bootstrap.php on line 38
[22-Aug-2026 01:09:19 UTC] PHP Notice:  date_default_timezone_set(): Timezone ID 'America/canada' is invalid in C:\laragon\www\skillswap\bootstrap.php on line 38
[22-Aug-2026 01:09:20 UTC] PHP Notice:  date_default_timezone_set(): Timezone ID 'America/canada' is invalid in C:\laragon\www\skillswap\bootstrap.php on line 38
[22-Aug-2026 01:09:24 UTC] PHP Notice:  date_default_timezone_set(): Timezone ID 'America/canada' is invalid in C:\laragon\www\skillswap\bootstrap.php on line 38
[22-Aug-2026 01:09:28 UTC] PHP Notice:  date_default_timezone_set(): Timezone ID 'America/canada' is invalid in C:\laragon\www\skillswap\bootstrap.php on line 38
[21-Aug-2026 19:38:19 America/Los_Angeles] PHP Warning:  Undefined variable $msg in C:\laragon\www\skillswap\controllers\MessageController.php on line 273
[21-Aug-2026 19:38:19 America/Los_Angeles] PHP Warning:  Trying to access array offset on null in C:\laragon\www\skillswap\controllers\MessageController.php on line 273
[21-Aug-2026 19:38:19 America/Los_Angeles] PHP Warning:  Undefined variable $msg in C:\laragon\www\skillswap\controllers\MessageController.php on line 274
[21-Aug-2026 19:38:19 America/Los_Angeles] PHP Warning:  Trying to access array offset on null in C:\laragon\www\skillswap\controllers\MessageController.php on line 274
[21-Aug-2026 19:38:19 America/Los_Angeles] PHP Warning:  Undefined variable $msg in C:\laragon\www\skillswap\controllers\MessageController.php on line 275
[21-Aug-2026 19:38:19 America/Los_Angeles] PHP Warning:  Trying to access array offset on null in C:\laragon\www\skillswap\controllers\MessageController.php on line 275
[21-Aug-2026 19:38:19 America/Los_Angeles] PHP Fatal error:  Uncaught TypeError: e(): Argument #1 ($text) must be of type string, null given, called in C:\laragon\www\skillswap\controllers\MessageController.php on line 275 and defined in C:\laragon\www\skillswap\helpers\functions.php:859
Stack trace:
#0 C:\laragon\www\skillswap\controllers\MessageController.php(275): e(NULL)
#1 C:\laragon\www\skillswap\index.php(201): MessageController->poll('3', '20')
#2 {main}
  thrown in C:\laragon\www\skillswap\helpers\functions.php on line 859
[21-Aug-2026 19:38:23 America/Los_Angeles] PHP Warning:  Undefined variable $msg in C:\laragon\www\skillswap\controllers\MessageController.php on line 273
[21-Aug-2026 19:38:23 America/Los_Angeles] PHP Warning:  Trying to access array offset on null in C:\laragon\www\skillswap\controllers\MessageController.php on line 273
[21-Aug-2026 19:38:23 America/Los_Angeles] PHP Warning:  Undefined variable $msg in C:\laragon\www\skillswap\controllers\MessageController.php on line 274
[21-Aug-2026 19:38:23 America/Los_Angeles] PHP Warning:  Trying to access array offset on null in C:\laragon\www\skillswap\controllers\MessageController.php on line 274
[21-Aug-2026 19:38:23 America/Los_Angeles] PHP Warning:  Undefined variable $msg in C:\laragon\www\skillswap\controllers\MessageController.php on line 275
[21-Aug-2026 19:38:23 America/Los_Angeles] PHP Warning:  Trying to access array offset on null in C:\laragon\www\skillswap\controllers\MessageController.php on line 275
[21-Aug-2026 19:38:23 America/Los_Angeles] PHP Fatal error:  Uncaught TypeError: e(): Argument #1 ($text) must be of type string, null given, called in C:\laragon\www\skillswap\controllers\MessageController.php on line 275 and defined in C:\laragon\www\skillswap\helpers\functions.php:859
Stack trace:
#0 C:\laragon\www\skillswap\controllers\MessageController.php(275): e(NULL)
#1 C:\laragon\www\skillswap\index.php(201): MessageController->poll('3', '20')
#2 {main}
  thrown in C:\laragon\www\skillswap\helpers\functions.php on line 859
[21-Aug-2026 19:38:27 America/Los_Angeles] PHP Warning:  Undefined variable $msg in C:\laragon\www\skillswap\controllers\MessageController.php on line 273
[21-Aug-2026 19:38:27 America/Los_Angeles] PHP Warning:  Trying to access array offset on null in C:\laragon\www\skillswap\controllers\MessageController.php on line 273
[21-Aug-2026 19:38:27 America/Los_Angeles] PHP Warning:  Undefined variable $msg in C:\laragon\www\skillswap\controllers\MessageController.php on line 274
[21-Aug-2026 19:38:27 America/Los_Angeles] PHP Warning:  Trying to access array offset on null in C:\laragon\www\skillswap\controllers\MessageController.php on line 274
[21-Aug-2026 19:38:27 America/Los_Angeles] PHP Warning:  Undefined variable $msg in C:\laragon\www\skillswap\controllers\MessageController.php on line 275
[21-Aug-2026 19:38:27 America/Los_Angeles] PHP Warning:  Trying to access array offset on null in C:\laragon\www\skillswap\controllers\MessageController.php on line 275
[21-Aug-2026 19:38:27 America/Los_Angeles] PHP Fatal error:  Uncaught TypeError: e(): Argument #1 ($text) must be of type string, null given, called in C:\laragon\www\skillswap\controllers\MessageController.php on line 275 and defined in C:\laragon\www\skillswap\helpers\functions.php:859
Stack trace:
#0 C:\laragon\www\skillswap\controllers\MessageController.php(275): e(NULL)
#1 C:\laragon\www\skillswap\index.php(201): MessageController->poll('3', '20')
#2 {main}
  thrown in C:\laragon\www\skillswap\helpers\functions.php on line 859
[21-Aug-2026 19:38:31 America/Los_Angeles] PHP Warning:  Undefined variable $msg in C:\laragon\www\skillswap\controllers\MessageController.php on line 273
[21-Aug-2026 19:38:31 America/Los_Angeles] PHP Warning:  Trying to access array offset on null in C:\laragon\www\skillswap\controllers\MessageController.php on line 273
[21-Aug-2026 19:38:31 America/Los_Angeles] PHP Warning:  Undefined variable $msg in C:\laragon\www\skillswap\controllers\MessageController.php on line 274
[21-Aug-2026 19:38:31 America/Los_Angeles] PHP Warning:  Trying to access array offset on null in C:\laragon\www\skillswap\controllers\MessageController.php on line 274
[21-Aug-2026 19:38:31 America/Los_Angeles] PHP Warning:  Undefined variable $msg in C:\laragon\www\skillswap\controllers\MessageController.php on line 275
[21-Aug-2026 19:38:31 America/Los_Angeles] PHP Warning:  Trying to access array offset on null in C:\laragon\www\skillswap\controllers\MessageController.php on line 275
[21-Aug-2026 19:38:31 America/Los_Angeles] PHP Fatal error:  Uncaught TypeError: e(): Argument #1 ($text) must be of type string, null given, called in C:\laragon\www\skillswap\controllers\MessageController.php on line 275 and defined in C:\laragon\www\skillswap\helpers\functions.php:859
Stack trace:
#0 C:\laragon\www\skillswap\controllers\MessageController.php(275): e(NULL)
#1 C:\laragon\www\skillswap\index.php(201): MessageController->poll('3', '20')
#2 {main}
  thrown in C:\laragon\www\skillswap\helpers\functions.php on line 859
[22-Aug-2026 13:22:46 America/Los_Angeles] PHP Parse error:  syntax error, unexpected token "*", expecting "function" in C:\laragon\www\skillswap\models\Message.php on line 291
[22-Aug-2026 13:22:50 America/Los_Angeles] PHP Parse error:  syntax error, unexpected token "*", expecting "function" in C:\laragon\www\skillswap\models\Message.php on line 291
[22-Aug-2026 13:22:54 America/Los_Angeles] PHP Parse error:  syntax error, unexpected token "*", expecting "function" in C:\laragon\www\skillswap\models\Message.php on line 291
[22-Aug-2026 16:10:09 America/Los_Angeles] PHP Parse error:  Unclosed '[' on line 275 does not match ')' in C:\laragon\www\skillswap\controllers\MessageController.php on line 279
[22-Aug-2026 16:22:21 America/Los_Angeles] PHP Parse error:  syntax error, unexpected token ")", expecting variable in C:\laragon\www\skillswap\helpers\functions.php on line 294
[22-Aug-2026 16:56:48 America/Los_Angeles] PHP Fatal error:  Uncaught Error: Call to undefined function getAvatarUrl() in C:\laragon\www\skillswap\views\reports\create.php:37
Stack trace:
#0 C:\laragon\www\skillswap\controllers\ReportController.php(104): require_once()
#1 C:\laragon\www\skillswap\index.php(201): ReportController->create('3')
#2 {main}
  thrown in C:\laragon\www\skillswap\views\reports\create.php on line 37
[22-Aug-2026 17:10:04 America/Los_Angeles] PHP Fatal error:  Uncaught TypeError: uploadUrl(): Argument #1 ($filename) must be of type string, null given, called in C:\laragon\www\skillswap\views\reports\create.php on line 78 and defined in C:\laragon\www\skillswap\helpers\functions.php:196
Stack trace:
#0 C:\laragon\www\skillswap\views\reports\create.php(78): uploadUrl(NULL)
#1 C:\laragon\www\skillswap\controllers\ReportController.php(104): require_once('C:\\laragon\\www\\...')
#2 C:\laragon\www\skillswap\index.php(201): ReportController->create('3')
#3 {main}
  thrown in C:\laragon\www\skillswap\helpers\functions.php on line 196
[22-Aug-2026 17:11:28 America/Los_Angeles] PHP Fatal error:  Uncaught TypeError: uploadUrl(): Argument #1 ($filename) must be of type string, null given, called in C:\laragon\www\skillswap\views\reports\create.php on line 78 and defined in C:\laragon\www\skillswap\helpers\functions.php:196
Stack trace:
#0 C:\laragon\www\skillswap\views\reports\create.php(78): uploadUrl(NULL)
#1 C:\laragon\www\skillswap\controllers\ReportController.php(104): require_once('C:\\laragon\\www\\...')
#2 C:\laragon\www\skillswap\index.php(201): ReportController->create('5')
#3 {main}
  thrown in C:\laragon\www\skillswap\helpers\functions.php on line 196
[22-Aug-2026 17:33:53 America/Los_Angeles] PHP Fatal error:  Uncaught Error: Call to undefined function getAvatarUrl() in C:\laragon\www\skillswap\views\admin\users.php:47
Stack trace:
#0 C:\laragon\www\skillswap\controllers\AdminController.php(115): require_once()
#1 C:\laragon\www\skillswap\index.php(201): AdminController->users()
#2 {main}
  thrown in C:\laragon\www\skillswap\views\admin\users.php on line 47
[22-Aug-2026 17:47:55 America/Los_Angeles] PHP Fatal error:  Uncaught Error: Call to undefined function isActive() in C:\laragon\www\skillswap\views\layouts\admin-navbar.php:121
Stack trace:
#0 C:\laragon\www\skillswap\views\layouts\header.php(545): require_once()
#1 C:\laragon\www\skillswap\views\dashboard.php(20): require_once('C:\\laragon\\www\\...')
#2 C:\laragon\www\skillswap\controllers\DashboardController.php(123): require_once('C:\\laragon\\www\\...')
#3 C:\laragon\www\skillswap\index.php(201): DashboardController->index()
#4 {main}
  thrown in C:\laragon\www\skillswap\views\layouts\admin-navbar.php on line 121
[22-Aug-2026 17:48:04 America/Los_Angeles] PHP Fatal error:  Uncaught Error: Call to undefined function isActive() in C:\laragon\www\skillswap\views\layouts\admin-navbar.php:121
Stack trace:
#0 C:\laragon\www\skillswap\views\layouts\header.php(545): require_once()
#1 C:\laragon\www\skillswap\views\dashboard.php(20): require_once('C:\\laragon\\www\\...')
#2 C:\laragon\www\skillswap\controllers\DashboardController.php(123): require_once('C:\\laragon\\www\\...')
#3 C:\laragon\www\skillswap\index.php(201): DashboardController->index()
#4 {main}
  thrown in C:\laragon\www\skillswap\views\layouts\admin-navbar.php on line 121
[22-Aug-2026 17:48:05 America/Los_Angeles] PHP Fatal error:  Uncaught Error: Call to undefined function isActive() in C:\laragon\www\skillswap\views\layouts\admin-navbar.php:121
Stack trace:
#0 C:\laragon\www\skillswap\views\layouts\header.php(545): require_once()
#1 C:\laragon\www\skillswap\views\dashboard.php(20): require_once('C:\\laragon\\www\\...')
#2 C:\laragon\www\skillswap\controllers\DashboardController.php(123): require_once('C:\\laragon\\www\\...')
#3 C:\laragon\www\skillswap\index.php(201): DashboardController->index()
#4 {main}
  thrown in C:\laragon\www\skillswap\views\layouts\admin-navbar.php on line 121
[22-Aug-2026 17:49:02 America/Los_Angeles] PHP Fatal error:  Uncaught Error: Call to undefined function isActive() in C:\laragon\www\skillswap\views\layouts\admin-navbar.php:121
Stack trace:
#0 C:\laragon\www\skillswap\views\layouts\header.php(545): require_once()
#1 C:\laragon\www\skillswap\views\dashboard.php(20): require_once('C:\\laragon\\www\\...')
#2 C:\laragon\www\skillswap\controllers\DashboardController.php(123): require_once('C:\\laragon\\www\\...')
#3 C:\laragon\www\skillswap\index.php(201): DashboardController->index()
#4 {main}
  thrown in C:\laragon\www\skillswap\views\layouts\admin-navbar.php on line 121
[22-Aug-2026 17:49:04 America/Los_Angeles] PHP Fatal error:  Uncaught Error: Call to undefined function isActive() in C:\laragon\www\skillswap\views\layouts\admin-navbar.php:121
Stack trace:
#0 C:\laragon\www\skillswap\views\layouts\header.php(545): require_once()
#1 C:\laragon\www\skillswap\views\dashboard.php(20): require_once('C:\\laragon\\www\\...')
#2 C:\laragon\www\skillswap\controllers\DashboardController.php(123): require_once('C:\\laragon\\www\\...')
#3 C:\laragon\www\skillswap\index.php(201): DashboardController->index()
#4 {main}
  thrown in C:\laragon\www\skillswap\views\layouts\admin-navbar.php on line 121
[22-Aug-2026 17:49:05 America/Los_Angeles] PHP Fatal error:  Uncaught Error: Call to undefined function isActive() in C:\laragon\www\skillswap\views\layouts\admin-navbar.php:121
Stack trace:
#0 C:\laragon\www\skillswap\views\layouts\header.php(545): require_once()
#1 C:\laragon\www\skillswap\views\dashboard.php(20): require_once('C:\\laragon\\www\\...')
#2 C:\laragon\www\skillswap\controllers\DashboardController.php(123): require_once('C:\\laragon\\www\\...')
#3 C:\laragon\www\skillswap\index.php(201): DashboardController->index()
#4 {main}
  thrown in C:\laragon\www\skillswap\views\layouts\admin-navbar.php on line 121
[22-Aug-2026 17:49:06 America/Los_Angeles] PHP Fatal error:  Uncaught Error: Call to undefined function isActive() in C:\laragon\www\skillswap\views\layouts\admin-navbar.php:121
Stack trace:
#0 C:\laragon\www\skillswap\views\layouts\header.php(545): require_once()
#1 C:\laragon\www\skillswap\views\dashboard.php(20): require_once('C:\\laragon\\www\\...')
#2 C:\laragon\www\skillswap\controllers\DashboardController.php(123): require_once('C:\\laragon\\www\\...')
#3 C:\laragon\www\skillswap\index.php(201): DashboardController->index()
#4 {main}
  thrown in C:\laragon\www\skillswap\views\layouts\admin-navbar.php on line 121
[22-Aug-2026 17:49:06 America/Los_Angeles] PHP Fatal error:  Uncaught Error: Call to undefined function isActive() in C:\laragon\www\skillswap\views\layouts\admin-navbar.php:121
Stack trace:
#0 C:\laragon\www\skillswap\views\layouts\header.php(545): require_once()
#1 C:\laragon\www\skillswap\views\dashboard.php(20): require_once('C:\\laragon\\www\\...')
#2 C:\laragon\www\skillswap\controllers\DashboardController.php(123): require_once('C:\\laragon\\www\\...')
#3 C:\laragon\www\skillswap\index.php(201): DashboardController->index()
#4 {main}
  thrown in C:\laragon\www\skillswap\views\layouts\admin-navbar.php on line 121
[22-Aug-2026 17:49:50 America/Los_Angeles] PHP Fatal error:  Uncaught Error: Call to undefined function isActive() in C:\laragon\www\skillswap\views\layouts\admin-navbar.php:121
Stack trace:
#0 C:\laragon\www\skillswap\views\layouts\header.php(545): require_once()
#1 C:\laragon\www\skillswap\views\dashboard.php(20): require_once('C:\\laragon\\www\\...')
#2 C:\laragon\www\skillswap\controllers\DashboardController.php(123): require_once('C:\\laragon\\www\\...')
#3 C:\laragon\www\skillswap\index.php(201): DashboardController->index()
#4 {main}
  thrown in C:\laragon\www\skillswap\views\layouts\admin-navbar.php on line 121
[22-Aug-2026 17:49:54 America/Los_Angeles] PHP Fatal error:  Uncaught Error: Call to undefined function isActive() in C:\laragon\www\skillswap\views\layouts\admin-navbar.php:121
Stack trace:
#0 C:\laragon\www\skillswap\views\layouts\header.php(545): require_once()
#1 C:\laragon\www\skillswap\views\dashboard.php(20): require_once('C:\\laragon\\www\\...')
#2 C:\laragon\www\skillswap\controllers\DashboardController.php(123): require_once('C:\\laragon\\www\\...')
#3 C:\laragon\www\skillswap\index.php(201): DashboardController->index()
#4 {main}
  thrown in C:\laragon\www\skillswap\views\layouts\admin-navbar.php on line 121
[22-Aug-2026 17:53:51 America/Los_Angeles] PHP Fatal error:  Uncaught Error: Call to undefined function getAvatarUrl() in C:\laragon\www\skillswap\views\admin\users.php:47
Stack trace:
#0 C:\laragon\www\skillswap\controllers\AdminController.php(115): require_once()
#1 C:\laragon\www\skillswap\index.php(201): AdminController->users()
#2 {main}
  thrown in C:\laragon\www\skillswap\views\admin\users.php on line 47
[22-Aug-2026 17:53:53 America/Los_Angeles] PHP Fatal error:  Uncaught Error: Call to undefined function generateCsrfToken() in C:\laragon\www\skillswap\views\admin\skills.php:53
Stack trace:
#0 C:\laragon\www\skillswap\controllers\AdminController.php(300): require_once()
#1 C:\laragon\www\skillswap\index.php(201): AdminController->skills()
#2 {main}
  thrown in C:\laragon\www\skillswap\views\admin\skills.php on line 53
[22-Aug-2026 17:53:54 America/Los_Angeles] PHP Fatal error:  Uncaught Error: Call to undefined function generateCsrfToken() in C:\laragon\www\skillswap\views\admin\categories.php:35
Stack trace:
#0 C:\laragon\www\skillswap\controllers\AdminController.php(437): require_once()
#1 C:\laragon\www\skillswap\index.php(201): AdminController->categories()
#2 {main}
  thrown in C:\laragon\www\skillswap\views\admin\categories.php on line 35
[22-Aug-2026 17:53:54 America/Los_Angeles] Routing Error: Action 'exchanges' not found in controller 'AdminController'.
[22-Aug-2026 17:55:57 America/Los_Angeles] PHP Fatal error:  Uncaught Error: Call to undefined function generateCsrfToken() in C:\laragon\www\skillswap\views\admin\categories.php:35
Stack trace:
#0 C:\laragon\www\skillswap\controllers\AdminController.php(437): require_once()
#1 C:\laragon\www\skillswap\index.php(201): AdminController->categories()
#2 {main}
  thrown in C:\laragon\www\skillswap\views\admin\categories.php on line 35
[22-Aug-2026 17:56:11 America/Los_Angeles] PHP Fatal error:  Uncaught Error: Call to undefined function generateCsrfToken() in C:\laragon\www\skillswap\views\admin\categories.php:35
Stack trace:
#0 C:\laragon\www\skillswap\controllers\AdminController.php(437): require_once()
#1 C:\laragon\www\skillswap\index.php(201): AdminController->categories()
#2 {main}
  thrown in C:\laragon\www\skillswap\views\admin\categories.php on line 35
